r_image,y_image,b_image,g_image,output_folder,output_prefix,cell_id,image_id
,/Users/ashi/github/cm4ai_codefest2025/analysis/cell_crops/yellow/B2AI_1_Paclitaxel_A1_R2_z01_yellow_cell1.png,,,/Users/ashi/github/cm4ai_codefest2025/analysis/cell_crops,B2AI_1_Paclitaxel_A1_R2_z01_yellow_,1,B2AI_1_Paclitaxel_A1_R2_z01_yellow
,/Users/ashi/github/cm4ai_codefest2025/analysis/cell_crops/yellow/B2AI_1_Paclitaxel_A1_R2_z01_yellow_cell2.png,,,/Users/ashi/github/cm4ai_codefest2025/analysis/cell_crops,B2AI_1_Paclitaxel_A1_R2_z01_yellow_,2,B2AI_1_Paclitaxel_A1_R2_z01_yellow
,/Users/ashi/github/cm4ai_codefest2025/analysis/cell_crops/yellow/B2AI_1_Paclitaxel_A1_R2_z01_yellow_cell3.png,,,/Users/ashi/github/cm4ai_codefest2025/analysis/cell_crops,B2AI_1_Paclitaxel_A1_R2_z01_yellow_,3,B2AI_1_Paclitaxel_A1_R2_z01_yellow
,/Users/ashi/github/cm4ai_codefest2025/analysis/cell_crops/yellow/B2AI_1_Paclitaxel_A1_R2_z01_yellow_cell4.png,,,/Users/ashi/github/cm4ai_codefest2025/analysis/cell_crops,B2AI_1_Paclitaxel_A1_R2_z01_yellow_,4,B2AI_1_Paclitaxel_A1_R2_z01_yellow
,/Users/ashi/github/cm4ai_codefest2025/analysis/cell_crops/yellow/B2AI_1_Paclitaxel_A1_R2_z01_yellow_cell5.png,,,/Users/ashi/github/cm4ai_codefest2025/analysis/cell_crops,B2AI_1_Paclitaxel_A1_R2_z01_yellow_,5,B2AI_1_Paclitaxel_A1_R2_z01_yellow
,/Users/ashi/github/cm4ai_codefest2025/analysis/cell_crops/yellow/B2AI_1_Paclitaxel_A1_R2_z01_yellow_cell6.png,,,/Users/ashi/github/cm4ai_codefest2025/analysis/cell_crops,B2AI_1_Paclitaxel_A1_R2_z01_yellow_,6,B2AI_1_Paclitaxel_A1_R2_z01_yellow
,/Users/ashi/github/cm4ai_codefest2025/analysis/cell_crops/yellow/B2AI_1_Paclitaxel_A1_R2_z01_yellow_cell7.png,,,/Users/ashi/github/cm4ai_codefest2025/analysis/cell_crops,B2AI_1_Paclitaxel_A1_R2_z01_yellow_,7,B2AI_1_Paclitaxel_A1_R2_z01_yellow
,/Users/ashi/github/cm4ai_codefest2025/analysis/cell_crops/yellow/B2AI_1_Paclitaxel_A1_R2_z01_yellow_cell8.png,,,/Users/ashi/github/cm4ai_codefest2025/analysis/cell_crops,B2AI_1_Paclitaxel_A1_R2_z01_yellow_,8,B2AI_1_Paclitaxel_A1_R2_z01_yellow
,/Users/ashi/github/cm4ai_codefest2025/analysis/cell_crops/yellow/B2AI_1_Paclitaxel_A1_R2_z01_yellow_cell9.png,,,/Users/ashi/github/cm4ai_codefest2025/analysis/cell_crops,B2AI_1_Paclitaxel_A1_R2_z01_yellow_,9,B2AI_1_Paclitaxel_A1_R2_z01_yellow
,/Users/ashi/github/cm4ai_codefest2025/analysis/cell_crops/yellow/B2AI_1_Paclitaxel_A1_R2_z01_yellow_cell10.png,,,/Users/ashi/github/cm4ai_codefest2025/analysis/cell_crops,B2AI_1_Paclitaxel_A1_R2_z01_yellow_,10,B2AI_1_Paclitaxel_A1_R2_z01_yellow
,/Users/ashi/github/cm4ai_codefest2025/analysis/cell_crops/yellow/B2AI_1_Paclitaxel_A1_R2_z01_yellow_cell11.png,,,/Users/ashi/github/cm4ai_codefest2025/analysis/cell_crops,B2AI_1_Paclitaxel_A1_R2_z01_yellow_,11,B2AI_1_Paclitaxel_A1_R2_z01_yellow
,/Users/ashi/github/cm4ai_codefest2025/analysis/cell_crops/yellow/B2AI_1_Paclitaxel_A1_R2_z01_yellow_cell12.png,,,/Users/ashi/github/cm4ai_codefest2025/analysis/cell_crops,B2AI_1_Paclitaxel_A1_R2_z01_yellow_,12,B2AI_1_Paclitaxel_A1_R2_z01_yellow
,/Users/ashi/github/cm4ai_codefest2025/analysis/cell_crops/yellow/B2AI_1_Paclitaxel_A1_R2_z01_yellow_cell13.png,,,/Users/ashi/github/cm4ai_codefest2025/analysis/cell_crops,B2AI_1_Paclitaxel_A1_R2_z01_yellow_,13,B2AI_1_Paclitaxel_A1_R2_z01_yellow
,/Users/ashi/github/cm4ai_codefest2025/analysis/cell_crops/yellow/B2AI_1_Paclitaxel_A1_R2_z01_yellow_cell14.png,,,/Users/ashi/github/cm4ai_codefest2025/analysis/cell_crops,B2AI_1_Paclitaxel_A1_R2_z01_yellow_,14,B2AI_1_Paclitaxel_A1_R2_z01_yellow
,/Users/ashi/github/cm4ai_codefest2025/analysis/cell_crops/yellow/B2AI_1_Paclitaxel_A1_R2_z01_yellow_cell15.png,,,/Users/ashi/github/cm4ai_codefest2025/analysis/cell_crops,B2AI_1_Paclitaxel_A1_R2_z01_yellow_,15,B2AI_1_Paclitaxel_A1_R2_z01_yellow
,/Users/ashi/github/cm4ai_codefest2025/analysis/cell_crops/yellow/B2AI_1_Paclitaxel_A1_R2_z01_yellow_cell16.png,,,/Users/ashi/github/cm4ai_codefest2025/analysis/cell_crops,B2AI_1_Paclitaxel_A1_R2_z01_yellow_,16,B2AI_1_Paclitaxel_A1_R2_z01_yellow
,/Users/ashi/github/cm4ai_codefest2025/analysis/cell_crops/yellow/B2AI_1_Paclitaxel_A1_R2_z01_yellow_cell17.png,,,/Users/ashi/github/cm4ai_codefest2025/analysis/cell_crops,B2AI_1_Paclitaxel_A1_R2_z01_yellow_,17,B2AI_1_Paclitaxel_A1_R2_z01_yellow
,/Users/ashi/github/cm4ai_codefest2025/analysis/cell_crops/yellow/B2AI_1_Paclitaxel_A1_R2_z01_yellow_cell18.png,,,/Users/ashi/github/cm4ai_codefest2025/analysis/cell_crops,B2AI_1_Paclitaxel_A1_R2_z01_yellow_,18,B2AI_1_Paclitaxel_A1_R2_z01_yellow
,/Users/ashi/github/cm4ai_codefest2025/analysis/cell_crops/yellow/B2AI_1_Paclitaxel_A1_R2_z01_yellow_cell19.png,,,/Users/ashi/github/cm4ai_codefest2025/analysis/cell_crops,B2AI_1_Paclitaxel_A1_R2_z01_yellow_,19,B2AI_1_Paclitaxel_A1_R2_z01_yellow
,/Users/ashi/github/cm4ai_codefest2025/analysis/cell_crops/yellow/B2AI_1_Paclitaxel_A1_R2_z01_yellow_cell20.png,,,/Users/ashi/github/cm4ai_codefest2025/analysis/cell_crops,B2AI_1_Paclitaxel_A1_R2_z01_yellow_,20,B2AI_1_Paclitaxel_A1_R2_z01_yellow
,/Users/ashi/github/cm4ai_codefest2025/analysis/cell_crops/yellow/B2AI_1_Paclitaxel_A1_R2_z01_yellow_cell21.png,,,/Users/ashi/github/cm4ai_codefest2025/analysis/cell_crops,B2AI_1_Paclitaxel_A1_R2_z01_yellow_,21,B2AI_1_Paclitaxel_A1_R2_z01_yellow
,/Users/ashi/github/cm4ai_codefest2025/analysis/cell_crops/yellow/B2AI_1_Paclitaxel_A1_R2_z01_yellow_cell22.png,,,/Users/ashi/github/cm4ai_codefest2025/analysis/cell_crops,B2AI_1_Paclitaxel_A1_R2_z01_yellow_,22,B2AI_1_Paclitaxel_A1_R2_z01_yellow
,/Users/ashi/github/cm4ai_codefest2025/analysis/cell_crops/yellow/B2AI_1_Paclitaxel_A1_R2_z01_yellow_cell23.png,,,/Users/ashi/github/cm4ai_codefest2025/analysis/cell_crops,B2AI_1_Paclitaxel_A1_R2_z01_yellow_,23,B2AI_1_Paclitaxel_A1_R2_z01_yellow
,/Users/ashi/github/cm4ai_codefest2025/analysis/cell_crops/yellow/B2AI_1_Paclitaxel_A1_R2_z01_yellow_cell24.png,,,/Users/ashi/github/cm4ai_codefest2025/analysis/cell_crops,B2AI_1_Paclitaxel_A1_R2_z01_yellow_,24,B2AI_1_Paclitaxel_A1_R2_z01_yellow
,/Users/ashi/github/cm4ai_codefest2025/analysis/cell_crops/yellow/B2AI_1_Paclitaxel_A1_R2_z01_yellow_cell25.png,,,/Users/ashi/github/cm4ai_codefest2025/analysis/cell_crops,B2AI_1_Paclitaxel_A1_R2_z01_yellow_,25,B2AI_1_Paclitaxel_A1_R2_z01_yellow
,/Users/ashi/github/cm4ai_codefest2025/analysis/cell_crops/yellow/B2AI_1_Paclitaxel_A1_R2_z01_yellow_cell26.png,,,/Users/ashi/github/cm4ai_codefest2025/analysis/cell_crops,B2AI_1_Paclitaxel_A1_R2_z01_yellow_,26,B2AI_1_Paclitaxel_A1_R2_z01_yellow
,/Users/ashi/github/cm4ai_codefest2025/analysis/cell_crops/yellow/B2AI_1_Paclitaxel_A1_R2_z01_yellow_cell27.png,,,/Users/ashi/github/cm4ai_codefest2025/analysis/cell_crops,B2AI_1_Paclitaxel_A1_R2_z01_yellow_,27,B2AI_1_Paclitaxel_A1_R2_z01_yellow
,/Users/ashi/github/cm4ai_codefest2025/analysis/cell_crops/yellow/B2AI_1_Paclitaxel_A1_R2_z01_yellow_cell28.png,,,/Users/ashi/github/cm4ai_codefest2025/analysis/cell_crops,B2AI_1_Paclitaxel_A1_R2_z01_yellow_,28,B2AI_1_Paclitaxel_A1_R2_z01_yellow
,/Users/ashi/github/cm4ai_codefest2025/analysis/cell_crops/yellow/B2AI_1_Paclitaxel_A1_R2_z01_yellow_cell29.png,,,/Users/ashi/github/cm4ai_codefest2025/analysis/cell_crops,B2AI_1_Paclitaxel_A1_R2_z01_yellow_,29,B2AI_1_Paclitaxel_A1_R2_z01_yellow
,/Users/ashi/github/cm4ai_codefest2025/analysis/cell_crops/yellow/B2AI_1_Paclitaxel_A1_R5_z01_yellow_cell1.png,,,/Users/ashi/github/cm4ai_codefest2025/analysis/cell_crops,B2AI_1_Paclitaxel_A1_R5_z01_yellow_,1,B2AI_1_Paclitaxel_A1_R5_z01_yellow
,/Users/ashi/github/cm4ai_codefest2025/analysis/cell_crops/yellow/B2AI_1_Paclitaxel_A1_R5_z01_yellow_cell2.png,,,/Users/ashi/github/cm4ai_codefest2025/analysis/cell_crops,B2AI_1_Paclitaxel_A1_R5_z01_yellow_,2,B2AI_1_Paclitaxel_A1_R5_z01_yellow
,/Users/ashi/github/cm4ai_codefest2025/analysis/cell_crops/yellow/B2AI_1_Paclitaxel_A1_R5_z01_yellow_cell3.png,,,/Users/ashi/github/cm4ai_codefest2025/analysis/cell_crops,B2AI_1_Paclitaxel_A1_R5_z01_yellow_,3,B2AI_1_Paclitaxel_A1_R5_z01_yellow
,/Users/ashi/github/cm4ai_codefest2025/analysis/cell_crops/yellow/B2AI_1_Paclitaxel_A1_R5_z01_yellow_cell4.png,,,/Users/ashi/github/cm4ai_codefest2025/analysis/cell_crops,B2AI_1_Paclitaxel_A1_R5_z01_yellow_,4,B2AI_1_Paclitaxel_A1_R5_z01_yellow
,/Users/ashi/github/cm4ai_codefest2025/analysis/cell_crops/yellow/B2AI_1_Paclitaxel_A1_R5_z01_yellow_cell5.png,,,/Users/ashi/github/cm4ai_codefest2025/analysis/cell_crops,B2AI_1_Paclitaxel_A1_R5_z01_yellow_,5,B2AI_1_Paclitaxel_A1_R5_z01_yellow
,/Users/ashi/github/cm4ai_codefest2025/analysis/cell_crops/yellow/B2AI_1_Paclitaxel_A1_R5_z01_yellow_cell6.png,,,/Users/ashi/github/cm4ai_codefest2025/analysis/cell_crops,B2AI_1_Paclitaxel_A1_R5_z01_yellow_,6,B2AI_1_Paclitaxel_A1_R5_z01_yellow
,/Users/ashi/github/cm4ai_codefest2025/analysis/cell_crops/yellow/B2AI_1_Paclitaxel_A1_R5_z01_yellow_cell7.png,,,/Users/ashi/github/cm4ai_codefest2025/analysis/cell_crops,B2AI_1_Paclitaxel_A1_R5_z01_yellow_,7,B2AI_1_Paclitaxel_A1_R5_z01_yellow
,/Users/ashi/github/cm4ai_codefest2025/analysis/cell_crops/yellow/B2AI_1_Paclitaxel_A1_R5_z01_yellow_cell8.png,,,/Users/ashi/github/cm4ai_codefest2025/analysis/cell_crops,B2AI_1_Paclitaxel_A1_R5_z01_yellow_,8,B2AI_1_Paclitaxel_A1_R5_z01_yellow
,/Users/ashi/github/cm4ai_codefest2025/analysis/cell_crops/yellow/B2AI_1_Paclitaxel_A1_R5_z01_yellow_cell9.png,,,/Users/ashi/github/cm4ai_codefest2025/analysis/cell_crops,B2AI_1_Paclitaxel_A1_R5_z01_yellow_,9,B2AI_1_Paclitaxel_A1_R5_z01_yellow
,/Users/ashi/github/cm4ai_codefest2025/analysis/cell_crops/yellow/B2AI_1_Paclitaxel_A1_R5_z01_yellow_cell10.png,,,/Users/ashi/github/cm4ai_codefest2025/analysis/cell_crops,B2AI_1_Paclitaxel_A1_R5_z01_yellow_,10,B2AI_1_Paclitaxel_A1_R5_z01_yellow
,/Users/ashi/github/cm4ai_codefest2025/analysis/cell_crops/yellow/B2AI_1_Paclitaxel_A1_R5_z01_yellow_cell11.png,,,/Users/ashi/github/cm4ai_codefest2025/analysis/cell_crops,B2AI_1_Paclitaxel_A1_R5_z01_yellow_,11,B2AI_1_Paclitaxel_A1_R5_z01_yellow
,/Users/ashi/github/cm4ai_codefest2025/analysis/cell_crops/yellow/B2AI_1_Paclitaxel_A1_R5_z01_yellow_cell12.png,,,/Users/ashi/github/cm4ai_codefest2025/analysis/cell_crops,B2AI_1_Paclitaxel_A1_R5_z01_yellow_,12,B2AI_1_Paclitaxel_A1_R5_z01_yellow
,/Users/ashi/github/cm4ai_codefest2025/analysis/cell_crops/yellow/B2AI_1_Paclitaxel_A1_R5_z01_yellow_cell13.png,,,/Users/ashi/github/cm4ai_codefest2025/analysis/cell_crops,B2AI_1_Paclitaxel_A1_R5_z01_yellow_,13,B2AI_1_Paclitaxel_A1_R5_z01_yellow
,/Users/ashi/github/cm4ai_codefest2025/analysis/cell_crops/yellow/B2AI_1_Paclitaxel_A1_R5_z01_yellow_cell14.png,,,/Users/ashi/github/cm4ai_codefest2025/analysis/cell_crops,B2AI_1_Paclitaxel_A1_R5_z01_yellow_,14,B2AI_1_Paclitaxel_A1_R5_z01_yellow
,/Users/ashi/github/cm4ai_codefest2025/analysis/cell_crops/yellow/B2AI_1_Paclitaxel_A1_R5_z01_yellow_cell15.png,,,/Users/ashi/github/cm4ai_codefest2025/analysis/cell_crops,B2AI_1_Paclitaxel_A1_R5_z01_yellow_,15,B2AI_1_Paclitaxel_A1_R5_z01_yellow
,/Users/ashi/github/cm4ai_codefest2025/analysis/cell_crops/yellow/B2AI_1_Paclitaxel_A1_R5_z01_yellow_cell16.png,,,/Users/ashi/github/cm4ai_codefest2025/analysis/cell_crops,B2AI_1_Paclitaxel_A1_R5_z01_yellow_,16,B2AI_1_Paclitaxel_A1_R5_z01_yellow
,/Users/ashi/github/cm4ai_codefest2025/analysis/cell_crops/yellow/B2AI_1_Paclitaxel_A1_R5_z01_yellow_cell17.png,,,/Users/ashi/github/cm4ai_codefest2025/analysis/cell_crops,B2AI_1_Paclitaxel_A1_R5_z01_yellow_,17,B2AI_1_Paclitaxel_A1_R5_z01_yellow
,/Users/ashi/github/cm4ai_codefest2025/analysis/cell_crops/yellow/B2AI_1_Paclitaxel_A1_R5_z01_yellow_cell18.png,,,/Users/ashi/github/cm4ai_codefest2025/analysis/cell_crops,B2AI_1_Paclitaxel_A1_R5_z01_yellow_,18,B2AI_1_Paclitaxel_A1_R5_z01_yellow
,/Users/ashi/github/cm4ai_codefest2025/analysis/cell_crops/yellow/B2AI_1_Paclitaxel_A1_R5_z01_yellow_cell19.png,,,/Users/ashi/github/cm4ai_codefest2025/analysis/cell_crops,B2AI_1_Paclitaxel_A1_R5_z01_yellow_,19,B2AI_1_Paclitaxel_A1_R5_z01_yellow
,/Users/ashi/github/cm4ai_codefest2025/analysis/cell_crops/yellow/B2AI_1_Paclitaxel_A1_R5_z01_yellow_cell20.png,,,/Users/ashi/github/cm4ai_codefest2025/analysis/cell_crops,B2AI_1_Paclitaxel_A1_R5_z01_yellow_,20,B2AI_1_Paclitaxel_A1_R5_z01_yellow
,/Users/ashi/github/cm4ai_codefest2025/analysis/cell_crops/yellow/B2AI_1_Paclitaxel_A1_R5_z01_yellow_cell21.png,,,/Users/ashi/github/cm4ai_codefest2025/analysis/cell_crops,B2AI_1_Paclitaxel_A1_R5_z01_yellow_,21,B2AI_1_Paclitaxel_A1_R5_z01_yellow
,/Users/ashi/github/cm4ai_codefest2025/analysis/cell_crops/yellow/B2AI_1_Paclitaxel_A1_R5_z01_yellow_cell22.png,,,/Users/ashi/github/cm4ai_codefest2025/analysis/cell_crops,B2AI_1_Paclitaxel_A1_R5_z01_yellow_,22,B2AI_1_Paclitaxel_A1_R5_z01_yellow
,/Users/ashi/github/cm4ai_codefest2025/analysis/cell_crops/yellow/B2AI_1_Paclitaxel_A1_R5_z01_yellow_cell23.png,,,/Users/ashi/github/cm4ai_codefest2025/analysis/cell_crops,B2AI_1_Paclitaxel_A1_R5_z01_yellow_,23,B2AI_1_Paclitaxel_A1_R5_z01_yellow
,/Users/ashi/github/cm4ai_codefest2025/analysis/cell_crops/yellow/B2AI_1_Paclitaxel_A1_R5_z01_yellow_cell24.png,,,/Users/ashi/github/cm4ai_codefest2025/analysis/cell_crops,B2AI_1_Paclitaxel_A1_R5_z01_yellow_,24,B2AI_1_Paclitaxel_A1_R5_z01_yellow
,/Users/ashi/github/cm4ai_codefest2025/analysis/cell_crops/yellow/B2AI_1_Paclitaxel_A1_R5_z01_yellow_cell25.png,,,/Users/ashi/github/cm4ai_codefest2025/analysis/cell_crops,B2AI_1_Paclitaxel_A1_R5_z01_yellow_,25,B2AI_1_Paclitaxel_A1_R5_z01_yellow
,/Users/ashi/github/cm4ai_codefest2025/analysis/cell_crops/yellow/B2AI_1_Paclitaxel_A1_R5_z01_yellow_cell26.png,,,/Users/ashi/github/cm4ai_codefest2025/analysis/cell_crops,B2AI_1_Paclitaxel_A1_R5_z01_yellow_,26,B2AI_1_Paclitaxel_A1_R5_z01_yellow
,/Users/ashi/github/cm4ai_codefest2025/analysis/cell_crops/yellow/B2AI_1_Paclitaxel_A1_R5_z01_yellow_cell27.png,,,/Users/ashi/github/cm4ai_codefest2025/analysis/cell_crops,B2AI_1_Paclitaxel_A1_R5_z01_yellow_,27,B2AI_1_Paclitaxel_A1_R5_z01_yellow
,/Users/ashi/github/cm4ai_codefest2025/analysis/cell_crops/yellow/B2AI_1_Paclitaxel_A1_R5_z01_yellow_cell28.png,,,/Users/ashi/github/cm4ai_codefest2025/analysis/cell_crops,B2AI_1_Paclitaxel_A1_R5_z01_yellow_,28,B2AI_1_Paclitaxel_A1_R5_z01_yellow
,/Users/ashi/github/cm4ai_codefest2025/analysis/cell_crops/yellow/B2AI_1_Paclitaxel_A1_R5_z01_yellow_cell29.png,,,/Users/ashi/github/cm4ai_codefest2025/analysis/cell_crops,B2AI_1_Paclitaxel_A1_R5_z01_yellow_,29,B2AI_1_Paclitaxel_A1_R5_z01_yellow
,/Users/ashi/github/cm4ai_codefest2025/analysis/cell_crops/yellow/B2AI_1_Paclitaxel_A1_R5_z01_yellow_cell30.png,,,/Users/ashi/github/cm4ai_codefest2025/analysis/cell_crops,B2AI_1_Paclitaxel_A1_R5_z01_yellow_,30,B2AI_1_Paclitaxel_A1_R5_z01_yellow
,/Users/ashi/github/cm4ai_codefest2025/analysis/cell_crops/yellow/B2AI_1_Paclitaxel_A1_R5_z01_yellow_cell31.png,,,/Users/ashi/github/cm4ai_codefest2025/analysis/cell_crops,B2AI_1_Paclitaxel_A1_R5_z01_yellow_,31,B2AI_1_Paclitaxel_A1_R5_z01_yellow
,/Users/ashi/github/cm4ai_codefest2025/analysis/cell_crops/yellow/B2AI_1_Paclitaxel_A1_R5_z01_yellow_cell32.png,,,/Users/ashi/github/cm4ai_codefest2025/analysis/cell_crops,B2AI_1_Paclitaxel_A1_R5_z01_yellow_,32,B2AI_1_Paclitaxel_A1_R5_z01_yellow
,/Users/ashi/github/cm4ai_codefest2025/analysis/cell_crops/yellow/B2AI_1_Paclitaxel_A1_R5_z01_yellow_cell33.png,,,/Users/ashi/github/cm4ai_codefest2025/analysis/cell_crops,B2AI_1_Paclitaxel_A1_R5_z01_yellow_,33,B2AI_1_Paclitaxel_A1_R5_z01_yellow
,/Users/ashi/github/cm4ai_codefest2025/analysis/cell_crops/yellow/B2AI_1_Paclitaxel_A1_R5_z01_yellow_cell34.png,,,/Users/ashi/github/cm4ai_codefest2025/analysis/cell_crops,B2AI_1_Paclitaxel_A1_R5_z01_yellow_,34,B2AI_1_Paclitaxel_A1_R5_z01_yellow
,/Users/ashi/github/cm4ai_codefest2025/analysis/cell_crops/yellow/B2AI_1_Paclitaxel_A1_R5_z01_yellow_cell35.png,,,/Users/ashi/github/cm4ai_codefest2025/analysis/cell_crops,B2AI_1_Paclitaxel_A1_R5_z01_yellow_,35,B2AI_1_Paclitaxel_A1_R5_z01_yellow
,/Users/ashi/github/cm4ai_codefest2025/analysis/cell_crops/yellow/B2AI_1_Paclitaxel_A1_R5_z01_yellow_cell36.png,,,/Users/ashi/github/cm4ai_codefest2025/analysis/cell_crops,B2AI_1_Paclitaxel_A1_R5_z01_yellow_,36,B2AI_1_Paclitaxel_A1_R5_z01_yellow
,/Users/ashi/github/cm4ai_codefest2025/analysis/cell_crops/yellow/B2AI_1_Paclitaxel_A1_R5_z01_yellow_cell37.png,,,/Users/ashi/github/cm4ai_codefest2025/analysis/cell_crops,B2AI_1_Paclitaxel_A1_R5_z01_yellow_,37,B2AI_1_Paclitaxel_A1_R5_z01_yellow
,/Users/ashi/github/cm4ai_codefest2025/analysis/cell_crops/yellow/B2AI_1_Paclitaxel_A1_R5_z01_yellow_cell38.png,,,/Users/ashi/github/cm4ai_codefest2025/analysis/cell_crops,B2AI_1_Paclitaxel_A1_R5_z01_yellow_,38,B2AI_1_Paclitaxel_A1_R5_z01_yellow
,/Users/ashi/github/cm4ai_codefest2025/analysis/cell_crops/yellow/B2AI_1_Paclitaxel_A1_R5_z01_yellow_cell39.png,,,/Users/ashi/github/cm4ai_codefest2025/analysis/cell_crops,B2AI_1_Paclitaxel_A1_R5_z01_yellow_,39,B2AI_1_Paclitaxel_A1_R5_z01_yellow
,/Users/ashi/github/cm4ai_codefest2025/analysis/cell_crops/yellow/B2AI_1_Paclitaxel_A1_R5_z01_yellow_cell40.png,,,/Users/ashi/github/cm4ai_codefest2025/analysis/cell_crops,B2AI_1_Paclitaxel_A1_R5_z01_yellow_,40,B2AI_1_Paclitaxel_A1_R5_z01_yellow
,/Users/ashi/github/cm4ai_codefest2025/analysis/cell_crops/yellow/B2AI_1_Paclitaxel_A1_R5_z01_yellow_cell41.png,,,/Users/ashi/github/cm4ai_codefest2025/analysis/cell_crops,B2AI_1_Paclitaxel_A1_R5_z01_yellow_,41,B2AI_1_Paclitaxel_A1_R5_z01_yellow
,/Users/ashi/github/cm4ai_codefest2025/analysis/cell_crops/yellow/B2AI_1_Paclitaxel_A1_R5_z01_yellow_cell42.png,,,/Users/ashi/github/cm4ai_codefest2025/analysis/cell_crops,B2AI_1_Paclitaxel_A1_R5_z01_yellow_,42,B2AI_1_Paclitaxel_A1_R5_z01_yellow
,/Users/ashi/github/cm4ai_codefest2025/analysis/cell_crops/yellow/B2AI_1_Paclitaxel_A1_R5_z01_yellow_cell43.png,,,/Users/ashi/github/cm4ai_codefest2025/analysis/cell_crops,B2AI_1_Paclitaxel_A1_R5_z01_yellow_,43,B2AI_1_Paclitaxel_A1_R5_z01_yellow
,/Users/ashi/github/cm4ai_codefest2025/analysis/cell_crops/yellow/B2AI_1_Paclitaxel_A1_R5_z01_yellow_cell44.png,,,/Users/ashi/github/cm4ai_codefest2025/analysis/cell_crops,B2AI_1_Paclitaxel_A1_R5_z01_yellow_,44,B2AI_1_Paclitaxel_A1_R5_z01_yellow
,/Users/ashi/github/cm4ai_codefest2025/analysis/cell_crops/yellow/B2AI_1_Paclitaxel_A1_R5_z01_yellow_cell45.png,,,/Users/ashi/github/cm4ai_codefest2025/analysis/cell_crops,B2AI_1_Paclitaxel_A1_R5_z01_yellow_,45,B2AI_1_Paclitaxel_A1_R5_z01_yellow
,/Users/ashi/github/cm4ai_codefest2025/analysis/cell_crops/yellow/B2AI_1_Paclitaxel_A1_R5_z01_yellow_cell46.png,,,/Users/ashi/github/cm4ai_codefest2025/analysis/cell_crops,B2AI_1_Paclitaxel_A1_R5_z01_yellow_,46,B2AI_1_Paclitaxel_A1_R5_z01_yellow
,/Users/ashi/github/cm4ai_codefest2025/analysis/cell_crops/yellow/B2AI_1_Paclitaxel_A1_R5_z01_yellow_cell47.png,,,/Users/ashi/github/cm4ai_codefest2025/analysis/cell_crops,B2AI_1_Paclitaxel_A1_R5_z01_yellow_,47,B2AI_1_Paclitaxel_A1_R5_z01_yellow
,/Users/ashi/github/cm4ai_codefest2025/analysis/cell_crops/yellow/B2AI_1_Paclitaxel_A1_R5_z01_yellow_cell48.png,,,/Users/ashi/github/cm4ai_codefest2025/analysis/cell_crops,B2AI_1_Paclitaxel_A1_R5_z01_yellow_,48,B2AI_1_Paclitaxel_A1_R5_z01_yellow
,/Users/ashi/github/cm4ai_codefest2025/analysis/cell_crops/yellow/B2AI_1_Paclitaxel_A1_R5_z01_yellow_cell49.png,,,/Users/ashi/github/cm4ai_codefest2025/analysis/cell_crops,B2AI_1_Paclitaxel_A1_R5_z01_yellow_,49,B2AI_1_Paclitaxel_A1_R5_z01_yellow
,/Users/ashi/github/cm4ai_codefest2025/analysis/cell_crops/yellow/B2AI_1_Paclitaxel_A1_R5_z01_yellow_cell50.png,,,/Users/ashi/github/cm4ai_codefest2025/analysis/cell_crops,B2AI_1_Paclitaxel_A1_R5_z01_yellow_,50,B2AI_1_Paclitaxel_A1_R5_z01_yellow
,/Users/ashi/github/cm4ai_codefest2025/analysis/cell_crops/yellow/B2AI_1_Paclitaxel_A1_R5_z01_yellow_cell51.png,,,/Users/ashi/github/cm4ai_codefest2025/analysis/cell_crops,B2AI_1_Paclitaxel_A1_R5_z01_yellow_,51,B2AI_1_Paclitaxel_A1_R5_z01_yellow
,/Users/ashi/github/cm4ai_codefest2025/analysis/cell_crops/yellow/B2AI_1_Paclitaxel_A1_R5_z01_yellow_cell52.png,,,/Users/ashi/github/cm4ai_codefest2025/analysis/cell_crops,B2AI_1_Paclitaxel_A1_R5_z01_yellow_,52,B2AI_1_Paclitaxel_A1_R5_z01_yellow
,/Users/ashi/github/cm4ai_codefest2025/analysis/cell_crops/yellow/B2AI_1_Paclitaxel_A1_R5_z01_yellow_cell53.png,,,/Users/ashi/github/cm4ai_codefest2025/analysis/cell_crops,B2AI_1_Paclitaxel_A1_R5_z01_yellow_,53,B2AI_1_Paclitaxel_A1_R5_z01_yellow
,/Users/ashi/github/cm4ai_codefest2025/analysis/cell_crops/yellow/B2AI_1_Paclitaxel_A1_R5_z01_yellow_cell54.png,,,/Users/ashi/github/cm4ai_codefest2025/analysis/cell_crops,B2AI_1_Paclitaxel_A1_R5_z01_yellow_,54,B2AI_1_Paclitaxel_A1_R5_z01_yellow
,/Users/ashi/github/cm4ai_codefest2025/analysis/cell_crops/yellow/B2AI_1_Paclitaxel_A1_R5_z01_yellow_cell55.png,,,/Users/ashi/github/cm4ai_codefest2025/analysis/cell_crops,B2AI_1_Paclitaxel_A1_R5_z01_yellow_,55,B2AI_1_Paclitaxel_A1_R5_z01_yellow
,/Users/ashi/github/cm4ai_codefest2025/analysis/cell_crops/yellow/B2AI_1_Paclitaxel_A1_R5_z01_yellow_cell56.png,,,/Users/ashi/github/cm4ai_codefest2025/analysis/cell_crops,B2AI_1_Paclitaxel_A1_R5_z01_yellow_,56,B2AI_1_Paclitaxel_A1_R5_z01_yellow
,/Users/ashi/github/cm4ai_codefest2025/analysis/cell_crops/yellow/B2AI_1_Paclitaxel_A1_R5_z01_yellow_cell57.png,,,/Users/ashi/github/cm4ai_codefest2025/analysis/cell_crops,B2AI_1_Paclitaxel_A1_R5_z01_yellow_,57,B2AI_1_Paclitaxel_A1_R5_z01_yellow
,/Users/ashi/github/cm4ai_codefest2025/analysis/cell_crops/yellow/B2AI_1_Paclitaxel_A1_R5_z01_yellow_cell58.png,,,/Users/ashi/github/cm4ai_codefest2025/analysis/cell_crops,B2AI_1_Paclitaxel_A1_R5_z01_yellow_,58,B2AI_1_Paclitaxel_A1_R5_z01_yellow
,/Users/ashi/github/cm4ai_codefest2025/analysis/cell_crops/yellow/B2AI_1_Paclitaxel_A1_R5_z01_yellow_cell59.png,,,/Users/ashi/github/cm4ai_codefest2025/analysis/cell_crops,B2AI_1_Paclitaxel_A1_R5_z01_yellow_,59,B2AI_1_Paclitaxel_A1_R5_z01_yellow
,/Users/ashi/github/cm4ai_codefest2025/analysis/cell_crops/yellow/B2AI_1_Paclitaxel_A1_R5_z01_yellow_cell60.png,,,/Users/ashi/github/cm4ai_codefest2025/analysis/cell_crops,B2AI_1_Paclitaxel_A1_R5_z01_yellow_,60,B2AI_1_Paclitaxel_A1_R5_z01_yellow
,/Users/ashi/github/cm4ai_codefest2025/analysis/cell_crops/yellow/B2AI_1_Paclitaxel_A1_R5_z01_yellow_cell61.png,,,/Users/ashi/github/cm4ai_codefest2025/analysis/cell_crops,B2AI_1_Paclitaxel_A1_R5_z01_yellow_,61,B2AI_1_Paclitaxel_A1_R5_z01_yellow
,/Users/ashi/github/cm4ai_codefest2025/analysis/cell_crops/yellow/B2AI_1_Paclitaxel_A1_R5_z01_yellow_cell62.png,,,/Users/ashi/github/cm4ai_codefest2025/analysis/cell_crops,B2AI_1_Paclitaxel_A1_R5_z01_yellow_,62,B2AI_1_Paclitaxel_A1_R5_z01_yellow
,/Users/ashi/github/cm4ai_codefest2025/analysis/cell_crops/yellow/B2AI_1_Paclitaxel_A1_R5_z01_yellow_cell63.png,,,/Users/ashi/github/cm4ai_codefest2025/analysis/cell_crops,B2AI_1_Paclitaxel_A1_R5_z01_yellow_,63,B2AI_1_Paclitaxel_A1_R5_z01_yellow
,/Users/ashi/github/cm4ai_codefest2025/analysis/cell_crops/yellow/B2AI_1_Paclitaxel_A1_R5_z01_yellow_cell64.png,,,/Users/ashi/github/cm4ai_codefest2025/analysis/cell_crops,B2AI_1_Paclitaxel_A1_R5_z01_yellow_,64,B2AI_1_Paclitaxel_A1_R5_z01_yellow
,/Users/ashi/github/cm4ai_codefest2025/analysis/cell_crops/yellow/B2AI_1_Paclitaxel_A1_R5_z01_yellow_cell65.png,,,/Users/ashi/github/cm4ai_codefest2025/analysis/cell_crops,B2AI_1_Paclitaxel_A1_R5_z01_yellow_,65,B2AI_1_Paclitaxel_A1_R5_z01_yellow
,/Users/ashi/github/cm4ai_codefest2025/analysis/cell_crops/yellow/B2AI_1_Paclitaxel_A1_R5_z01_yellow_cell66.png,,,/Users/ashi/github/cm4ai_codefest2025/analysis/cell_crops,B2AI_1_Paclitaxel_A1_R5_z01_yellow_,66,B2AI_1_Paclitaxel_A1_R5_z01_yellow
,/Users/ashi/github/cm4ai_codefest2025/analysis/cell_crops/yellow/B2AI_1_Paclitaxel_A1_R5_z01_yellow_cell67.png,,,/Users/ashi/github/cm4ai_codefest2025/analysis/cell_crops,B2AI_1_Paclitaxel_A1_R5_z01_yellow_,67,B2AI_1_Paclitaxel_A1_R5_z01_yellow
,/Users/ashi/github/cm4ai_codefest2025/analysis/cell_crops/yellow/B2AI_1_Paclitaxel_A1_R5_z01_yellow_cell68.png,,,/Users/ashi/github/cm4ai_codefest2025/analysis/cell_crops,B2AI_1_Paclitaxel_A1_R5_z01_yellow_,68,B2AI_1_Paclitaxel_A1_R5_z01_yellow
,/Users/ashi/github/cm4ai_codefest2025/analysis/cell_crops/yellow/B2AI_1_Paclitaxel_A1_R5_z01_yellow_cell69.png,,,/Users/ashi/github/cm4ai_codefest2025/analysis/cell_crops,B2AI_1_Paclitaxel_A1_R5_z01_yellow_,69,B2AI_1_Paclitaxel_A1_R5_z01_yellow
,/Users/ashi/github/cm4ai_codefest2025/analysis/cell_crops/yellow/B2AI_1_Paclitaxel_A1_R5_z01_yellow_cell70.png,,,/Users/ashi/github/cm4ai_codefest2025/analysis/cell_crops,B2AI_1_Paclitaxel_A1_R5_z01_yellow_,70,B2AI_1_Paclitaxel_A1_R5_z01_yellow
,/Users/ashi/github/cm4ai_codefest2025/analysis/cell_crops/yellow/B2AI_1_Paclitaxel_A1_R5_z01_yellow_cell71.png,,,/Users/ashi/github/cm4ai_codefest2025/analysis/cell_crops,B2AI_1_Paclitaxel_A1_R5_z01_yellow_,71,B2AI_1_Paclitaxel_A1_R5_z01_yellow
,/Users/ashi/github/cm4ai_codefest2025/analysis/cell_crops/yellow/B2AI_1_Paclitaxel_A1_R5_z01_yellow_cell72.png,,,/Users/ashi/github/cm4ai_codefest2025/analysis/cell_crops,B2AI_1_Paclitaxel_A1_R5_z01_yellow_,72,B2AI_1_Paclitaxel_A1_R5_z01_yellow
,/Users/ashi/github/cm4ai_codefest2025/analysis/cell_crops/yellow/B2AI_1_Paclitaxel_A1_R5_z01_yellow_cell73.png,,,/Users/ashi/github/cm4ai_codefest2025/analysis/cell_crops,B2AI_1_Paclitaxel_A1_R5_z01_yellow_,73,B2AI_1_Paclitaxel_A1_R5_z01_yellow
,/Users/ashi/github/cm4ai_codefest2025/analysis/cell_crops/yellow/B2AI_1_Paclitaxel_A1_R5_z01_yellow_cell74.png,,,/Users/ashi/github/cm4ai_codefest2025/analysis/cell_crops,B2AI_1_Paclitaxel_A1_R5_z01_yellow_,74,B2AI_1_Paclitaxel_A1_R5_z01_yellow
,/Users/ashi/github/cm4ai_codefest2025/analysis/cell_crops/yellow/B2AI_1_Paclitaxel_A1_R5_z01_yellow_cell75.png,,,/Users/ashi/github/cm4ai_codefest2025/analysis/cell_crops,B2AI_1_Paclitaxel_A1_R5_z01_yellow_,75,B2AI_1_Paclitaxel_A1_R5_z01_yellow
,/Users/ashi/github/cm4ai_codefest2025/analysis/cell_crops/yellow/B2AI_1_Paclitaxel_A1_R5_z01_yellow_cell76.png,,,/Users/ashi/github/cm4ai_codefest2025/analysis/cell_crops,B2AI_1_Paclitaxel_A1_R5_z01_yellow_,76,B2AI_1_Paclitaxel_A1_R5_z01_yellow
,/Users/ashi/github/cm4ai_codefest2025/analysis/cell_crops/yellow/B2AI_1_Paclitaxel_A1_R5_z01_yellow_cell77.png,,,/Users/ashi/github/cm4ai_codefest2025/analysis/cell_crops,B2AI_1_Paclitaxel_A1_R5_z01_yellow_,77,B2AI_1_Paclitaxel_A1_R5_z01_yellow
,/Users/ashi/github/cm4ai_codefest2025/analysis/cell_crops/yellow/B2AI_1_Paclitaxel_A1_R5_z01_yellow_cell78.png,,,/Users/ashi/github/cm4ai_codefest2025/analysis/cell_crops,B2AI_1_Paclitaxel_A1_R5_z01_yellow_,78,B2AI_1_Paclitaxel_A1_R5_z01_yellow
,/Users/ashi/github/cm4ai_codefest2025/analysis/cell_crops/yellow/B2AI_1_Paclitaxel_A1_R5_z01_yellow_cell79.png,,,/Users/ashi/github/cm4ai_codefest2025/analysis/cell_crops,B2AI_1_Paclitaxel_A1_R5_z01_yellow_,79,B2AI_1_Paclitaxel_A1_R5_z01_yellow
,/Users/ashi/github/cm4ai_codefest2025/analysis/cell_crops/yellow/B2AI_1_Paclitaxel_A1_R5_z01_yellow_cell80.png,,,/Users/ashi/github/cm4ai_codefest2025/analysis/cell_crops,B2AI_1_Paclitaxel_A1_R5_z01_yellow_,80,B2AI_1_Paclitaxel_A1_R5_z01_yellow
,/Users/ashi/github/cm4ai_codefest2025/analysis/cell_crops/yellow/B2AI_1_Paclitaxel_A1_R5_z01_yellow_cell81.png,,,/Users/ashi/github/cm4ai_codefest2025/analysis/cell_crops,B2AI_1_Paclitaxel_A1_R5_z01_yellow_,81,B2AI_1_Paclitaxel_A1_R5_z01_yellow
,/Users/ashi/github/cm4ai_codefest2025/analysis/cell_crops/yellow/B2AI_1_Paclitaxel_A1_R5_z01_yellow_cell82.png,,,/Users/ashi/github/cm4ai_codefest2025/analysis/cell_crops,B2AI_1_Paclitaxel_A1_R5_z01_yellow_,82,B2AI_1_Paclitaxel_A1_R5_z01_yellow
,/Users/ashi/github/cm4ai_codefest2025/analysis/cell_crops/yellow/B2AI_1_Paclitaxel_A1_R5_z01_yellow_cell83.png,,,/Users/ashi/github/cm4ai_codefest2025/analysis/cell_crops,B2AI_1_Paclitaxel_A1_R5_z01_yellow_,83,B2AI_1_Paclitaxel_A1_R5_z01_yellow
,/Users/ashi/github/cm4ai_codefest2025/analysis/cell_crops/yellow/B2AI_1_Paclitaxel_A1_R5_z01_yellow_cell84.png,,,/Users/ashi/github/cm4ai_codefest2025/analysis/cell_crops,B2AI_1_Paclitaxel_A1_R5_z01_yellow_,84,B2AI_1_Paclitaxel_A1_R5_z01_yellow
,/Users/ashi/github/cm4ai_codefest2025/analysis/cell_crops/yellow/B2AI_1_Paclitaxel_A1_R5_z01_yellow_cell85.png,,,/Users/ashi/github/cm4ai_codefest2025/analysis/cell_crops,B2AI_1_Paclitaxel_A1_R5_z01_yellow_,85,B2AI_1_Paclitaxel_A1_R5_z01_yellow
,/Users/ashi/github/cm4ai_codefest2025/analysis/cell_crops/yellow/B2AI_1_Paclitaxel_A1_R5_z01_yellow_cell86.png,,,/Users/ashi/github/cm4ai_codefest2025/analysis/cell_crops,B2AI_1_Paclitaxel_A1_R5_z01_yellow_,86,B2AI_1_Paclitaxel_A1_R5_z01_yellow
,/Users/ashi/github/cm4ai_codefest2025/analysis/cell_crops/yellow/B2AI_1_Paclitaxel_A1_R5_z01_yellow_cell87.png,,,/Users/ashi/github/cm4ai_codefest2025/analysis/cell_crops,B2AI_1_Paclitaxel_A1_R5_z01_yellow_,87,B2AI_1_Paclitaxel_A1_R5_z01_yellow
,/Users/ashi/github/cm4ai_codefest2025/analysis/cell_crops/yellow/B2AI_1_Paclitaxel_A1_R5_z01_yellow_cell88.png,,,/Users/ashi/github/cm4ai_codefest2025/analysis/cell_crops,B2AI_1_Paclitaxel_A1_R5_z01_yellow_,88,B2AI_1_Paclitaxel_A1_R5_z01_yellow
,/Users/ashi/github/cm4ai_codefest2025/analysis/cell_crops/yellow/B2AI_1_Paclitaxel_A1_R5_z01_yellow_cell89.png,,,/Users/ashi/github/cm4ai_codefest2025/analysis/cell_crops,B2AI_1_Paclitaxel_A1_R5_z01_yellow_,89,B2AI_1_Paclitaxel_A1_R5_z01_yellow
,/Users/ashi/github/cm4ai_codefest2025/analysis/cell_crops/yellow/B2AI_1_Paclitaxel_A1_R5_z01_yellow_cell90.png,,,/Users/ashi/github/cm4ai_codefest2025/analysis/cell_crops,B2AI_1_Paclitaxel_A1_R5_z01_yellow_,90,B2AI_1_Paclitaxel_A1_R5_z01_yellow
,/Users/ashi/github/cm4ai_codefest2025/analysis/cell_crops/yellow/B2AI_1_Paclitaxel_A1_R5_z01_yellow_cell91.png,,,/Users/ashi/github/cm4ai_codefest2025/analysis/cell_crops,B2AI_1_Paclitaxel_A1_R5_z01_yellow_,91,B2AI_1_Paclitaxel_A1_R5_z01_yellow
,/Users/ashi/github/cm4ai_codefest2025/analysis/cell_crops/yellow/B2AI_1_Paclitaxel_A1_R5_z01_yellow_cell92.png,,,/Users/ashi/github/cm4ai_codefest2025/analysis/cell_crops,B2AI_1_Paclitaxel_A1_R5_z01_yellow_,92,B2AI_1_Paclitaxel_A1_R5_z01_yellow
,/Users/ashi/github/cm4ai_codefest2025/analysis/cell_crops/yellow/B2AI_1_Paclitaxel_A1_R5_z01_yellow_cell93.png,,,/Users/ashi/github/cm4ai_codefest2025/analysis/cell_crops,B2AI_1_Paclitaxel_A1_R5_z01_yellow_,93,B2AI_1_Paclitaxel_A1_R5_z01_yellow
,/Users/ashi/github/cm4ai_codefest2025/analysis/cell_crops/yellow/B2AI_1_Paclitaxel_A1_R5_z01_yellow_cell94.png,,,/Users/ashi/github/cm4ai_codefest2025/analysis/cell_crops,B2AI_1_Paclitaxel_A1_R5_z01_yellow_,94,B2AI_1_Paclitaxel_A1_R5_z01_yellow
,/Users/ashi/github/cm4ai_codefest2025/analysis/cell_crops/yellow/B2AI_1_Paclitaxel_A1_R5_z01_yellow_cell95.png,,,/Users/ashi/github/cm4ai_codefest2025/analysis/cell_crops,B2AI_1_Paclitaxel_A1_R5_z01_yellow_,95,B2AI_1_Paclitaxel_A1_R5_z01_yellow
,/Users/ashi/github/cm4ai_codefest2025/analysis/cell_crops/yellow/B2AI_1_Paclitaxel_A1_R5_z01_yellow_cell96.png,,,/Users/ashi/github/cm4ai_codefest2025/analysis/cell_crops,B2AI_1_Paclitaxel_A1_R5_z01_yellow_,96,B2AI_1_Paclitaxel_A1_R5_z01_yellow
,/Users/ashi/github/cm4ai_codefest2025/analysis/cell_crops/yellow/B2AI_1_Paclitaxel_A1_R5_z01_yellow_cell97.png,,,/Users/ashi/github/cm4ai_codefest2025/analysis/cell_crops,B2AI_1_Paclitaxel_A1_R5_z01_yellow_,97,B2AI_1_Paclitaxel_A1_R5_z01_yellow
,/Users/ashi/github/cm4ai_codefest2025/analysis/cell_crops/yellow/B2AI_1_Paclitaxel_A1_R5_z01_yellow_cell98.png,,,/Users/ashi/github/cm4ai_codefest2025/analysis/cell_crops,B2AI_1_Paclitaxel_A1_R5_z01_yellow_,98,B2AI_1_Paclitaxel_A1_R5_z01_yellow
,/Users/ashi/github/cm4ai_codefest2025/analysis/cell_crops/yellow/B2AI_1_Paclitaxel_A1_R5_z01_yellow_cell99.png,,,/Users/ashi/github/cm4ai_codefest2025/analysis/cell_crops,B2AI_1_Paclitaxel_A1_R5_z01_yellow_,99,B2AI_1_Paclitaxel_A1_R5_z01_yellow
,/Users/ashi/github/cm4ai_codefest2025/analysis/cell_crops/yellow/B2AI_1_Paclitaxel_A1_R5_z01_yellow_cell100.png,,,/Users/ashi/github/cm4ai_codefest2025/analysis/cell_crops,B2AI_1_Paclitaxel_A1_R5_z01_yellow_,100,B2AI_1_Paclitaxel_A1_R5_z01_yellow
,/Users/ashi/github/cm4ai_codefest2025/analysis/cell_crops/yellow/B2AI_1_Paclitaxel_A1_R5_z01_yellow_cell101.png,,,/Users/ashi/github/cm4ai_codefest2025/analysis/cell_crops,B2AI_1_Paclitaxel_A1_R5_z01_yellow_,101,B2AI_1_Paclitaxel_A1_R5_z01_yellow
,/Users/ashi/github/cm4ai_codefest2025/analysis/cell_crops/yellow/B2AI_1_Paclitaxel_A1_R5_z01_yellow_cell102.png,,,/Users/ashi/github/cm4ai_codefest2025/analysis/cell_crops,B2AI_1_Paclitaxel_A1_R5_z01_yellow_,102,B2AI_1_Paclitaxel_A1_R5_z01_yellow
,/Users/ashi/github/cm4ai_codefest2025/analysis/cell_crops/yellow/B2AI_1_Paclitaxel_A1_R5_z01_yellow_cell103.png,,,/Users/ashi/github/cm4ai_codefest2025/analysis/cell_crops,B2AI_1_Paclitaxel_A1_R5_z01_yellow_,103,B2AI_1_Paclitaxel_A1_R5_z01_yellow
,/Users/ashi/github/cm4ai_codefest2025/analysis/cell_crops/yellow/B2AI_1_Paclitaxel_A1_R5_z01_yellow_cell104.png,,,/Users/ashi/github/cm4ai_codefest2025/analysis/cell_crops,B2AI_1_Paclitaxel_A1_R5_z01_yellow_,104,B2AI_1_Paclitaxel_A1_R5_z01_yellow
,/Users/ashi/github/cm4ai_codefest2025/analysis/cell_crops/yellow/B2AI_1_Paclitaxel_A1_R5_z01_yellow_cell105.png,,,/Users/ashi/github/cm4ai_codefest2025/analysis/cell_crops,B2AI_1_Paclitaxel_A1_R5_z01_yellow_,105,B2AI_1_Paclitaxel_A1_R5_z01_yellow
,/Users/ashi/github/cm4ai_codefest2025/analysis/cell_crops/yellow/B2AI_1_Paclitaxel_A1_R5_z01_yellow_cell106.png,,,/Users/ashi/github/cm4ai_codefest2025/analysis/cell_crops,B2AI_1_Paclitaxel_A1_R5_z01_yellow_,106,B2AI_1_Paclitaxel_A1_R5_z01_yellow
,/Users/ashi/github/cm4ai_codefest2025/analysis/cell_crops/yellow/B2AI_1_Paclitaxel_A1_R5_z01_yellow_cell107.png,,,/Users/ashi/github/cm4ai_codefest2025/analysis/cell_crops,B2AI_1_Paclitaxel_A1_R5_z01_yellow_,107,B2AI_1_Paclitaxel_A1_R5_z01_yellow
,/Users/ashi/github/cm4ai_codefest2025/analysis/cell_crops/yellow/B2AI_1_Paclitaxel_A1_R5_z01_yellow_cell108.png,,,/Users/ashi/github/cm4ai_codefest2025/analysis/cell_crops,B2AI_1_Paclitaxel_A1_R5_z01_yellow_,108,B2AI_1_Paclitaxel_A1_R5_z01_yellow
,/Users/ashi/github/cm4ai_codefest2025/analysis/cell_crops/yellow/B2AI_1_Paclitaxel_A1_R5_z01_yellow_cell109.png,,,/Users/ashi/github/cm4ai_codefest2025/analysis/cell_crops,B2AI_1_Paclitaxel_A1_R5_z01_yellow_,109,B2AI_1_Paclitaxel_A1_R5_z01_yellow
,/Users/ashi/github/cm4ai_codefest2025/analysis/cell_crops/yellow/B2AI_1_Paclitaxel_A1_R5_z01_yellow_cell110.png,,,/Users/ashi/github/cm4ai_codefest2025/analysis/cell_crops,B2AI_1_Paclitaxel_A1_R5_z01_yellow_,110,B2AI_1_Paclitaxel_A1_R5_z01_yellow
,/Users/ashi/github/cm4ai_codefest2025/analysis/cell_crops/yellow/B2AI_1_Paclitaxel_A1_R5_z01_yellow_cell111.png,,,/Users/ashi/github/cm4ai_codefest2025/analysis/cell_crops,B2AI_1_Paclitaxel_A1_R5_z01_yellow_,111,B2AI_1_Paclitaxel_A1_R5_z01_yellow
,/Users/ashi/github/cm4ai_codefest2025/analysis/cell_crops/yellow/B2AI_1_Paclitaxel_A1_R5_z01_yellow_cell112.png,,,/Users/ashi/github/cm4ai_codefest2025/analysis/cell_crops,B2AI_1_Paclitaxel_A1_R5_z01_yellow_,112,B2AI_1_Paclitaxel_A1_R5_z01_yellow
,/Users/ashi/github/cm4ai_codefest2025/analysis/cell_crops/yellow/B2AI_1_Paclitaxel_A1_R5_z01_yellow_cell113.png,,,/Users/ashi/github/cm4ai_codefest2025/analysis/cell_crops,B2AI_1_Paclitaxel_A1_R5_z01_yellow_,113,B2AI_1_Paclitaxel_A1_R5_z01_yellow
,/Users/ashi/github/cm4ai_codefest2025/analysis/cell_crops/yellow/B2AI_1_Paclitaxel_A1_R5_z01_yellow_cell114.png,,,/Users/ashi/github/cm4ai_codefest2025/analysis/cell_crops,B2AI_1_Paclitaxel_A1_R5_z01_yellow_,114,B2AI_1_Paclitaxel_A1_R5_z01_yellow
,/Users/ashi/github/cm4ai_codefest2025/analysis/cell_crops/yellow/B2AI_1_Paclitaxel_A1_R5_z01_yellow_cell115.png,,,/Users/ashi/github/cm4ai_codefest2025/analysis/cell_crops,B2AI_1_Paclitaxel_A1_R5_z01_yellow_,115,B2AI_1_Paclitaxel_A1_R5_z01_yellow
,/Users/ashi/github/cm4ai_codefest2025/analysis/cell_crops/yellow/B2AI_1_Paclitaxel_A1_R5_z01_yellow_cell116.png,,,/Users/ashi/github/cm4ai_codefest2025/analysis/cell_crops,B2AI_1_Paclitaxel_A1_R5_z01_yellow_,116,B2AI_1_Paclitaxel_A1_R5_z01_yellow
,/Users/ashi/github/cm4ai_codefest2025/analysis/cell_crops/yellow/B2AI_1_Paclitaxel_A1_R5_z01_yellow_cell117.png,,,/Users/ashi/github/cm4ai_codefest2025/analysis/cell_crops,B2AI_1_Paclitaxel_A1_R5_z01_yellow_,117,B2AI_1_Paclitaxel_A1_R5_z01_yellow
,/Users/ashi/github/cm4ai_codefest2025/analysis/cell_crops/yellow/B2AI_1_Paclitaxel_A1_R5_z01_yellow_cell118.png,,,/Users/ashi/github/cm4ai_codefest2025/analysis/cell_crops,B2AI_1_Paclitaxel_A1_R5_z01_yellow_,118,B2AI_1_Paclitaxel_A1_R5_z01_yellow
,/Users/ashi/github/cm4ai_codefest2025/analysis/cell_crops/yellow/B2AI_1_Paclitaxel_A1_R5_z01_yellow_cell119.png,,,/Users/ashi/github/cm4ai_codefest2025/analysis/cell_crops,B2AI_1_Paclitaxel_A1_R5_z01_yellow_,119,B2AI_1_Paclitaxel_A1_R5_z01_yellow
,/Users/ashi/github/cm4ai_codefest2025/analysis/cell_crops/yellow/B2AI_1_Paclitaxel_A1_R6_z01_yellow_cell1.png,,,/Users/ashi/github/cm4ai_codefest2025/analysis/cell_crops,B2AI_1_Paclitaxel_A1_R6_z01_yellow_,1,B2AI_1_Paclitaxel_A1_R6_z01_yellow
,/Users/ashi/github/cm4ai_codefest2025/analysis/cell_crops/yellow/B2AI_1_Paclitaxel_A1_R6_z01_yellow_cell2.png,,,/Users/ashi/github/cm4ai_codefest2025/analysis/cell_crops,B2AI_1_Paclitaxel_A1_R6_z01_yellow_,2,B2AI_1_Paclitaxel_A1_R6_z01_yellow
,/Users/ashi/github/cm4ai_codefest2025/analysis/cell_crops/yellow/B2AI_1_Paclitaxel_A1_R6_z01_yellow_cell3.png,,,/Users/ashi/github/cm4ai_codefest2025/analysis/cell_crops,B2AI_1_Paclitaxel_A1_R6_z01_yellow_,3,B2AI_1_Paclitaxel_A1_R6_z01_yellow
,/Users/ashi/github/cm4ai_codefest2025/analysis/cell_crops/yellow/B2AI_1_Paclitaxel_A1_R6_z01_yellow_cell4.png,,,/Users/ashi/github/cm4ai_codefest2025/analysis/cell_crops,B2AI_1_Paclitaxel_A1_R6_z01_yellow_,4,B2AI_1_Paclitaxel_A1_R6_z01_yellow
,/Users/ashi/github/cm4ai_codefest2025/analysis/cell_crops/yellow/B2AI_1_Paclitaxel_A1_R6_z01_yellow_cell5.png,,,/Users/ashi/github/cm4ai_codefest2025/analysis/cell_crops,B2AI_1_Paclitaxel_A1_R6_z01_yellow_,5,B2AI_1_Paclitaxel_A1_R6_z01_yellow
,/Users/ashi/github/cm4ai_codefest2025/analysis/cell_crops/yellow/B2AI_1_Paclitaxel_A1_R6_z01_yellow_cell6.png,,,/Users/ashi/github/cm4ai_codefest2025/analysis/cell_crops,B2AI_1_Paclitaxel_A1_R6_z01_yellow_,6,B2AI_1_Paclitaxel_A1_R6_z01_yellow
,/Users/ashi/github/cm4ai_codefest2025/analysis/cell_crops/yellow/B2AI_1_Paclitaxel_A1_R6_z01_yellow_cell7.png,,,/Users/ashi/github/cm4ai_codefest2025/analysis/cell_crops,B2AI_1_Paclitaxel_A1_R6_z01_yellow_,7,B2AI_1_Paclitaxel_A1_R6_z01_yellow
,/Users/ashi/github/cm4ai_codefest2025/analysis/cell_crops/yellow/B2AI_1_Paclitaxel_A1_R6_z01_yellow_cell8.png,,,/Users/ashi/github/cm4ai_codefest2025/analysis/cell_crops,B2AI_1_Paclitaxel_A1_R6_z01_yellow_,8,B2AI_1_Paclitaxel_A1_R6_z01_yellow
,/Users/ashi/github/cm4ai_codefest2025/analysis/cell_crops/yellow/B2AI_1_Paclitaxel_A1_R6_z01_yellow_cell9.png,,,/Users/ashi/github/cm4ai_codefest2025/analysis/cell_crops,B2AI_1_Paclitaxel_A1_R6_z01_yellow_,9,B2AI_1_Paclitaxel_A1_R6_z01_yellow
,/Users/ashi/github/cm4ai_codefest2025/analysis/cell_crops/yellow/B2AI_1_Paclitaxel_A1_R6_z01_yellow_cell10.png,,,/Users/ashi/github/cm4ai_codefest2025/analysis/cell_crops,B2AI_1_Paclitaxel_A1_R6_z01_yellow_,10,B2AI_1_Paclitaxel_A1_R6_z01_yellow
,/Users/ashi/github/cm4ai_codefest2025/analysis/cell_crops/yellow/B2AI_1_Paclitaxel_A1_R6_z01_yellow_cell11.png,,,/Users/ashi/github/cm4ai_codefest2025/analysis/cell_crops,B2AI_1_Paclitaxel_A1_R6_z01_yellow_,11,B2AI_1_Paclitaxel_A1_R6_z01_yellow
,/Users/ashi/github/cm4ai_codefest2025/analysis/cell_crops/yellow/B2AI_1_Paclitaxel_A1_R6_z01_yellow_cell12.png,,,/Users/ashi/github/cm4ai_codefest2025/analysis/cell_crops,B2AI_1_Paclitaxel_A1_R6_z01_yellow_,12,B2AI_1_Paclitaxel_A1_R6_z01_yellow
,/Users/ashi/github/cm4ai_codefest2025/analysis/cell_crops/yellow/B2AI_1_Paclitaxel_A1_R6_z01_yellow_cell13.png,,,/Users/ashi/github/cm4ai_codefest2025/analysis/cell_crops,B2AI_1_Paclitaxel_A1_R6_z01_yellow_,13,B2AI_1_Paclitaxel_A1_R6_z01_yellow
,/Users/ashi/github/cm4ai_codefest2025/analysis/cell_crops/yellow/B2AI_1_Paclitaxel_A1_R6_z01_yellow_cell14.png,,,/Users/ashi/github/cm4ai_codefest2025/analysis/cell_crops,B2AI_1_Paclitaxel_A1_R6_z01_yellow_,14,B2AI_1_Paclitaxel_A1_R6_z01_yellow
,/Users/ashi/github/cm4ai_codefest2025/analysis/cell_crops/yellow/B2AI_1_Paclitaxel_A1_R6_z01_yellow_cell15.png,,,/Users/ashi/github/cm4ai_codefest2025/analysis/cell_crops,B2AI_1_Paclitaxel_A1_R6_z01_yellow_,15,B2AI_1_Paclitaxel_A1_R6_z01_yellow
,/Users/ashi/github/cm4ai_codefest2025/analysis/cell_crops/yellow/B2AI_1_Paclitaxel_A1_R6_z01_yellow_cell16.png,,,/Users/ashi/github/cm4ai_codefest2025/analysis/cell_crops,B2AI_1_Paclitaxel_A1_R6_z01_yellow_,16,B2AI_1_Paclitaxel_A1_R6_z01_yellow
,/Users/ashi/github/cm4ai_codefest2025/analysis/cell_crops/yellow/B2AI_1_Paclitaxel_A1_R6_z01_yellow_cell17.png,,,/Users/ashi/github/cm4ai_codefest2025/analysis/cell_crops,B2AI_1_Paclitaxel_A1_R6_z01_yellow_,17,B2AI_1_Paclitaxel_A1_R6_z01_yellow
,/Users/ashi/github/cm4ai_codefest2025/analysis/cell_crops/yellow/B2AI_1_Paclitaxel_A1_R6_z01_yellow_cell18.png,,,/Users/ashi/github/cm4ai_codefest2025/analysis/cell_crops,B2AI_1_Paclitaxel_A1_R6_z01_yellow_,18,B2AI_1_Paclitaxel_A1_R6_z01_yellow
,/Users/ashi/github/cm4ai_codefest2025/analysis/cell_crops/yellow/B2AI_1_Paclitaxel_A1_R6_z01_yellow_cell19.png,,,/Users/ashi/github/cm4ai_codefest2025/analysis/cell_crops,B2AI_1_Paclitaxel_A1_R6_z01_yellow_,19,B2AI_1_Paclitaxel_A1_R6_z01_yellow
,/Users/ashi/github/cm4ai_codefest2025/analysis/cell_crops/yellow/B2AI_1_Paclitaxel_A1_R6_z01_yellow_cell20.png,,,/Users/ashi/github/cm4ai_codefest2025/analysis/cell_crops,B2AI_1_Paclitaxel_A1_R6_z01_yellow_,20,B2AI_1_Paclitaxel_A1_R6_z01_yellow
,/Users/ashi/github/cm4ai_codefest2025/analysis/cell_crops/yellow/B2AI_1_Paclitaxel_A1_R6_z01_yellow_cell21.png,,,/Users/ashi/github/cm4ai_codefest2025/analysis/cell_crops,B2AI_1_Paclitaxel_A1_R6_z01_yellow_,21,B2AI_1_Paclitaxel_A1_R6_z01_yellow
,/Users/ashi/github/cm4ai_codefest2025/analysis/cell_crops/yellow/B2AI_1_Paclitaxel_A1_R6_z01_yellow_cell22.png,,,/Users/ashi/github/cm4ai_codefest2025/analysis/cell_crops,B2AI_1_Paclitaxel_A1_R6_z01_yellow_,22,B2AI_1_Paclitaxel_A1_R6_z01_yellow
,/Users/ashi/github/cm4ai_codefest2025/analysis/cell_crops/yellow/B2AI_1_Paclitaxel_A1_R6_z01_yellow_cell23.png,,,/Users/ashi/github/cm4ai_codefest2025/analysis/cell_crops,B2AI_1_Paclitaxel_A1_R6_z01_yellow_,23,B2AI_1_Paclitaxel_A1_R6_z01_yellow
,/Users/ashi/github/cm4ai_codefest2025/analysis/cell_crops/yellow/B2AI_1_Paclitaxel_A1_R6_z01_yellow_cell24.png,,,/Users/ashi/github/cm4ai_codefest2025/analysis/cell_crops,B2AI_1_Paclitaxel_A1_R6_z01_yellow_,24,B2AI_1_Paclitaxel_A1_R6_z01_yellow
,/Users/ashi/github/cm4ai_codefest2025/analysis/cell_crops/yellow/B2AI_1_Paclitaxel_A1_R6_z01_yellow_cell25.png,,,/Users/ashi/github/cm4ai_codefest2025/analysis/cell_crops,B2AI_1_Paclitaxel_A1_R6_z01_yellow_,25,B2AI_1_Paclitaxel_A1_R6_z01_yellow
,/Users/ashi/github/cm4ai_codefest2025/analysis/cell_crops/yellow/B2AI_1_Paclitaxel_A1_R6_z01_yellow_cell26.png,,,/Users/ashi/github/cm4ai_codefest2025/analysis/cell_crops,B2AI_1_Paclitaxel_A1_R6_z01_yellow_,26,B2AI_1_Paclitaxel_A1_R6_z01_yellow
,/Users/ashi/github/cm4ai_codefest2025/analysis/cell_crops/yellow/B2AI_1_Paclitaxel_A1_R6_z01_yellow_cell27.png,,,/Users/ashi/github/cm4ai_codefest2025/analysis/cell_crops,B2AI_1_Paclitaxel_A1_R6_z01_yellow_,27,B2AI_1_Paclitaxel_A1_R6_z01_yellow
,/Users/ashi/github/cm4ai_codefest2025/analysis/cell_crops/yellow/B2AI_1_Paclitaxel_A1_R6_z01_yellow_cell28.png,,,/Users/ashi/github/cm4ai_codefest2025/analysis/cell_crops,B2AI_1_Paclitaxel_A1_R6_z01_yellow_,28,B2AI_1_Paclitaxel_A1_R6_z01_yellow
,/Users/ashi/github/cm4ai_codefest2025/analysis/cell_crops/yellow/B2AI_1_Paclitaxel_A1_R6_z01_yellow_cell29.png,,,/Users/ashi/github/cm4ai_codefest2025/analysis/cell_crops,B2AI_1_Paclitaxel_A1_R6_z01_yellow_,29,B2AI_1_Paclitaxel_A1_R6_z01_yellow
,/Users/ashi/github/cm4ai_codefest2025/analysis/cell_crops/yellow/B2AI_1_Paclitaxel_A1_R6_z01_yellow_cell30.png,,,/Users/ashi/github/cm4ai_codefest2025/analysis/cell_crops,B2AI_1_Paclitaxel_A1_R6_z01_yellow_,30,B2AI_1_Paclitaxel_A1_R6_z01_yellow
,/Users/ashi/github/cm4ai_codefest2025/analysis/cell_crops/yellow/B2AI_1_Paclitaxel_A1_R6_z01_yellow_cell31.png,,,/Users/ashi/github/cm4ai_codefest2025/analysis/cell_crops,B2AI_1_Paclitaxel_A1_R6_z01_yellow_,31,B2AI_1_Paclitaxel_A1_R6_z01_yellow
,/Users/ashi/github/cm4ai_codefest2025/analysis/cell_crops/yellow/B2AI_1_Paclitaxel_A1_R6_z01_yellow_cell32.png,,,/Users/ashi/github/cm4ai_codefest2025/analysis/cell_crops,B2AI_1_Paclitaxel_A1_R6_z01_yellow_,32,B2AI_1_Paclitaxel_A1_R6_z01_yellow
,/Users/ashi/github/cm4ai_codefest2025/analysis/cell_crops/yellow/B2AI_1_Paclitaxel_A1_R6_z01_yellow_cell33.png,,,/Users/ashi/github/cm4ai_codefest2025/analysis/cell_crops,B2AI_1_Paclitaxel_A1_R6_z01_yellow_,33,B2AI_1_Paclitaxel_A1_R6_z01_yellow
,/Users/ashi/github/cm4ai_codefest2025/analysis/cell_crops/yellow/B2AI_1_Paclitaxel_A1_R6_z01_yellow_cell34.png,,,/Users/ashi/github/cm4ai_codefest2025/analysis/cell_crops,B2AI_1_Paclitaxel_A1_R6_z01_yellow_,34,B2AI_1_Paclitaxel_A1_R6_z01_yellow
,/Users/ashi/github/cm4ai_codefest2025/analysis/cell_crops/yellow/B2AI_1_Paclitaxel_A1_R6_z01_yellow_cell35.png,,,/Users/ashi/github/cm4ai_codefest2025/analysis/cell_crops,B2AI_1_Paclitaxel_A1_R6_z01_yellow_,35,B2AI_1_Paclitaxel_A1_R6_z01_yellow
,/Users/ashi/github/cm4ai_codefest2025/analysis/cell_crops/yellow/B2AI_1_Paclitaxel_A1_R6_z01_yellow_cell36.png,,,/Users/ashi/github/cm4ai_codefest2025/analysis/cell_crops,B2AI_1_Paclitaxel_A1_R6_z01_yellow_,36,B2AI_1_Paclitaxel_A1_R6_z01_yellow
,/Users/ashi/github/cm4ai_codefest2025/analysis/cell_crops/yellow/B2AI_1_Paclitaxel_A1_R6_z01_yellow_cell37.png,,,/Users/ashi/github/cm4ai_codefest2025/analysis/cell_crops,B2AI_1_Paclitaxel_A1_R6_z01_yellow_,37,B2AI_1_Paclitaxel_A1_R6_z01_yellow
,/Users/ashi/github/cm4ai_codefest2025/analysis/cell_crops/yellow/B2AI_1_Paclitaxel_A1_R6_z01_yellow_cell38.png,,,/Users/ashi/github/cm4ai_codefest2025/analysis/cell_crops,B2AI_1_Paclitaxel_A1_R6_z01_yellow_,38,B2AI_1_Paclitaxel_A1_R6_z01_yellow
,/Users/ashi/github/cm4ai_codefest2025/analysis/cell_crops/yellow/B2AI_1_Paclitaxel_A1_R6_z01_yellow_cell39.png,,,/Users/ashi/github/cm4ai_codefest2025/analysis/cell_crops,B2AI_1_Paclitaxel_A1_R6_z01_yellow_,39,B2AI_1_Paclitaxel_A1_R6_z01_yellow
,/Users/ashi/github/cm4ai_codefest2025/analysis/cell_crops/yellow/B2AI_1_Paclitaxel_A1_R6_z01_yellow_cell40.png,,,/Users/ashi/github/cm4ai_codefest2025/analysis/cell_crops,B2AI_1_Paclitaxel_A1_R6_z01_yellow_,40,B2AI_1_Paclitaxel_A1_R6_z01_yellow
,/Users/ashi/github/cm4ai_codefest2025/analysis/cell_crops/yellow/B2AI_1_Paclitaxel_A1_R6_z01_yellow_cell41.png,,,/Users/ashi/github/cm4ai_codefest2025/analysis/cell_crops,B2AI_1_Paclitaxel_A1_R6_z01_yellow_,41,B2AI_1_Paclitaxel_A1_R6_z01_yellow
,/Users/ashi/github/cm4ai_codefest2025/analysis/cell_crops/yellow/B2AI_1_Paclitaxel_A1_R6_z01_yellow_cell42.png,,,/Users/ashi/github/cm4ai_codefest2025/analysis/cell_crops,B2AI_1_Paclitaxel_A1_R6_z01_yellow_,42,B2AI_1_Paclitaxel_A1_R6_z01_yellow
,/Users/ashi/github/cm4ai_codefest2025/analysis/cell_crops/yellow/B2AI_1_Paclitaxel_A1_R6_z01_yellow_cell43.png,,,/Users/ashi/github/cm4ai_codefest2025/analysis/cell_crops,B2AI_1_Paclitaxel_A1_R6_z01_yellow_,43,B2AI_1_Paclitaxel_A1_R6_z01_yellow
,/Users/ashi/github/cm4ai_codefest2025/analysis/cell_crops/yellow/B2AI_1_Paclitaxel_A1_R6_z01_yellow_cell44.png,,,/Users/ashi/github/cm4ai_codefest2025/analysis/cell_crops,B2AI_1_Paclitaxel_A1_R6_z01_yellow_,44,B2AI_1_Paclitaxel_A1_R6_z01_yellow
,/Users/ashi/github/cm4ai_codefest2025/analysis/cell_crops/yellow/B2AI_1_Paclitaxel_A1_R6_z01_yellow_cell45.png,,,/Users/ashi/github/cm4ai_codefest2025/analysis/cell_crops,B2AI_1_Paclitaxel_A1_R6_z01_yellow_,45,B2AI_1_Paclitaxel_A1_R6_z01_yellow
,/Users/ashi/github/cm4ai_codefest2025/analysis/cell_crops/yellow/B2AI_1_Paclitaxel_A1_R6_z01_yellow_cell46.png,,,/Users/ashi/github/cm4ai_codefest2025/analysis/cell_crops,B2AI_1_Paclitaxel_A1_R6_z01_yellow_,46,B2AI_1_Paclitaxel_A1_R6_z01_yellow
,/Users/ashi/github/cm4ai_codefest2025/analysis/cell_crops/yellow/B2AI_1_Paclitaxel_A1_R6_z01_yellow_cell47.png,,,/Users/ashi/github/cm4ai_codefest2025/analysis/cell_crops,B2AI_1_Paclitaxel_A1_R6_z01_yellow_,47,B2AI_1_Paclitaxel_A1_R6_z01_yellow
,/Users/ashi/github/cm4ai_codefest2025/analysis/cell_crops/yellow/B2AI_1_Paclitaxel_A1_R6_z01_yellow_cell48.png,,,/Users/ashi/github/cm4ai_codefest2025/analysis/cell_crops,B2AI_1_Paclitaxel_A1_R6_z01_yellow_,48,B2AI_1_Paclitaxel_A1_R6_z01_yellow
,/Users/ashi/github/cm4ai_codefest2025/analysis/cell_crops/yellow/B2AI_1_Paclitaxel_A1_R6_z01_yellow_cell49.png,,,/Users/ashi/github/cm4ai_codefest2025/analysis/cell_crops,B2AI_1_Paclitaxel_A1_R6_z01_yellow_,49,B2AI_1_Paclitaxel_A1_R6_z01_yellow
,/Users/ashi/github/cm4ai_codefest2025/analysis/cell_crops/yellow/B2AI_1_Paclitaxel_A1_R6_z01_yellow_cell50.png,,,/Users/ashi/github/cm4ai_codefest2025/analysis/cell_crops,B2AI_1_Paclitaxel_A1_R6_z01_yellow_,50,B2AI_1_Paclitaxel_A1_R6_z01_yellow
,/Users/ashi/github/cm4ai_codefest2025/analysis/cell_crops/yellow/B2AI_1_Paclitaxel_A1_R6_z01_yellow_cell51.png,,,/Users/ashi/github/cm4ai_codefest2025/analysis/cell_crops,B2AI_1_Paclitaxel_A1_R6_z01_yellow_,51,B2AI_1_Paclitaxel_A1_R6_z01_yellow
,/Users/ashi/github/cm4ai_codefest2025/analysis/cell_crops/yellow/B2AI_1_Paclitaxel_A1_R6_z01_yellow_cell52.png,,,/Users/ashi/github/cm4ai_codefest2025/analysis/cell_crops,B2AI_1_Paclitaxel_A1_R6_z01_yellow_,52,B2AI_1_Paclitaxel_A1_R6_z01_yellow
,/Users/ashi/github/cm4ai_codefest2025/analysis/cell_crops/yellow/B2AI_1_Paclitaxel_A1_R6_z01_yellow_cell53.png,,,/Users/ashi/github/cm4ai_codefest2025/analysis/cell_crops,B2AI_1_Paclitaxel_A1_R6_z01_yellow_,53,B2AI_1_Paclitaxel_A1_R6_z01_yellow
,/Users/ashi/github/cm4ai_codefest2025/analysis/cell_crops/yellow/B2AI_1_Paclitaxel_A1_R6_z01_yellow_cell54.png,,,/Users/ashi/github/cm4ai_codefest2025/analysis/cell_crops,B2AI_1_Paclitaxel_A1_R6_z01_yellow_,54,B2AI_1_Paclitaxel_A1_R6_z01_yellow
,/Users/ashi/github/cm4ai_codefest2025/analysis/cell_crops/yellow/B2AI_1_Paclitaxel_A1_R6_z01_yellow_cell55.png,,,/Users/ashi/github/cm4ai_codefest2025/analysis/cell_crops,B2AI_1_Paclitaxel_A1_R6_z01_yellow_,55,B2AI_1_Paclitaxel_A1_R6_z01_yellow
,/Users/ashi/github/cm4ai_codefest2025/analysis/cell_crops/yellow/B2AI_1_Paclitaxel_A1_R6_z01_yellow_cell56.png,,,/Users/ashi/github/cm4ai_codefest2025/analysis/cell_crops,B2AI_1_Paclitaxel_A1_R6_z01_yellow_,56,B2AI_1_Paclitaxel_A1_R6_z01_yellow
,/Users/ashi/github/cm4ai_codefest2025/analysis/cell_crops/yellow/B2AI_1_Paclitaxel_A1_R6_z01_yellow_cell57.png,,,/Users/ashi/github/cm4ai_codefest2025/analysis/cell_crops,B2AI_1_Paclitaxel_A1_R6_z01_yellow_,57,B2AI_1_Paclitaxel_A1_R6_z01_yellow
,/Users/ashi/github/cm4ai_codefest2025/analysis/cell_crops/yellow/B2AI_1_Paclitaxel_A1_R6_z01_yellow_cell58.png,,,/Users/ashi/github/cm4ai_codefest2025/analysis/cell_crops,B2AI_1_Paclitaxel_A1_R6_z01_yellow_,58,B2AI_1_Paclitaxel_A1_R6_z01_yellow
,/Users/ashi/github/cm4ai_codefest2025/analysis/cell_crops/yellow/B2AI_1_Paclitaxel_A1_R6_z01_yellow_cell59.png,,,/Users/ashi/github/cm4ai_codefest2025/analysis/cell_crops,B2AI_1_Paclitaxel_A1_R6_z01_yellow_,59,B2AI_1_Paclitaxel_A1_R6_z01_yellow
,/Users/ashi/github/cm4ai_codefest2025/analysis/cell_crops/yellow/B2AI_1_Paclitaxel_A1_R6_z01_yellow_cell60.png,,,/Users/ashi/github/cm4ai_codefest2025/analysis/cell_crops,B2AI_1_Paclitaxel_A1_R6_z01_yellow_,60,B2AI_1_Paclitaxel_A1_R6_z01_yellow
,/Users/ashi/github/cm4ai_codefest2025/analysis/cell_crops/yellow/B2AI_1_Paclitaxel_A1_R6_z01_yellow_cell61.png,,,/Users/ashi/github/cm4ai_codefest2025/analysis/cell_crops,B2AI_1_Paclitaxel_A1_R6_z01_yellow_,61,B2AI_1_Paclitaxel_A1_R6_z01_yellow
,/Users/ashi/github/cm4ai_codefest2025/analysis/cell_crops/yellow/B2AI_1_Paclitaxel_A1_R6_z01_yellow_cell62.png,,,/Users/ashi/github/cm4ai_codefest2025/analysis/cell_crops,B2AI_1_Paclitaxel_A1_R6_z01_yellow_,62,B2AI_1_Paclitaxel_A1_R6_z01_yellow
,/Users/ashi/github/cm4ai_codefest2025/analysis/cell_crops/yellow/B2AI_1_Paclitaxel_A1_R6_z01_yellow_cell63.png,,,/Users/ashi/github/cm4ai_codefest2025/analysis/cell_crops,B2AI_1_Paclitaxel_A1_R6_z01_yellow_,63,B2AI_1_Paclitaxel_A1_R6_z01_yellow
,/Users/ashi/github/cm4ai_codefest2025/analysis/cell_crops/yellow/B2AI_1_Paclitaxel_A1_R6_z01_yellow_cell64.png,,,/Users/ashi/github/cm4ai_codefest2025/analysis/cell_crops,B2AI_1_Paclitaxel_A1_R6_z01_yellow_,64,B2AI_1_Paclitaxel_A1_R6_z01_yellow
,/Users/ashi/github/cm4ai_codefest2025/analysis/cell_crops/yellow/B2AI_1_Paclitaxel_A1_R6_z01_yellow_cell65.png,,,/Users/ashi/github/cm4ai_codefest2025/analysis/cell_crops,B2AI_1_Paclitaxel_A1_R6_z01_yellow_,65,B2AI_1_Paclitaxel_A1_R6_z01_yellow
,/Users/ashi/github/cm4ai_codefest2025/analysis/cell_crops/yellow/B2AI_1_Paclitaxel_A1_R6_z01_yellow_cell66.png,,,/Users/ashi/github/cm4ai_codefest2025/analysis/cell_crops,B2AI_1_Paclitaxel_A1_R6_z01_yellow_,66,B2AI_1_Paclitaxel_A1_R6_z01_yellow
,/Users/ashi/github/cm4ai_codefest2025/analysis/cell_crops/yellow/B2AI_1_Paclitaxel_A1_R6_z01_yellow_cell67.png,,,/Users/ashi/github/cm4ai_codefest2025/analysis/cell_crops,B2AI_1_Paclitaxel_A1_R6_z01_yellow_,67,B2AI_1_Paclitaxel_A1_R6_z01_yellow
,/Users/ashi/github/cm4ai_codefest2025/analysis/cell_crops/yellow/B2AI_1_Paclitaxel_A1_R6_z01_yellow_cell68.png,,,/Users/ashi/github/cm4ai_codefest2025/analysis/cell_crops,B2AI_1_Paclitaxel_A1_R6_z01_yellow_,68,B2AI_1_Paclitaxel_A1_R6_z01_yellow
,/Users/ashi/github/cm4ai_codefest2025/analysis/cell_crops/yellow/B2AI_1_Paclitaxel_A1_R6_z01_yellow_cell69.png,,,/Users/ashi/github/cm4ai_codefest2025/analysis/cell_crops,B2AI_1_Paclitaxel_A1_R6_z01_yellow_,69,B2AI_1_Paclitaxel_A1_R6_z01_yellow
,/Users/ashi/github/cm4ai_codefest2025/analysis/cell_crops/yellow/B2AI_1_Paclitaxel_A1_R6_z01_yellow_cell70.png,,,/Users/ashi/github/cm4ai_codefest2025/analysis/cell_crops,B2AI_1_Paclitaxel_A1_R6_z01_yellow_,70,B2AI_1_Paclitaxel_A1_R6_z01_yellow
,/Users/ashi/github/cm4ai_codefest2025/analysis/cell_crops/yellow/B2AI_1_Paclitaxel_A1_R6_z01_yellow_cell71.png,,,/Users/ashi/github/cm4ai_codefest2025/analysis/cell_crops,B2AI_1_Paclitaxel_A1_R6_z01_yellow_,71,B2AI_1_Paclitaxel_A1_R6_z01_yellow
,/Users/ashi/github/cm4ai_codefest2025/analysis/cell_crops/yellow/B2AI_1_Paclitaxel_A1_R6_z01_yellow_cell72.png,,,/Users/ashi/github/cm4ai_codefest2025/analysis/cell_crops,B2AI_1_Paclitaxel_A1_R6_z01_yellow_,72,B2AI_1_Paclitaxel_A1_R6_z01_yellow
,/Users/ashi/github/cm4ai_codefest2025/analysis/cell_crops/yellow/B2AI_1_Paclitaxel_A1_R6_z01_yellow_cell73.png,,,/Users/ashi/github/cm4ai_codefest2025/analysis/cell_crops,B2AI_1_Paclitaxel_A1_R6_z01_yellow_,73,B2AI_1_Paclitaxel_A1_R6_z01_yellow
,/Users/ashi/github/cm4ai_codefest2025/analysis/cell_crops/yellow/B2AI_1_Paclitaxel_A1_R6_z01_yellow_cell74.png,,,/Users/ashi/github/cm4ai_codefest2025/analysis/cell_crops,B2AI_1_Paclitaxel_A1_R6_z01_yellow_,74,B2AI_1_Paclitaxel_A1_R6_z01_yellow
,/Users/ashi/github/cm4ai_codefest2025/analysis/cell_crops/yellow/B2AI_1_Paclitaxel_A1_R6_z01_yellow_cell75.png,,,/Users/ashi/github/cm4ai_codefest2025/analysis/cell_crops,B2AI_1_Paclitaxel_A1_R6_z01_yellow_,75,B2AI_1_Paclitaxel_A1_R6_z01_yellow
,/Users/ashi/github/cm4ai_codefest2025/analysis/cell_crops/yellow/B2AI_1_Paclitaxel_A1_R6_z01_yellow_cell76.png,,,/Users/ashi/github/cm4ai_codefest2025/analysis/cell_crops,B2AI_1_Paclitaxel_A1_R6_z01_yellow_,76,B2AI_1_Paclitaxel_A1_R6_z01_yellow
,/Users/ashi/github/cm4ai_codefest2025/analysis/cell_crops/yellow/B2AI_1_Paclitaxel_A1_R6_z01_yellow_cell77.png,,,/Users/ashi/github/cm4ai_codefest2025/analysis/cell_crops,B2AI_1_Paclitaxel_A1_R6_z01_yellow_,77,B2AI_1_Paclitaxel_A1_R6_z01_yellow
,/Users/ashi/github/cm4ai_codefest2025/analysis/cell_crops/yellow/B2AI_1_Paclitaxel_A1_R6_z01_yellow_cell78.png,,,/Users/ashi/github/cm4ai_codefest2025/analysis/cell_crops,B2AI_1_Paclitaxel_A1_R6_z01_yellow_,78,B2AI_1_Paclitaxel_A1_R6_z01_yellow
,/Users/ashi/github/cm4ai_codefest2025/analysis/cell_crops/yellow/B2AI_1_Paclitaxel_A1_R6_z01_yellow_cell79.png,,,/Users/ashi/github/cm4ai_codefest2025/analysis/cell_crops,B2AI_1_Paclitaxel_A1_R6_z01_yellow_,79,B2AI_1_Paclitaxel_A1_R6_z01_yellow
,/Users/ashi/github/cm4ai_codefest2025/analysis/cell_crops/yellow/B2AI_1_Paclitaxel_A1_R6_z01_yellow_cell80.png,,,/Users/ashi/github/cm4ai_codefest2025/analysis/cell_crops,B2AI_1_Paclitaxel_A1_R6_z01_yellow_,80,B2AI_1_Paclitaxel_A1_R6_z01_yellow
,/Users/ashi/github/cm4ai_codefest2025/analysis/cell_crops/yellow/B2AI_1_Paclitaxel_A1_R6_z01_yellow_cell81.png,,,/Users/ashi/github/cm4ai_codefest2025/analysis/cell_crops,B2AI_1_Paclitaxel_A1_R6_z01_yellow_,81,B2AI_1_Paclitaxel_A1_R6_z01_yellow
,/Users/ashi/github/cm4ai_codefest2025/analysis/cell_crops/yellow/B2AI_1_Paclitaxel_A1_R6_z01_yellow_cell82.png,,,/Users/ashi/github/cm4ai_codefest2025/analysis/cell_crops,B2AI_1_Paclitaxel_A1_R6_z01_yellow_,82,B2AI_1_Paclitaxel_A1_R6_z01_yellow
,/Users/ashi/github/cm4ai_codefest2025/analysis/cell_crops/yellow/B2AI_1_Paclitaxel_A1_R6_z01_yellow_cell83.png,,,/Users/ashi/github/cm4ai_codefest2025/analysis/cell_crops,B2AI_1_Paclitaxel_A1_R6_z01_yellow_,83,B2AI_1_Paclitaxel_A1_R6_z01_yellow
,/Users/ashi/github/cm4ai_codefest2025/analysis/cell_crops/yellow/B2AI_1_Paclitaxel_A1_R6_z01_yellow_cell84.png,,,/Users/ashi/github/cm4ai_codefest2025/analysis/cell_crops,B2AI_1_Paclitaxel_A1_R6_z01_yellow_,84,B2AI_1_Paclitaxel_A1_R6_z01_yellow
,/Users/ashi/github/cm4ai_codefest2025/analysis/cell_crops/yellow/B2AI_1_Paclitaxel_A1_R6_z01_yellow_cell85.png,,,/Users/ashi/github/cm4ai_codefest2025/analysis/cell_crops,B2AI_1_Paclitaxel_A1_R6_z01_yellow_,85,B2AI_1_Paclitaxel_A1_R6_z01_yellow
,/Users/ashi/github/cm4ai_codefest2025/analysis/cell_crops/yellow/B2AI_1_Paclitaxel_A1_R6_z01_yellow_cell86.png,,,/Users/ashi/github/cm4ai_codefest2025/analysis/cell_crops,B2AI_1_Paclitaxel_A1_R6_z01_yellow_,86,B2AI_1_Paclitaxel_A1_R6_z01_yellow
,/Users/ashi/github/cm4ai_codefest2025/analysis/cell_crops/yellow/B2AI_1_Paclitaxel_A1_R6_z01_yellow_cell87.png,,,/Users/ashi/github/cm4ai_codefest2025/analysis/cell_crops,B2AI_1_Paclitaxel_A1_R6_z01_yellow_,87,B2AI_1_Paclitaxel_A1_R6_z01_yellow
,/Users/ashi/github/cm4ai_codefest2025/analysis/cell_crops/yellow/B2AI_1_Paclitaxel_A1_R6_z01_yellow_cell88.png,,,/Users/ashi/github/cm4ai_codefest2025/analysis/cell_crops,B2AI_1_Paclitaxel_A1_R6_z01_yellow_,88,B2AI_1_Paclitaxel_A1_R6_z01_yellow
,/Users/ashi/github/cm4ai_codefest2025/analysis/cell_crops/yellow/B2AI_1_Paclitaxel_A1_R6_z01_yellow_cell89.png,,,/Users/ashi/github/cm4ai_codefest2025/analysis/cell_crops,B2AI_1_Paclitaxel_A1_R6_z01_yellow_,89,B2AI_1_Paclitaxel_A1_R6_z01_yellow
,/Users/ashi/github/cm4ai_codefest2025/analysis/cell_crops/yellow/B2AI_1_Paclitaxel_A1_R6_z01_yellow_cell90.png,,,/Users/ashi/github/cm4ai_codefest2025/analysis/cell_crops,B2AI_1_Paclitaxel_A1_R6_z01_yellow_,90,B2AI_1_Paclitaxel_A1_R6_z01_yellow
,/Users/ashi/github/cm4ai_codefest2025/analysis/cell_crops/yellow/B2AI_1_Paclitaxel_A1_R6_z01_yellow_cell91.png,,,/Users/ashi/github/cm4ai_codefest2025/analysis/cell_crops,B2AI_1_Paclitaxel_A1_R6_z01_yellow_,91,B2AI_1_Paclitaxel_A1_R6_z01_yellow
,/Users/ashi/github/cm4ai_codefest2025/analysis/cell_crops/yellow/B2AI_1_Paclitaxel_A1_R6_z01_yellow_cell92.png,,,/Users/ashi/github/cm4ai_codefest2025/analysis/cell_crops,B2AI_1_Paclitaxel_A1_R6_z01_yellow_,92,B2AI_1_Paclitaxel_A1_R6_z01_yellow
,/Users/ashi/github/cm4ai_codefest2025/analysis/cell_crops/yellow/B2AI_1_Paclitaxel_A1_R6_z01_yellow_cell93.png,,,/Users/ashi/github/cm4ai_codefest2025/analysis/cell_crops,B2AI_1_Paclitaxel_A1_R6_z01_yellow_,93,B2AI_1_Paclitaxel_A1_R6_z01_yellow
,/Users/ashi/github/cm4ai_codefest2025/analysis/cell_crops/yellow/B2AI_1_Paclitaxel_A1_R6_z01_yellow_cell94.png,,,/Users/ashi/github/cm4ai_codefest2025/analysis/cell_crops,B2AI_1_Paclitaxel_A1_R6_z01_yellow_,94,B2AI_1_Paclitaxel_A1_R6_z01_yellow
,/Users/ashi/github/cm4ai_codefest2025/analysis/cell_crops/yellow/B2AI_1_Paclitaxel_A1_R6_z01_yellow_cell95.png,,,/Users/ashi/github/cm4ai_codefest2025/analysis/cell_crops,B2AI_1_Paclitaxel_A1_R6_z01_yellow_,95,B2AI_1_Paclitaxel_A1_R6_z01_yellow
,/Users/ashi/github/cm4ai_codefest2025/analysis/cell_crops/yellow/B2AI_1_Paclitaxel_A1_R6_z01_yellow_cell96.png,,,/Users/ashi/github/cm4ai_codefest2025/analysis/cell_crops,B2AI_1_Paclitaxel_A1_R6_z01_yellow_,96,B2AI_1_Paclitaxel_A1_R6_z01_yellow
,/Users/ashi/github/cm4ai_codefest2025/analysis/cell_crops/yellow/B2AI_1_Paclitaxel_A1_R6_z01_yellow_cell97.png,,,/Users/ashi/github/cm4ai_codefest2025/analysis/cell_crops,B2AI_1_Paclitaxel_A1_R6_z01_yellow_,97,B2AI_1_Paclitaxel_A1_R6_z01_yellow
,/Users/ashi/github/cm4ai_codefest2025/analysis/cell_crops/yellow/B2AI_1_Paclitaxel_A1_R6_z01_yellow_cell98.png,,,/Users/ashi/github/cm4ai_codefest2025/analysis/cell_crops,B2AI_1_Paclitaxel_A1_R6_z01_yellow_,98,B2AI_1_Paclitaxel_A1_R6_z01_yellow
,/Users/ashi/github/cm4ai_codefest2025/analysis/cell_crops/yellow/B2AI_1_Paclitaxel_A1_R6_z01_yellow_cell99.png,,,/Users/ashi/github/cm4ai_codefest2025/analysis/cell_crops,B2AI_1_Paclitaxel_A1_R6_z01_yellow_,99,B2AI_1_Paclitaxel_A1_R6_z01_yellow
,/Users/ashi/github/cm4ai_codefest2025/analysis/cell_crops/yellow/B2AI_1_Paclitaxel_A1_R6_z01_yellow_cell100.png,,,/Users/ashi/github/cm4ai_codefest2025/analysis/cell_crops,B2AI_1_Paclitaxel_A1_R6_z01_yellow_,100,B2AI_1_Paclitaxel_A1_R6_z01_yellow
,/Users/ashi/github/cm4ai_codefest2025/analysis/cell_crops/yellow/B2AI_1_Paclitaxel_A1_R6_z01_yellow_cell101.png,,,/Users/ashi/github/cm4ai_codefest2025/analysis/cell_crops,B2AI_1_Paclitaxel_A1_R6_z01_yellow_,101,B2AI_1_Paclitaxel_A1_R6_z01_yellow
,/Users/ashi/github/cm4ai_codefest2025/analysis/cell_crops/yellow/B2AI_1_Paclitaxel_A1_R6_z01_yellow_cell102.png,,,/Users/ashi/github/cm4ai_codefest2025/analysis/cell_crops,B2AI_1_Paclitaxel_A1_R6_z01_yellow_,102,B2AI_1_Paclitaxel_A1_R6_z01_yellow
,/Users/ashi/github/cm4ai_codefest2025/analysis/cell_crops/yellow/B2AI_1_Paclitaxel_A1_R6_z01_yellow_cell103.png,,,/Users/ashi/github/cm4ai_codefest2025/analysis/cell_crops,B2AI_1_Paclitaxel_A1_R6_z01_yellow_,103,B2AI_1_Paclitaxel_A1_R6_z01_yellow
,/Users/ashi/github/cm4ai_codefest2025/analysis/cell_crops/yellow/B2AI_1_Paclitaxel_A1_R6_z01_yellow_cell104.png,,,/Users/ashi/github/cm4ai_codefest2025/analysis/cell_crops,B2AI_1_Paclitaxel_A1_R6_z01_yellow_,104,B2AI_1_Paclitaxel_A1_R6_z01_yellow
,/Users/ashi/github/cm4ai_codefest2025/analysis/cell_crops/yellow/B2AI_1_Paclitaxel_A1_R6_z01_yellow_cell105.png,,,/Users/ashi/github/cm4ai_codefest2025/analysis/cell_crops,B2AI_1_Paclitaxel_A1_R6_z01_yellow_,105,B2AI_1_Paclitaxel_A1_R6_z01_yellow
,/Users/ashi/github/cm4ai_codefest2025/analysis/cell_crops/yellow/B2AI_1_Paclitaxel_A1_R6_z01_yellow_cell106.png,,,/Users/ashi/github/cm4ai_codefest2025/analysis/cell_crops,B2AI_1_Paclitaxel_A1_R6_z01_yellow_,106,B2AI_1_Paclitaxel_A1_R6_z01_yellow
,/Users/ashi/github/cm4ai_codefest2025/analysis/cell_crops/yellow/B2AI_1_Paclitaxel_A1_R6_z01_yellow_cell107.png,,,/Users/ashi/github/cm4ai_codefest2025/analysis/cell_crops,B2AI_1_Paclitaxel_A1_R6_z01_yellow_,107,B2AI_1_Paclitaxel_A1_R6_z01_yellow
,/Users/ashi/github/cm4ai_codefest2025/analysis/cell_crops/yellow/B2AI_1_Paclitaxel_A1_R6_z01_yellow_cell108.png,,,/Users/ashi/github/cm4ai_codefest2025/analysis/cell_crops,B2AI_1_Paclitaxel_A1_R6_z01_yellow_,108,B2AI_1_Paclitaxel_A1_R6_z01_yellow
,/Users/ashi/github/cm4ai_codefest2025/analysis/cell_crops/yellow/B2AI_1_Paclitaxel_A1_R6_z01_yellow_cell109.png,,,/Users/ashi/github/cm4ai_codefest2025/analysis/cell_crops,B2AI_1_Paclitaxel_A1_R6_z01_yellow_,109,B2AI_1_Paclitaxel_A1_R6_z01_yellow
,/Users/ashi/github/cm4ai_codefest2025/analysis/cell_crops/yellow/B2AI_1_Paclitaxel_A1_R6_z01_yellow_cell110.png,,,/Users/ashi/github/cm4ai_codefest2025/analysis/cell_crops,B2AI_1_Paclitaxel_A1_R6_z01_yellow_,110,B2AI_1_Paclitaxel_A1_R6_z01_yellow
,/Users/ashi/github/cm4ai_codefest2025/analysis/cell_crops/yellow/B2AI_1_Paclitaxel_A1_R6_z01_yellow_cell111.png,,,/Users/ashi/github/cm4ai_codefest2025/analysis/cell_crops,B2AI_1_Paclitaxel_A1_R6_z01_yellow_,111,B2AI_1_Paclitaxel_A1_R6_z01_yellow
,/Users/ashi/github/cm4ai_codefest2025/analysis/cell_crops/yellow/B2AI_1_Paclitaxel_A1_R6_z01_yellow_cell112.png,,,/Users/ashi/github/cm4ai_codefest2025/analysis/cell_crops,B2AI_1_Paclitaxel_A1_R6_z01_yellow_,112,B2AI_1_Paclitaxel_A1_R6_z01_yellow
,/Users/ashi/github/cm4ai_codefest2025/analysis/cell_crops/yellow/B2AI_1_Paclitaxel_A1_R6_z01_yellow_cell113.png,,,/Users/ashi/github/cm4ai_codefest2025/analysis/cell_crops,B2AI_1_Paclitaxel_A1_R6_z01_yellow_,113,B2AI_1_Paclitaxel_A1_R6_z01_yellow
,/Users/ashi/github/cm4ai_codefest2025/analysis/cell_crops/yellow/B2AI_1_Paclitaxel_A1_R6_z01_yellow_cell114.png,,,/Users/ashi/github/cm4ai_codefest2025/analysis/cell_crops,B2AI_1_Paclitaxel_A1_R6_z01_yellow_,114,B2AI_1_Paclitaxel_A1_R6_z01_yellow
,/Users/ashi/github/cm4ai_codefest2025/analysis/cell_crops/yellow/B2AI_1_Paclitaxel_A1_R6_z01_yellow_cell115.png,,,/Users/ashi/github/cm4ai_codefest2025/analysis/cell_crops,B2AI_1_Paclitaxel_A1_R6_z01_yellow_,115,B2AI_1_Paclitaxel_A1_R6_z01_yellow
,/Users/ashi/github/cm4ai_codefest2025/analysis/cell_crops/yellow/B2AI_1_Paclitaxel_A1_R6_z01_yellow_cell116.png,,,/Users/ashi/github/cm4ai_codefest2025/analysis/cell_crops,B2AI_1_Paclitaxel_A1_R6_z01_yellow_,116,B2AI_1_Paclitaxel_A1_R6_z01_yellow
,/Users/ashi/github/cm4ai_codefest2025/analysis/cell_crops/yellow/B2AI_1_Paclitaxel_A1_R6_z01_yellow_cell117.png,,,/Users/ashi/github/cm4ai_codefest2025/analysis/cell_crops,B2AI_1_Paclitaxel_A1_R6_z01_yellow_,117,B2AI_1_Paclitaxel_A1_R6_z01_yellow
,/Users/ashi/github/cm4ai_codefest2025/analysis/cell_crops/yellow/B2AI_1_Paclitaxel_A1_R6_z01_yellow_cell118.png,,,/Users/ashi/github/cm4ai_codefest2025/analysis/cell_crops,B2AI_1_Paclitaxel_A1_R6_z01_yellow_,118,B2AI_1_Paclitaxel_A1_R6_z01_yellow
,/Users/ashi/github/cm4ai_codefest2025/analysis/cell_crops/yellow/B2AI_1_Paclitaxel_A1_R6_z01_yellow_cell119.png,,,/Users/ashi/github/cm4ai_codefest2025/analysis/cell_crops,B2AI_1_Paclitaxel_A1_R6_z01_yellow_,119,B2AI_1_Paclitaxel_A1_R6_z01_yellow
,/Users/ashi/github/cm4ai_codefest2025/analysis/cell_crops/yellow/B2AI_1_Paclitaxel_A1_R6_z01_yellow_cell120.png,,,/Users/ashi/github/cm4ai_codefest2025/analysis/cell_crops,B2AI_1_Paclitaxel_A1_R6_z01_yellow_,120,B2AI_1_Paclitaxel_A1_R6_z01_yellow
,/Users/ashi/github/cm4ai_codefest2025/analysis/cell_crops/yellow/B2AI_1_Paclitaxel_A1_R6_z01_yellow_cell121.png,,,/Users/ashi/github/cm4ai_codefest2025/analysis/cell_crops,B2AI_1_Paclitaxel_A1_R6_z01_yellow_,121,B2AI_1_Paclitaxel_A1_R6_z01_yellow
,/Users/ashi/github/cm4ai_codefest2025/analysis/cell_crops/yellow/B2AI_1_Paclitaxel_A1_R6_z01_yellow_cell122.png,,,/Users/ashi/github/cm4ai_codefest2025/analysis/cell_crops,B2AI_1_Paclitaxel_A1_R6_z01_yellow_,122,B2AI_1_Paclitaxel_A1_R6_z01_yellow
,/Users/ashi/github/cm4ai_codefest2025/analysis/cell_crops/yellow/B2AI_1_Paclitaxel_A1_R6_z01_yellow_cell123.png,,,/Users/ashi/github/cm4ai_codefest2025/analysis/cell_crops,B2AI_1_Paclitaxel_A1_R6_z01_yellow_,123,B2AI_1_Paclitaxel_A1_R6_z01_yellow
,/Users/ashi/github/cm4ai_codefest2025/analysis/cell_crops/yellow/B2AI_1_Paclitaxel_A1_R6_z01_yellow_cell124.png,,,/Users/ashi/github/cm4ai_codefest2025/analysis/cell_crops,B2AI_1_Paclitaxel_A1_R6_z01_yellow_,124,B2AI_1_Paclitaxel_A1_R6_z01_yellow
,/Users/ashi/github/cm4ai_codefest2025/analysis/cell_crops/yellow/B2AI_1_Paclitaxel_A1_R6_z01_yellow_cell125.png,,,/Users/ashi/github/cm4ai_codefest2025/analysis/cell_crops,B2AI_1_Paclitaxel_A1_R6_z01_yellow_,125,B2AI_1_Paclitaxel_A1_R6_z01_yellow
,/Users/ashi/github/cm4ai_codefest2025/analysis/cell_crops/yellow/B2AI_1_Paclitaxel_A1_R6_z01_yellow_cell126.png,,,/Users/ashi/github/cm4ai_codefest2025/analysis/cell_crops,B2AI_1_Paclitaxel_A1_R6_z01_yellow_,126,B2AI_1_Paclitaxel_A1_R6_z01_yellow
,/Users/ashi/github/cm4ai_codefest2025/analysis/cell_crops/yellow/B2AI_1_Paclitaxel_A1_R6_z01_yellow_cell127.png,,,/Users/ashi/github/cm4ai_codefest2025/analysis/cell_crops,B2AI_1_Paclitaxel_A1_R6_z01_yellow_,127,B2AI_1_Paclitaxel_A1_R6_z01_yellow
,/Users/ashi/github/cm4ai_codefest2025/analysis/cell_crops/yellow/B2AI_1_Paclitaxel_A1_R6_z01_yellow_cell128.png,,,/Users/ashi/github/cm4ai_codefest2025/analysis/cell_crops,B2AI_1_Paclitaxel_A1_R6_z01_yellow_,128,B2AI_1_Paclitaxel_A1_R6_z01_yellow
,/Users/ashi/github/cm4ai_codefest2025/analysis/cell_crops/yellow/B2AI_1_Paclitaxel_A1_R6_z01_yellow_cell129.png,,,/Users/ashi/github/cm4ai_codefest2025/analysis/cell_crops,B2AI_1_Paclitaxel_A1_R6_z01_yellow_,129,B2AI_1_Paclitaxel_A1_R6_z01_yellow
,/Users/ashi/github/cm4ai_codefest2025/analysis/cell_crops/yellow/B2AI_1_Paclitaxel_A1_R6_z01_yellow_cell130.png,,,/Users/ashi/github/cm4ai_codefest2025/analysis/cell_crops,B2AI_1_Paclitaxel_A1_R6_z01_yellow_,130,B2AI_1_Paclitaxel_A1_R6_z01_yellow
,/Users/ashi/github/cm4ai_codefest2025/analysis/cell_crops/yellow/B2AI_1_Paclitaxel_A1_R6_z01_yellow_cell131.png,,,/Users/ashi/github/cm4ai_codefest2025/analysis/cell_crops,B2AI_1_Paclitaxel_A1_R6_z01_yellow_,131,B2AI_1_Paclitaxel_A1_R6_z01_yellow
,/Users/ashi/github/cm4ai_codefest2025/analysis/cell_crops/yellow/B2AI_1_Paclitaxel_A1_R6_z01_yellow_cell132.png,,,/Users/ashi/github/cm4ai_codefest2025/analysis/cell_crops,B2AI_1_Paclitaxel_A1_R6_z01_yellow_,132,B2AI_1_Paclitaxel_A1_R6_z01_yellow
,/Users/ashi/github/cm4ai_codefest2025/analysis/cell_crops/yellow/B2AI_1_Paclitaxel_A1_R6_z01_yellow_cell133.png,,,/Users/ashi/github/cm4ai_codefest2025/analysis/cell_crops,B2AI_1_Paclitaxel_A1_R6_z01_yellow_,133,B2AI_1_Paclitaxel_A1_R6_z01_yellow
,/Users/ashi/github/cm4ai_codefest2025/analysis/cell_crops/yellow/B2AI_1_Paclitaxel_A1_R6_z01_yellow_cell134.png,,,/Users/ashi/github/cm4ai_codefest2025/analysis/cell_crops,B2AI_1_Paclitaxel_A1_R6_z01_yellow_,134,B2AI_1_Paclitaxel_A1_R6_z01_yellow
,/Users/ashi/github/cm4ai_codefest2025/analysis/cell_crops/yellow/B2AI_1_Paclitaxel_A1_R6_z01_yellow_cell135.png,,,/Users/ashi/github/cm4ai_codefest2025/analysis/cell_crops,B2AI_1_Paclitaxel_A1_R6_z01_yellow_,135,B2AI_1_Paclitaxel_A1_R6_z01_yellow
,/Users/ashi/github/cm4ai_codefest2025/analysis/cell_crops/yellow/B2AI_1_Paclitaxel_A1_R6_z01_yellow_cell136.png,,,/Users/ashi/github/cm4ai_codefest2025/analysis/cell_crops,B2AI_1_Paclitaxel_A1_R6_z01_yellow_,136,B2AI_1_Paclitaxel_A1_R6_z01_yellow
,/Users/ashi/github/cm4ai_codefest2025/analysis/cell_crops/yellow/B2AI_1_Paclitaxel_A1_R6_z01_yellow_cell137.png,,,/Users/ashi/github/cm4ai_codefest2025/analysis/cell_crops,B2AI_1_Paclitaxel_A1_R6_z01_yellow_,137,B2AI_1_Paclitaxel_A1_R6_z01_yellow
,/Users/ashi/github/cm4ai_codefest2025/analysis/cell_crops/yellow/B2AI_1_Paclitaxel_A1_R6_z01_yellow_cell138.png,,,/Users/ashi/github/cm4ai_codefest2025/analysis/cell_crops,B2AI_1_Paclitaxel_A1_R6_z01_yellow_,138,B2AI_1_Paclitaxel_A1_R6_z01_yellow
,/Users/ashi/github/cm4ai_codefest2025/analysis/cell_crops/yellow/B2AI_1_Paclitaxel_A1_R6_z01_yellow_cell139.png,,,/Users/ashi/github/cm4ai_codefest2025/analysis/cell_crops,B2AI_1_Paclitaxel_A1_R6_z01_yellow_,139,B2AI_1_Paclitaxel_A1_R6_z01_yellow
,/Users/ashi/github/cm4ai_codefest2025/analysis/cell_crops/yellow/B2AI_1_Paclitaxel_A1_R6_z01_yellow_cell140.png,,,/Users/ashi/github/cm4ai_codefest2025/analysis/cell_crops,B2AI_1_Paclitaxel_A1_R6_z01_yellow_,140,B2AI_1_Paclitaxel_A1_R6_z01_yellow
,/Users/ashi/github/cm4ai_codefest2025/analysis/cell_crops/yellow/B2AI_1_Paclitaxel_A1_R6_z01_yellow_cell141.png,,,/Users/ashi/github/cm4ai_codefest2025/analysis/cell_crops,B2AI_1_Paclitaxel_A1_R6_z01_yellow_,141,B2AI_1_Paclitaxel_A1_R6_z01_yellow
,/Users/ashi/github/cm4ai_codefest2025/analysis/cell_crops/yellow/B2AI_1_Paclitaxel_A1_R6_z01_yellow_cell142.png,,,/Users/ashi/github/cm4ai_codefest2025/analysis/cell_crops,B2AI_1_Paclitaxel_A1_R6_z01_yellow_,142,B2AI_1_Paclitaxel_A1_R6_z01_yellow
,/Users/ashi/github/cm4ai_codefest2025/analysis/cell_crops/yellow/B2AI_1_Paclitaxel_A1_R6_z01_yellow_cell143.png,,,/Users/ashi/github/cm4ai_codefest2025/analysis/cell_crops,B2AI_1_Paclitaxel_A1_R6_z01_yellow_,143,B2AI_1_Paclitaxel_A1_R6_z01_yellow
,/Users/ashi/github/cm4ai_codefest2025/analysis/cell_crops/yellow/B2AI_1_Paclitaxel_A1_R6_z01_yellow_cell144.png,,,/Users/ashi/github/cm4ai_codefest2025/analysis/cell_crops,B2AI_1_Paclitaxel_A1_R6_z01_yellow_,144,B2AI_1_Paclitaxel_A1_R6_z01_yellow
,/Users/ashi/github/cm4ai_codefest2025/analysis/cell_crops/yellow/B2AI_1_Paclitaxel_A1_R6_z01_yellow_cell145.png,,,/Users/ashi/github/cm4ai_codefest2025/analysis/cell_crops,B2AI_1_Paclitaxel_A1_R6_z01_yellow_,145,B2AI_1_Paclitaxel_A1_R6_z01_yellow
,/Users/ashi/github/cm4ai_codefest2025/analysis/cell_crops/yellow/B2AI_1_Paclitaxel_A1_R6_z01_yellow_cell146.png,,,/Users/ashi/github/cm4ai_codefest2025/analysis/cell_crops,B2AI_1_Paclitaxel_A1_R6_z01_yellow_,146,B2AI_1_Paclitaxel_A1_R6_z01_yellow
,/Users/ashi/github/cm4ai_codefest2025/analysis/cell_crops/yellow/B2AI_1_Paclitaxel_A1_R6_z01_yellow_cell147.png,,,/Users/ashi/github/cm4ai_codefest2025/analysis/cell_crops,B2AI_1_Paclitaxel_A1_R6_z01_yellow_,147,B2AI_1_Paclitaxel_A1_R6_z01_yellow
,/Users/ashi/github/cm4ai_codefest2025/analysis/cell_crops/yellow/B2AI_1_Paclitaxel_A1_R6_z01_yellow_cell148.png,,,/Users/ashi/github/cm4ai_codefest2025/analysis/cell_crops,B2AI_1_Paclitaxel_A1_R6_z01_yellow_,148,B2AI_1_Paclitaxel_A1_R6_z01_yellow
,/Users/ashi/github/cm4ai_codefest2025/analysis/cell_crops/yellow/B2AI_1_Paclitaxel_A1_R6_z01_yellow_cell149.png,,,/Users/ashi/github/cm4ai_codefest2025/analysis/cell_crops,B2AI_1_Paclitaxel_A1_R6_z01_yellow_,149,B2AI_1_Paclitaxel_A1_R6_z01_yellow
,/Users/ashi/github/cm4ai_codefest2025/analysis/cell_crops/yellow/B2AI_1_Paclitaxel_A1_R6_z01_yellow_cell150.png,,,/Users/ashi/github/cm4ai_codefest2025/analysis/cell_crops,B2AI_1_Paclitaxel_A1_R6_z01_yellow_,150,B2AI_1_Paclitaxel_A1_R6_z01_yellow
,/Users/ashi/github/cm4ai_codefest2025/analysis/cell_crops/yellow/B2AI_1_Paclitaxel_A1_R6_z01_yellow_cell151.png,,,/Users/ashi/github/cm4ai_codefest2025/analysis/cell_crops,B2AI_1_Paclitaxel_A1_R6_z01_yellow_,151,B2AI_1_Paclitaxel_A1_R6_z01_yellow
,/Users/ashi/github/cm4ai_codefest2025/analysis/cell_crops/yellow/B2AI_1_Paclitaxel_A1_R6_z01_yellow_cell152.png,,,/Users/ashi/github/cm4ai_codefest2025/analysis/cell_crops,B2AI_1_Paclitaxel_A1_R6_z01_yellow_,152,B2AI_1_Paclitaxel_A1_R6_z01_yellow
,/Users/ashi/github/cm4ai_codefest2025/analysis/cell_crops/yellow/B2AI_1_Paclitaxel_A1_R6_z01_yellow_cell153.png,,,/Users/ashi/github/cm4ai_codefest2025/analysis/cell_crops,B2AI_1_Paclitaxel_A1_R6_z01_yellow_,153,B2AI_1_Paclitaxel_A1_R6_z01_yellow
,/Users/ashi/github/cm4ai_codefest2025/analysis/cell_crops/yellow/B2AI_1_Paclitaxel_A1_R6_z01_yellow_cell154.png,,,/Users/ashi/github/cm4ai_codefest2025/analysis/cell_crops,B2AI_1_Paclitaxel_A1_R6_z01_yellow_,154,B2AI_1_Paclitaxel_A1_R6_z01_yellow
,/Users/ashi/github/cm4ai_codefest2025/analysis/cell_crops/yellow/B2AI_1_Paclitaxel_A1_R6_z01_yellow_cell155.png,,,/Users/ashi/github/cm4ai_codefest2025/analysis/cell_crops,B2AI_1_Paclitaxel_A1_R6_z01_yellow_,155,B2AI_1_Paclitaxel_A1_R6_z01_yellow
,/Users/ashi/github/cm4ai_codefest2025/analysis/cell_crops/yellow/B2AI_1_Paclitaxel_A1_R6_z01_yellow_cell156.png,,,/Users/ashi/github/cm4ai_codefest2025/analysis/cell_crops,B2AI_1_Paclitaxel_A1_R6_z01_yellow_,156,B2AI_1_Paclitaxel_A1_R6_z01_yellow
,/Users/ashi/github/cm4ai_codefest2025/analysis/cell_crops/yellow/B2AI_1_Paclitaxel_A1_R6_z01_yellow_cell157.png,,,/Users/ashi/github/cm4ai_codefest2025/analysis/cell_crops,B2AI_1_Paclitaxel_A1_R6_z01_yellow_,157,B2AI_1_Paclitaxel_A1_R6_z01_yellow
,/Users/ashi/github/cm4ai_codefest2025/analysis/cell_crops/yellow/B2AI_1_Paclitaxel_A1_R6_z01_yellow_cell158.png,,,/Users/ashi/github/cm4ai_codefest2025/analysis/cell_crops,B2AI_1_Paclitaxel_A1_R6_z01_yellow_,158,B2AI_1_Paclitaxel_A1_R6_z01_yellow
,/Users/ashi/github/cm4ai_codefest2025/analysis/cell_crops/yellow/B2AI_1_Paclitaxel_A1_R6_z01_yellow_cell159.png,,,/Users/ashi/github/cm4ai_codefest2025/analysis/cell_crops,B2AI_1_Paclitaxel_A1_R6_z01_yellow_,159,B2AI_1_Paclitaxel_A1_R6_z01_yellow
,/Users/ashi/github/cm4ai_codefest2025/analysis/cell_crops/yellow/B2AI_1_Paclitaxel_A2_R11_z01_yellow_cell1.png,,,/Users/ashi/github/cm4ai_codefest2025/analysis/cell_crops,B2AI_1_Paclitaxel_A2_R11_z01_yellow_,1,B2AI_1_Paclitaxel_A2_R11_z01_yellow
,/Users/ashi/github/cm4ai_codefest2025/analysis/cell_crops/yellow/B2AI_1_Paclitaxel_A2_R11_z01_yellow_cell2.png,,,/Users/ashi/github/cm4ai_codefest2025/analysis/cell_crops,B2AI_1_Paclitaxel_A2_R11_z01_yellow_,2,B2AI_1_Paclitaxel_A2_R11_z01_yellow
,/Users/ashi/github/cm4ai_codefest2025/analysis/cell_crops/yellow/B2AI_1_Paclitaxel_A2_R11_z01_yellow_cell3.png,,,/Users/ashi/github/cm4ai_codefest2025/analysis/cell_crops,B2AI_1_Paclitaxel_A2_R11_z01_yellow_,3,B2AI_1_Paclitaxel_A2_R11_z01_yellow
,/Users/ashi/github/cm4ai_codefest2025/analysis/cell_crops/yellow/B2AI_1_Paclitaxel_A2_R11_z01_yellow_cell4.png,,,/Users/ashi/github/cm4ai_codefest2025/analysis/cell_crops,B2AI_1_Paclitaxel_A2_R11_z01_yellow_,4,B2AI_1_Paclitaxel_A2_R11_z01_yellow
,/Users/ashi/github/cm4ai_codefest2025/analysis/cell_crops/yellow/B2AI_1_Paclitaxel_A2_R11_z01_yellow_cell5.png,,,/Users/ashi/github/cm4ai_codefest2025/analysis/cell_crops,B2AI_1_Paclitaxel_A2_R11_z01_yellow_,5,B2AI_1_Paclitaxel_A2_R11_z01_yellow
,/Users/ashi/github/cm4ai_codefest2025/analysis/cell_crops/yellow/B2AI_1_Paclitaxel_A2_R11_z01_yellow_cell6.png,,,/Users/ashi/github/cm4ai_codefest2025/analysis/cell_crops,B2AI_1_Paclitaxel_A2_R11_z01_yellow_,6,B2AI_1_Paclitaxel_A2_R11_z01_yellow
,/Users/ashi/github/cm4ai_codefest2025/analysis/cell_crops/yellow/B2AI_1_Paclitaxel_A2_R11_z01_yellow_cell7.png,,,/Users/ashi/github/cm4ai_codefest2025/analysis/cell_crops,B2AI_1_Paclitaxel_A2_R11_z01_yellow_,7,B2AI_1_Paclitaxel_A2_R11_z01_yellow
,/Users/ashi/github/cm4ai_codefest2025/analysis/cell_crops/yellow/B2AI_1_Paclitaxel_A2_R11_z01_yellow_cell8.png,,,/Users/ashi/github/cm4ai_codefest2025/analysis/cell_crops,B2AI_1_Paclitaxel_A2_R11_z01_yellow_,8,B2AI_1_Paclitaxel_A2_R11_z01_yellow
,/Users/ashi/github/cm4ai_codefest2025/analysis/cell_crops/yellow/B2AI_1_Paclitaxel_A2_R11_z01_yellow_cell9.png,,,/Users/ashi/github/cm4ai_codefest2025/analysis/cell_crops,B2AI_1_Paclitaxel_A2_R11_z01_yellow_,9,B2AI_1_Paclitaxel_A2_R11_z01_yellow
,/Users/ashi/github/cm4ai_codefest2025/analysis/cell_crops/yellow/B2AI_1_Paclitaxel_A2_R11_z01_yellow_cell10.png,,,/Users/ashi/github/cm4ai_codefest2025/analysis/cell_crops,B2AI_1_Paclitaxel_A2_R11_z01_yellow_,10,B2AI_1_Paclitaxel_A2_R11_z01_yellow
,/Users/ashi/github/cm4ai_codefest2025/analysis/cell_crops/yellow/B2AI_1_Paclitaxel_A2_R11_z01_yellow_cell11.png,,,/Users/ashi/github/cm4ai_codefest2025/analysis/cell_crops,B2AI_1_Paclitaxel_A2_R11_z01_yellow_,11,B2AI_1_Paclitaxel_A2_R11_z01_yellow
,/Users/ashi/github/cm4ai_codefest2025/analysis/cell_crops/yellow/B2AI_1_Paclitaxel_A2_R11_z01_yellow_cell12.png,,,/Users/ashi/github/cm4ai_codefest2025/analysis/cell_crops,B2AI_1_Paclitaxel_A2_R11_z01_yellow_,12,B2AI_1_Paclitaxel_A2_R11_z01_yellow
,/Users/ashi/github/cm4ai_codefest2025/analysis/cell_crops/yellow/B2AI_1_Paclitaxel_A2_R11_z01_yellow_cell13.png,,,/Users/ashi/github/cm4ai_codefest2025/analysis/cell_crops,B2AI_1_Paclitaxel_A2_R11_z01_yellow_,13,B2AI_1_Paclitaxel_A2_R11_z01_yellow
,/Users/ashi/github/cm4ai_codefest2025/analysis/cell_crops/yellow/B2AI_1_Paclitaxel_A2_R11_z01_yellow_cell14.png,,,/Users/ashi/github/cm4ai_codefest2025/analysis/cell_crops,B2AI_1_Paclitaxel_A2_R11_z01_yellow_,14,B2AI_1_Paclitaxel_A2_R11_z01_yellow
,/Users/ashi/github/cm4ai_codefest2025/analysis/cell_crops/yellow/B2AI_1_Paclitaxel_A2_R11_z01_yellow_cell15.png,,,/Users/ashi/github/cm4ai_codefest2025/analysis/cell_crops,B2AI_1_Paclitaxel_A2_R11_z01_yellow_,15,B2AI_1_Paclitaxel_A2_R11_z01_yellow
,/Users/ashi/github/cm4ai_codefest2025/analysis/cell_crops/yellow/B2AI_1_Paclitaxel_A2_R11_z01_yellow_cell16.png,,,/Users/ashi/github/cm4ai_codefest2025/analysis/cell_crops,B2AI_1_Paclitaxel_A2_R11_z01_yellow_,16,B2AI_1_Paclitaxel_A2_R11_z01_yellow
,/Users/ashi/github/cm4ai_codefest2025/analysis/cell_crops/yellow/B2AI_1_Paclitaxel_A2_R11_z01_yellow_cell17.png,,,/Users/ashi/github/cm4ai_codefest2025/analysis/cell_crops,B2AI_1_Paclitaxel_A2_R11_z01_yellow_,17,B2AI_1_Paclitaxel_A2_R11_z01_yellow
,/Users/ashi/github/cm4ai_codefest2025/analysis/cell_crops/yellow/B2AI_1_Paclitaxel_A2_R11_z01_yellow_cell18.png,,,/Users/ashi/github/cm4ai_codefest2025/analysis/cell_crops,B2AI_1_Paclitaxel_A2_R11_z01_yellow_,18,B2AI_1_Paclitaxel_A2_R11_z01_yellow
,/Users/ashi/github/cm4ai_codefest2025/analysis/cell_crops/yellow/B2AI_1_Paclitaxel_A2_R11_z01_yellow_cell19.png,,,/Users/ashi/github/cm4ai_codefest2025/analysis/cell_crops,B2AI_1_Paclitaxel_A2_R11_z01_yellow_,19,B2AI_1_Paclitaxel_A2_R11_z01_yellow
,/Users/ashi/github/cm4ai_codefest2025/analysis/cell_crops/yellow/B2AI_1_Paclitaxel_A2_R11_z01_yellow_cell20.png,,,/Users/ashi/github/cm4ai_codefest2025/analysis/cell_crops,B2AI_1_Paclitaxel_A2_R11_z01_yellow_,20,B2AI_1_Paclitaxel_A2_R11_z01_yellow
,/Users/ashi/github/cm4ai_codefest2025/analysis/cell_crops/yellow/B2AI_1_Paclitaxel_A2_R11_z01_yellow_cell21.png,,,/Users/ashi/github/cm4ai_codefest2025/analysis/cell_crops,B2AI_1_Paclitaxel_A2_R11_z01_yellow_,21,B2AI_1_Paclitaxel_A2_R11_z01_yellow
,/Users/ashi/github/cm4ai_codefest2025/analysis/cell_crops/yellow/B2AI_1_Paclitaxel_A2_R11_z01_yellow_cell22.png,,,/Users/ashi/github/cm4ai_codefest2025/analysis/cell_crops,B2AI_1_Paclitaxel_A2_R11_z01_yellow_,22,B2AI_1_Paclitaxel_A2_R11_z01_yellow
,/Users/ashi/github/cm4ai_codefest2025/analysis/cell_crops/yellow/B2AI_1_Paclitaxel_A2_R11_z01_yellow_cell23.png,,,/Users/ashi/github/cm4ai_codefest2025/analysis/cell_crops,B2AI_1_Paclitaxel_A2_R11_z01_yellow_,23,B2AI_1_Paclitaxel_A2_R11_z01_yellow
,/Users/ashi/github/cm4ai_codefest2025/analysis/cell_crops/yellow/B2AI_1_Paclitaxel_A2_R11_z01_yellow_cell24.png,,,/Users/ashi/github/cm4ai_codefest2025/analysis/cell_crops,B2AI_1_Paclitaxel_A2_R11_z01_yellow_,24,B2AI_1_Paclitaxel_A2_R11_z01_yellow
,/Users/ashi/github/cm4ai_codefest2025/analysis/cell_crops/yellow/B2AI_1_Paclitaxel_A2_R11_z01_yellow_cell25.png,,,/Users/ashi/github/cm4ai_codefest2025/analysis/cell_crops,B2AI_1_Paclitaxel_A2_R11_z01_yellow_,25,B2AI_1_Paclitaxel_A2_R11_z01_yellow
,/Users/ashi/github/cm4ai_codefest2025/analysis/cell_crops/yellow/B2AI_1_Paclitaxel_A2_R11_z01_yellow_cell26.png,,,/Users/ashi/github/cm4ai_codefest2025/analysis/cell_crops,B2AI_1_Paclitaxel_A2_R11_z01_yellow_,26,B2AI_1_Paclitaxel_A2_R11_z01_yellow
,/Users/ashi/github/cm4ai_codefest2025/analysis/cell_crops/yellow/B2AI_1_Paclitaxel_A2_R11_z01_yellow_cell27.png,,,/Users/ashi/github/cm4ai_codefest2025/analysis/cell_crops,B2AI_1_Paclitaxel_A2_R11_z01_yellow_,27,B2AI_1_Paclitaxel_A2_R11_z01_yellow
,/Users/ashi/github/cm4ai_codefest2025/analysis/cell_crops/yellow/B2AI_1_Paclitaxel_A2_R11_z01_yellow_cell28.png,,,/Users/ashi/github/cm4ai_codefest2025/analysis/cell_crops,B2AI_1_Paclitaxel_A2_R11_z01_yellow_,28,B2AI_1_Paclitaxel_A2_R11_z01_yellow
,/Users/ashi/github/cm4ai_codefest2025/analysis/cell_crops/yellow/B2AI_1_Paclitaxel_A2_R11_z01_yellow_cell29.png,,,/Users/ashi/github/cm4ai_codefest2025/analysis/cell_crops,B2AI_1_Paclitaxel_A2_R11_z01_yellow_,29,B2AI_1_Paclitaxel_A2_R11_z01_yellow
,/Users/ashi/github/cm4ai_codefest2025/analysis/cell_crops/yellow/B2AI_1_Paclitaxel_A2_R11_z01_yellow_cell30.png,,,/Users/ashi/github/cm4ai_codefest2025/analysis/cell_crops,B2AI_1_Paclitaxel_A2_R11_z01_yellow_,30,B2AI_1_Paclitaxel_A2_R11_z01_yellow
,/Users/ashi/github/cm4ai_codefest2025/analysis/cell_crops/yellow/B2AI_1_Paclitaxel_A2_R11_z01_yellow_cell31.png,,,/Users/ashi/github/cm4ai_codefest2025/analysis/cell_crops,B2AI_1_Paclitaxel_A2_R11_z01_yellow_,31,B2AI_1_Paclitaxel_A2_R11_z01_yellow
,/Users/ashi/github/cm4ai_codefest2025/analysis/cell_crops/yellow/B2AI_1_Paclitaxel_A2_R11_z01_yellow_cell32.png,,,/Users/ashi/github/cm4ai_codefest2025/analysis/cell_crops,B2AI_1_Paclitaxel_A2_R11_z01_yellow_,32,B2AI_1_Paclitaxel_A2_R11_z01_yellow
,/Users/ashi/github/cm4ai_codefest2025/analysis/cell_crops/yellow/B2AI_1_Paclitaxel_A2_R11_z01_yellow_cell33.png,,,/Users/ashi/github/cm4ai_codefest2025/analysis/cell_crops,B2AI_1_Paclitaxel_A2_R11_z01_yellow_,33,B2AI_1_Paclitaxel_A2_R11_z01_yellow
,/Users/ashi/github/cm4ai_codefest2025/analysis/cell_crops/yellow/B2AI_1_Paclitaxel_A2_R11_z01_yellow_cell34.png,,,/Users/ashi/github/cm4ai_codefest2025/analysis/cell_crops,B2AI_1_Paclitaxel_A2_R11_z01_yellow_,34,B2AI_1_Paclitaxel_A2_R11_z01_yellow
,/Users/ashi/github/cm4ai_codefest2025/analysis/cell_crops/yellow/B2AI_1_Paclitaxel_A2_R11_z01_yellow_cell35.png,,,/Users/ashi/github/cm4ai_codefest2025/analysis/cell_crops,B2AI_1_Paclitaxel_A2_R11_z01_yellow_,35,B2AI_1_Paclitaxel_A2_R11_z01_yellow
,/Users/ashi/github/cm4ai_codefest2025/analysis/cell_crops/yellow/B2AI_1_Paclitaxel_A2_R11_z01_yellow_cell36.png,,,/Users/ashi/github/cm4ai_codefest2025/analysis/cell_crops,B2AI_1_Paclitaxel_A2_R11_z01_yellow_,36,B2AI_1_Paclitaxel_A2_R11_z01_yellow
,/Users/ashi/github/cm4ai_codefest2025/analysis/cell_crops/yellow/B2AI_1_Paclitaxel_A2_R11_z01_yellow_cell37.png,,,/Users/ashi/github/cm4ai_codefest2025/analysis/cell_crops,B2AI_1_Paclitaxel_A2_R11_z01_yellow_,37,B2AI_1_Paclitaxel_A2_R11_z01_yellow
,/Users/ashi/github/cm4ai_codefest2025/analysis/cell_crops/yellow/B2AI_1_Paclitaxel_A2_R11_z01_yellow_cell38.png,,,/Users/ashi/github/cm4ai_codefest2025/analysis/cell_crops,B2AI_1_Paclitaxel_A2_R11_z01_yellow_,38,B2AI_1_Paclitaxel_A2_R11_z01_yellow
,/Users/ashi/github/cm4ai_codefest2025/analysis/cell_crops/yellow/B2AI_1_Paclitaxel_A2_R11_z01_yellow_cell39.png,,,/Users/ashi/github/cm4ai_codefest2025/analysis/cell_crops,B2AI_1_Paclitaxel_A2_R11_z01_yellow_,39,B2AI_1_Paclitaxel_A2_R11_z01_yellow
,/Users/ashi/github/cm4ai_codefest2025/analysis/cell_crops/yellow/B2AI_1_Paclitaxel_A2_R11_z01_yellow_cell40.png,,,/Users/ashi/github/cm4ai_codefest2025/analysis/cell_crops,B2AI_1_Paclitaxel_A2_R11_z01_yellow_,40,B2AI_1_Paclitaxel_A2_R11_z01_yellow
,/Users/ashi/github/cm4ai_codefest2025/analysis/cell_crops/yellow/B2AI_1_Paclitaxel_A2_R11_z01_yellow_cell41.png,,,/Users/ashi/github/cm4ai_codefest2025/analysis/cell_crops,B2AI_1_Paclitaxel_A2_R11_z01_yellow_,41,B2AI_1_Paclitaxel_A2_R11_z01_yellow
,/Users/ashi/github/cm4ai_codefest2025/analysis/cell_crops/yellow/B2AI_1_Paclitaxel_A2_R11_z01_yellow_cell42.png,,,/Users/ashi/github/cm4ai_codefest2025/analysis/cell_crops,B2AI_1_Paclitaxel_A2_R11_z01_yellow_,42,B2AI_1_Paclitaxel_A2_R11_z01_yellow
,/Users/ashi/github/cm4ai_codefest2025/analysis/cell_crops/yellow/B2AI_1_Paclitaxel_A2_R11_z01_yellow_cell43.png,,,/Users/ashi/github/cm4ai_codefest2025/analysis/cell_crops,B2AI_1_Paclitaxel_A2_R11_z01_yellow_,43,B2AI_1_Paclitaxel_A2_R11_z01_yellow
,/Users/ashi/github/cm4ai_codefest2025/analysis/cell_crops/yellow/B2AI_1_Paclitaxel_A2_R11_z01_yellow_cell44.png,,,/Users/ashi/github/cm4ai_codefest2025/analysis/cell_crops,B2AI_1_Paclitaxel_A2_R11_z01_yellow_,44,B2AI_1_Paclitaxel_A2_R11_z01_yellow
,/Users/ashi/github/cm4ai_codefest2025/analysis/cell_crops/yellow/B2AI_1_Paclitaxel_A2_R11_z01_yellow_cell45.png,,,/Users/ashi/github/cm4ai_codefest2025/analysis/cell_crops,B2AI_1_Paclitaxel_A2_R11_z01_yellow_,45,B2AI_1_Paclitaxel_A2_R11_z01_yellow
,/Users/ashi/github/cm4ai_codefest2025/analysis/cell_crops/yellow/B2AI_1_Paclitaxel_A2_R11_z01_yellow_cell46.png,,,/Users/ashi/github/cm4ai_codefest2025/analysis/cell_crops,B2AI_1_Paclitaxel_A2_R11_z01_yellow_,46,B2AI_1_Paclitaxel_A2_R11_z01_yellow
,/Users/ashi/github/cm4ai_codefest2025/analysis/cell_crops/yellow/B2AI_1_Paclitaxel_A2_R11_z01_yellow_cell47.png,,,/Users/ashi/github/cm4ai_codefest2025/analysis/cell_crops,B2AI_1_Paclitaxel_A2_R11_z01_yellow_,47,B2AI_1_Paclitaxel_A2_R11_z01_yellow
,/Users/ashi/github/cm4ai_codefest2025/analysis/cell_crops/yellow/B2AI_1_Paclitaxel_A2_R11_z01_yellow_cell48.png,,,/Users/ashi/github/cm4ai_codefest2025/analysis/cell_crops,B2AI_1_Paclitaxel_A2_R11_z01_yellow_,48,B2AI_1_Paclitaxel_A2_R11_z01_yellow
,/Users/ashi/github/cm4ai_codefest2025/analysis/cell_crops/yellow/B2AI_1_Paclitaxel_A2_R11_z01_yellow_cell49.png,,,/Users/ashi/github/cm4ai_codefest2025/analysis/cell_crops,B2AI_1_Paclitaxel_A2_R11_z01_yellow_,49,B2AI_1_Paclitaxel_A2_R11_z01_yellow
,/Users/ashi/github/cm4ai_codefest2025/analysis/cell_crops/yellow/B2AI_1_Paclitaxel_A2_R11_z01_yellow_cell50.png,,,/Users/ashi/github/cm4ai_codefest2025/analysis/cell_crops,B2AI_1_Paclitaxel_A2_R11_z01_yellow_,50,B2AI_1_Paclitaxel_A2_R11_z01_yellow
,/Users/ashi/github/cm4ai_codefest2025/analysis/cell_crops/yellow/B2AI_1_Paclitaxel_A2_R11_z01_yellow_cell51.png,,,/Users/ashi/github/cm4ai_codefest2025/analysis/cell_crops,B2AI_1_Paclitaxel_A2_R11_z01_yellow_,51,B2AI_1_Paclitaxel_A2_R11_z01_yellow
,/Users/ashi/github/cm4ai_codefest2025/analysis/cell_crops/yellow/B2AI_1_Paclitaxel_A2_R11_z01_yellow_cell52.png,,,/Users/ashi/github/cm4ai_codefest2025/analysis/cell_crops,B2AI_1_Paclitaxel_A2_R11_z01_yellow_,52,B2AI_1_Paclitaxel_A2_R11_z01_yellow
,/Users/ashi/github/cm4ai_codefest2025/analysis/cell_crops/yellow/B2AI_1_Paclitaxel_A2_R11_z01_yellow_cell53.png,,,/Users/ashi/github/cm4ai_codefest2025/analysis/cell_crops,B2AI_1_Paclitaxel_A2_R11_z01_yellow_,53,B2AI_1_Paclitaxel_A2_R11_z01_yellow
,/Users/ashi/github/cm4ai_codefest2025/analysis/cell_crops/yellow/B2AI_1_Paclitaxel_A2_R11_z01_yellow_cell54.png,,,/Users/ashi/github/cm4ai_codefest2025/analysis/cell_crops,B2AI_1_Paclitaxel_A2_R11_z01_yellow_,54,B2AI_1_Paclitaxel_A2_R11_z01_yellow
,/Users/ashi/github/cm4ai_codefest2025/analysis/cell_crops/yellow/B2AI_1_Paclitaxel_A2_R11_z01_yellow_cell55.png,,,/Users/ashi/github/cm4ai_codefest2025/analysis/cell_crops,B2AI_1_Paclitaxel_A2_R11_z01_yellow_,55,B2AI_1_Paclitaxel_A2_R11_z01_yellow
,/Users/ashi/github/cm4ai_codefest2025/analysis/cell_crops/yellow/B2AI_1_Paclitaxel_A2_R11_z01_yellow_cell56.png,,,/Users/ashi/github/cm4ai_codefest2025/analysis/cell_crops,B2AI_1_Paclitaxel_A2_R11_z01_yellow_,56,B2AI_1_Paclitaxel_A2_R11_z01_yellow
,/Users/ashi/github/cm4ai_codefest2025/analysis/cell_crops/yellow/B2AI_1_Paclitaxel_A2_R11_z01_yellow_cell57.png,,,/Users/ashi/github/cm4ai_codefest2025/analysis/cell_crops,B2AI_1_Paclitaxel_A2_R11_z01_yellow_,57,B2AI_1_Paclitaxel_A2_R11_z01_yellow
,/Users/ashi/github/cm4ai_codefest2025/analysis/cell_crops/yellow/B2AI_1_Paclitaxel_A2_R11_z01_yellow_cell58.png,,,/Users/ashi/github/cm4ai_codefest2025/analysis/cell_crops,B2AI_1_Paclitaxel_A2_R11_z01_yellow_,58,B2AI_1_Paclitaxel_A2_R11_z01_yellow
,/Users/ashi/github/cm4ai_codefest2025/analysis/cell_crops/yellow/B2AI_1_Paclitaxel_A2_R11_z01_yellow_cell59.png,,,/Users/ashi/github/cm4ai_codefest2025/analysis/cell_crops,B2AI_1_Paclitaxel_A2_R11_z01_yellow_,59,B2AI_1_Paclitaxel_A2_R11_z01_yellow
,/Users/ashi/github/cm4ai_codefest2025/analysis/cell_crops/yellow/B2AI_1_Paclitaxel_A2_R11_z01_yellow_cell60.png,,,/Users/ashi/github/cm4ai_codefest2025/analysis/cell_crops,B2AI_1_Paclitaxel_A2_R11_z01_yellow_,60,B2AI_1_Paclitaxel_A2_R11_z01_yellow
,/Users/ashi/github/cm4ai_codefest2025/analysis/cell_crops/yellow/B2AI_1_Paclitaxel_A2_R11_z01_yellow_cell61.png,,,/Users/ashi/github/cm4ai_codefest2025/analysis/cell_crops,B2AI_1_Paclitaxel_A2_R11_z01_yellow_,61,B2AI_1_Paclitaxel_A2_R11_z01_yellow
,/Users/ashi/github/cm4ai_codefest2025/analysis/cell_crops/yellow/B2AI_1_Paclitaxel_A2_R11_z01_yellow_cell62.png,,,/Users/ashi/github/cm4ai_codefest2025/analysis/cell_crops,B2AI_1_Paclitaxel_A2_R11_z01_yellow_,62,B2AI_1_Paclitaxel_A2_R11_z01_yellow
,/Users/ashi/github/cm4ai_codefest2025/analysis/cell_crops/yellow/B2AI_1_Paclitaxel_A2_R11_z01_yellow_cell63.png,,,/Users/ashi/github/cm4ai_codefest2025/analysis/cell_crops,B2AI_1_Paclitaxel_A2_R11_z01_yellow_,63,B2AI_1_Paclitaxel_A2_R11_z01_yellow
,/Users/ashi/github/cm4ai_codefest2025/analysis/cell_crops/yellow/B2AI_1_Paclitaxel_A2_R11_z01_yellow_cell64.png,,,/Users/ashi/github/cm4ai_codefest2025/analysis/cell_crops,B2AI_1_Paclitaxel_A2_R11_z01_yellow_,64,B2AI_1_Paclitaxel_A2_R11_z01_yellow
,/Users/ashi/github/cm4ai_codefest2025/analysis/cell_crops/yellow/B2AI_1_Paclitaxel_A2_R11_z01_yellow_cell65.png,,,/Users/ashi/github/cm4ai_codefest2025/analysis/cell_crops,B2AI_1_Paclitaxel_A2_R11_z01_yellow_,65,B2AI_1_Paclitaxel_A2_R11_z01_yellow
,/Users/ashi/github/cm4ai_codefest2025/analysis/cell_crops/yellow/B2AI_1_Paclitaxel_A2_R11_z01_yellow_cell66.png,,,/Users/ashi/github/cm4ai_codefest2025/analysis/cell_crops,B2AI_1_Paclitaxel_A2_R11_z01_yellow_,66,B2AI_1_Paclitaxel_A2_R11_z01_yellow
,/Users/ashi/github/cm4ai_codefest2025/analysis/cell_crops/yellow/B2AI_1_Paclitaxel_A2_R11_z01_yellow_cell67.png,,,/Users/ashi/github/cm4ai_codefest2025/analysis/cell_crops,B2AI_1_Paclitaxel_A2_R11_z01_yellow_,67,B2AI_1_Paclitaxel_A2_R11_z01_yellow
,/Users/ashi/github/cm4ai_codefest2025/analysis/cell_crops/yellow/B2AI_1_Paclitaxel_A2_R11_z01_yellow_cell68.png,,,/Users/ashi/github/cm4ai_codefest2025/analysis/cell_crops,B2AI_1_Paclitaxel_A2_R11_z01_yellow_,68,B2AI_1_Paclitaxel_A2_R11_z01_yellow
,/Users/ashi/github/cm4ai_codefest2025/analysis/cell_crops/yellow/B2AI_1_Paclitaxel_A2_R11_z01_yellow_cell69.png,,,/Users/ashi/github/cm4ai_codefest2025/analysis/cell_crops,B2AI_1_Paclitaxel_A2_R11_z01_yellow_,69,B2AI_1_Paclitaxel_A2_R11_z01_yellow
,/Users/ashi/github/cm4ai_codefest2025/analysis/cell_crops/yellow/B2AI_1_Paclitaxel_A2_R11_z01_yellow_cell70.png,,,/Users/ashi/github/cm4ai_codefest2025/analysis/cell_crops,B2AI_1_Paclitaxel_A2_R11_z01_yellow_,70,B2AI_1_Paclitaxel_A2_R11_z01_yellow
,/Users/ashi/github/cm4ai_codefest2025/analysis/cell_crops/yellow/B2AI_1_Paclitaxel_A2_R11_z01_yellow_cell71.png,,,/Users/ashi/github/cm4ai_codefest2025/analysis/cell_crops,B2AI_1_Paclitaxel_A2_R11_z01_yellow_,71,B2AI_1_Paclitaxel_A2_R11_z01_yellow
,/Users/ashi/github/cm4ai_codefest2025/analysis/cell_crops/yellow/B2AI_1_Paclitaxel_A2_R11_z01_yellow_cell72.png,,,/Users/ashi/github/cm4ai_codefest2025/analysis/cell_crops,B2AI_1_Paclitaxel_A2_R11_z01_yellow_,72,B2AI_1_Paclitaxel_A2_R11_z01_yellow
,/Users/ashi/github/cm4ai_codefest2025/analysis/cell_crops/yellow/B2AI_1_Paclitaxel_A2_R11_z01_yellow_cell73.png,,,/Users/ashi/github/cm4ai_codefest2025/analysis/cell_crops,B2AI_1_Paclitaxel_A2_R11_z01_yellow_,73,B2AI_1_Paclitaxel_A2_R11_z01_yellow
,/Users/ashi/github/cm4ai_codefest2025/analysis/cell_crops/yellow/B2AI_1_Paclitaxel_A2_R11_z01_yellow_cell74.png,,,/Users/ashi/github/cm4ai_codefest2025/analysis/cell_crops,B2AI_1_Paclitaxel_A2_R11_z01_yellow_,74,B2AI_1_Paclitaxel_A2_R11_z01_yellow
,/Users/ashi/github/cm4ai_codefest2025/analysis/cell_crops/yellow/B2AI_1_Paclitaxel_A2_R11_z01_yellow_cell75.png,,,/Users/ashi/github/cm4ai_codefest2025/analysis/cell_crops,B2AI_1_Paclitaxel_A2_R11_z01_yellow_,75,B2AI_1_Paclitaxel_A2_R11_z01_yellow
,/Users/ashi/github/cm4ai_codefest2025/analysis/cell_crops/yellow/B2AI_1_Paclitaxel_A2_R11_z01_yellow_cell76.png,,,/Users/ashi/github/cm4ai_codefest2025/analysis/cell_crops,B2AI_1_Paclitaxel_A2_R11_z01_yellow_,76,B2AI_1_Paclitaxel_A2_R11_z01_yellow
,/Users/ashi/github/cm4ai_codefest2025/analysis/cell_crops/yellow/B2AI_1_Paclitaxel_A2_R11_z01_yellow_cell77.png,,,/Users/ashi/github/cm4ai_codefest2025/analysis/cell_crops,B2AI_1_Paclitaxel_A2_R11_z01_yellow_,77,B2AI_1_Paclitaxel_A2_R11_z01_yellow
,/Users/ashi/github/cm4ai_codefest2025/analysis/cell_crops/yellow/B2AI_1_Paclitaxel_A2_R11_z01_yellow_cell78.png,,,/Users/ashi/github/cm4ai_codefest2025/analysis/cell_crops,B2AI_1_Paclitaxel_A2_R11_z01_yellow_,78,B2AI_1_Paclitaxel_A2_R11_z01_yellow
,/Users/ashi/github/cm4ai_codefest2025/analysis/cell_crops/yellow/B2AI_1_Paclitaxel_A2_R11_z01_yellow_cell79.png,,,/Users/ashi/github/cm4ai_codefest2025/analysis/cell_crops,B2AI_1_Paclitaxel_A2_R11_z01_yellow_,79,B2AI_1_Paclitaxel_A2_R11_z01_yellow
,/Users/ashi/github/cm4ai_codefest2025/analysis/cell_crops/yellow/B2AI_1_Paclitaxel_A2_R11_z01_yellow_cell80.png,,,/Users/ashi/github/cm4ai_codefest2025/analysis/cell_crops,B2AI_1_Paclitaxel_A2_R11_z01_yellow_,80,B2AI_1_Paclitaxel_A2_R11_z01_yellow
,/Users/ashi/github/cm4ai_codefest2025/analysis/cell_crops/yellow/B2AI_1_Paclitaxel_A2_R11_z01_yellow_cell81.png,,,/Users/ashi/github/cm4ai_codefest2025/analysis/cell_crops,B2AI_1_Paclitaxel_A2_R11_z01_yellow_,81,B2AI_1_Paclitaxel_A2_R11_z01_yellow
,/Users/ashi/github/cm4ai_codefest2025/analysis/cell_crops/yellow/B2AI_1_Paclitaxel_A2_R11_z01_yellow_cell82.png,,,/Users/ashi/github/cm4ai_codefest2025/analysis/cell_crops,B2AI_1_Paclitaxel_A2_R11_z01_yellow_,82,B2AI_1_Paclitaxel_A2_R11_z01_yellow
,/Users/ashi/github/cm4ai_codefest2025/analysis/cell_crops/yellow/B2AI_1_Paclitaxel_A2_R11_z01_yellow_cell83.png,,,/Users/ashi/github/cm4ai_codefest2025/analysis/cell_crops,B2AI_1_Paclitaxel_A2_R11_z01_yellow_,83,B2AI_1_Paclitaxel_A2_R11_z01_yellow
,/Users/ashi/github/cm4ai_codefest2025/analysis/cell_crops/yellow/B2AI_1_Paclitaxel_A2_R11_z01_yellow_cell84.png,,,/Users/ashi/github/cm4ai_codefest2025/analysis/cell_crops,B2AI_1_Paclitaxel_A2_R11_z01_yellow_,84,B2AI_1_Paclitaxel_A2_R11_z01_yellow
,/Users/ashi/github/cm4ai_codefest2025/analysis/cell_crops/yellow/B2AI_1_Paclitaxel_A2_R11_z01_yellow_cell85.png,,,/Users/ashi/github/cm4ai_codefest2025/analysis/cell_crops,B2AI_1_Paclitaxel_A2_R11_z01_yellow_,85,B2AI_1_Paclitaxel_A2_R11_z01_yellow
,/Users/ashi/github/cm4ai_codefest2025/analysis/cell_crops/yellow/B2AI_1_Paclitaxel_A2_R11_z01_yellow_cell86.png,,,/Users/ashi/github/cm4ai_codefest2025/analysis/cell_crops,B2AI_1_Paclitaxel_A2_R11_z01_yellow_,86,B2AI_1_Paclitaxel_A2_R11_z01_yellow
,/Users/ashi/github/cm4ai_codefest2025/analysis/cell_crops/yellow/B2AI_1_Paclitaxel_A2_R11_z01_yellow_cell87.png,,,/Users/ashi/github/cm4ai_codefest2025/analysis/cell_crops,B2AI_1_Paclitaxel_A2_R11_z01_yellow_,87,B2AI_1_Paclitaxel_A2_R11_z01_yellow
,/Users/ashi/github/cm4ai_codefest2025/analysis/cell_crops/yellow/B2AI_1_Paclitaxel_A2_R11_z01_yellow_cell88.png,,,/Users/ashi/github/cm4ai_codefest2025/analysis/cell_crops,B2AI_1_Paclitaxel_A2_R11_z01_yellow_,88,B2AI_1_Paclitaxel_A2_R11_z01_yellow
,/Users/ashi/github/cm4ai_codefest2025/analysis/cell_crops/yellow/B2AI_1_Paclitaxel_A2_R11_z01_yellow_cell89.png,,,/Users/ashi/github/cm4ai_codefest2025/analysis/cell_crops,B2AI_1_Paclitaxel_A2_R11_z01_yellow_,89,B2AI_1_Paclitaxel_A2_R11_z01_yellow
,/Users/ashi/github/cm4ai_codefest2025/analysis/cell_crops/yellow/B2AI_1_Paclitaxel_A2_R11_z01_yellow_cell90.png,,,/Users/ashi/github/cm4ai_codefest2025/analysis/cell_crops,B2AI_1_Paclitaxel_A2_R11_z01_yellow_,90,B2AI_1_Paclitaxel_A2_R11_z01_yellow
,/Users/ashi/github/cm4ai_codefest2025/analysis/cell_crops/yellow/B2AI_1_Paclitaxel_A2_R11_z01_yellow_cell91.png,,,/Users/ashi/github/cm4ai_codefest2025/analysis/cell_crops,B2AI_1_Paclitaxel_A2_R11_z01_yellow_,91,B2AI_1_Paclitaxel_A2_R11_z01_yellow
,/Users/ashi/github/cm4ai_codefest2025/analysis/cell_crops/yellow/B2AI_1_Paclitaxel_A2_R11_z01_yellow_cell92.png,,,/Users/ashi/github/cm4ai_codefest2025/analysis/cell_crops,B2AI_1_Paclitaxel_A2_R11_z01_yellow_,92,B2AI_1_Paclitaxel_A2_R11_z01_yellow
,/Users/ashi/github/cm4ai_codefest2025/analysis/cell_crops/yellow/B2AI_1_Paclitaxel_A2_R11_z01_yellow_cell93.png,,,/Users/ashi/github/cm4ai_codefest2025/analysis/cell_crops,B2AI_1_Paclitaxel_A2_R11_z01_yellow_,93,B2AI_1_Paclitaxel_A2_R11_z01_yellow
,/Users/ashi/github/cm4ai_codefest2025/analysis/cell_crops/yellow/B2AI_1_Paclitaxel_A2_R11_z01_yellow_cell94.png,,,/Users/ashi/github/cm4ai_codefest2025/analysis/cell_crops,B2AI_1_Paclitaxel_A2_R11_z01_yellow_,94,B2AI_1_Paclitaxel_A2_R11_z01_yellow
,/Users/ashi/github/cm4ai_codefest2025/analysis/cell_crops/yellow/B2AI_1_Paclitaxel_A2_R11_z01_yellow_cell95.png,,,/Users/ashi/github/cm4ai_codefest2025/analysis/cell_crops,B2AI_1_Paclitaxel_A2_R11_z01_yellow_,95,B2AI_1_Paclitaxel_A2_R11_z01_yellow
,/Users/ashi/github/cm4ai_codefest2025/analysis/cell_crops/yellow/B2AI_1_Paclitaxel_A2_R11_z01_yellow_cell96.png,,,/Users/ashi/github/cm4ai_codefest2025/analysis/cell_crops,B2AI_1_Paclitaxel_A2_R11_z01_yellow_,96,B2AI_1_Paclitaxel_A2_R11_z01_yellow
,/Users/ashi/github/cm4ai_codefest2025/analysis/cell_crops/yellow/B2AI_1_Paclitaxel_A2_R11_z01_yellow_cell97.png,,,/Users/ashi/github/cm4ai_codefest2025/analysis/cell_crops,B2AI_1_Paclitaxel_A2_R11_z01_yellow_,97,B2AI_1_Paclitaxel_A2_R11_z01_yellow
,/Users/ashi/github/cm4ai_codefest2025/analysis/cell_crops/yellow/B2AI_1_Paclitaxel_A2_R11_z01_yellow_cell98.png,,,/Users/ashi/github/cm4ai_codefest2025/analysis/cell_crops,B2AI_1_Paclitaxel_A2_R11_z01_yellow_,98,B2AI_1_Paclitaxel_A2_R11_z01_yellow
,/Users/ashi/github/cm4ai_codefest2025/analysis/cell_crops/yellow/B2AI_1_Paclitaxel_A2_R11_z01_yellow_cell99.png,,,/Users/ashi/github/cm4ai_codefest2025/analysis/cell_crops,B2AI_1_Paclitaxel_A2_R11_z01_yellow_,99,B2AI_1_Paclitaxel_A2_R11_z01_yellow
,/Users/ashi/github/cm4ai_codefest2025/analysis/cell_crops/yellow/B2AI_1_Paclitaxel_A2_R11_z01_yellow_cell100.png,,,/Users/ashi/github/cm4ai_codefest2025/analysis/cell_crops,B2AI_1_Paclitaxel_A2_R11_z01_yellow_,100,B2AI_1_Paclitaxel_A2_R11_z01_yellow
,/Users/ashi/github/cm4ai_codefest2025/analysis/cell_crops/yellow/B2AI_1_Paclitaxel_A2_R11_z01_yellow_cell101.png,,,/Users/ashi/github/cm4ai_codefest2025/analysis/cell_crops,B2AI_1_Paclitaxel_A2_R11_z01_yellow_,101,B2AI_1_Paclitaxel_A2_R11_z01_yellow
,/Users/ashi/github/cm4ai_codefest2025/analysis/cell_crops/yellow/B2AI_1_Paclitaxel_A2_R11_z01_yellow_cell102.png,,,/Users/ashi/github/cm4ai_codefest2025/analysis/cell_crops,B2AI_1_Paclitaxel_A2_R11_z01_yellow_,102,B2AI_1_Paclitaxel_A2_R11_z01_yellow
,/Users/ashi/github/cm4ai_codefest2025/analysis/cell_crops/yellow/B2AI_1_Paclitaxel_A2_R11_z01_yellow_cell103.png,,,/Users/ashi/github/cm4ai_codefest2025/analysis/cell_crops,B2AI_1_Paclitaxel_A2_R11_z01_yellow_,103,B2AI_1_Paclitaxel_A2_R11_z01_yellow
,/Users/ashi/github/cm4ai_codefest2025/analysis/cell_crops/yellow/B2AI_1_Paclitaxel_A2_R11_z01_yellow_cell104.png,,,/Users/ashi/github/cm4ai_codefest2025/analysis/cell_crops,B2AI_1_Paclitaxel_A2_R11_z01_yellow_,104,B2AI_1_Paclitaxel_A2_R11_z01_yellow
,/Users/ashi/github/cm4ai_codefest2025/analysis/cell_crops/yellow/B2AI_1_Paclitaxel_A2_R11_z01_yellow_cell105.png,,,/Users/ashi/github/cm4ai_codefest2025/analysis/cell_crops,B2AI_1_Paclitaxel_A2_R11_z01_yellow_,105,B2AI_1_Paclitaxel_A2_R11_z01_yellow
,/Users/ashi/github/cm4ai_codefest2025/analysis/cell_crops/yellow/B2AI_1_Paclitaxel_A2_R11_z01_yellow_cell106.png,,,/Users/ashi/github/cm4ai_codefest2025/analysis/cell_crops,B2AI_1_Paclitaxel_A2_R11_z01_yellow_,106,B2AI_1_Paclitaxel_A2_R11_z01_yellow
,/Users/ashi/github/cm4ai_codefest2025/analysis/cell_crops/yellow/B2AI_1_Paclitaxel_A2_R11_z01_yellow_cell107.png,,,/Users/ashi/github/cm4ai_codefest2025/analysis/cell_crops,B2AI_1_Paclitaxel_A2_R11_z01_yellow_,107,B2AI_1_Paclitaxel_A2_R11_z01_yellow
,/Users/ashi/github/cm4ai_codefest2025/analysis/cell_crops/yellow/B2AI_1_Paclitaxel_A2_R11_z01_yellow_cell108.png,,,/Users/ashi/github/cm4ai_codefest2025/analysis/cell_crops,B2AI_1_Paclitaxel_A2_R11_z01_yellow_,108,B2AI_1_Paclitaxel_A2_R11_z01_yellow
,/Users/ashi/github/cm4ai_codefest2025/analysis/cell_crops/yellow/B2AI_1_Paclitaxel_A2_R11_z01_yellow_cell109.png,,,/Users/ashi/github/cm4ai_codefest2025/analysis/cell_crops,B2AI_1_Paclitaxel_A2_R11_z01_yellow_,109,B2AI_1_Paclitaxel_A2_R11_z01_yellow
,/Users/ashi/github/cm4ai_codefest2025/analysis/cell_crops/yellow/B2AI_1_Paclitaxel_A2_R11_z01_yellow_cell110.png,,,/Users/ashi/github/cm4ai_codefest2025/analysis/cell_crops,B2AI_1_Paclitaxel_A2_R11_z01_yellow_,110,B2AI_1_Paclitaxel_A2_R11_z01_yellow
,/Users/ashi/github/cm4ai_codefest2025/analysis/cell_crops/yellow/B2AI_1_Paclitaxel_A2_R11_z01_yellow_cell111.png,,,/Users/ashi/github/cm4ai_codefest2025/analysis/cell_crops,B2AI_1_Paclitaxel_A2_R11_z01_yellow_,111,B2AI_1_Paclitaxel_A2_R11_z01_yellow
,/Users/ashi/github/cm4ai_codefest2025/analysis/cell_crops/yellow/B2AI_1_Paclitaxel_A2_R11_z01_yellow_cell112.png,,,/Users/ashi/github/cm4ai_codefest2025/analysis/cell_crops,B2AI_1_Paclitaxel_A2_R11_z01_yellow_,112,B2AI_1_Paclitaxel_A2_R11_z01_yellow
,/Users/ashi/github/cm4ai_codefest2025/analysis/cell_crops/yellow/B2AI_1_Paclitaxel_A2_R11_z01_yellow_cell113.png,,,/Users/ashi/github/cm4ai_codefest2025/analysis/cell_crops,B2AI_1_Paclitaxel_A2_R11_z01_yellow_,113,B2AI_1_Paclitaxel_A2_R11_z01_yellow
,/Users/ashi/github/cm4ai_codefest2025/analysis/cell_crops/yellow/B2AI_1_Paclitaxel_A2_R11_z01_yellow_cell114.png,,,/Users/ashi/github/cm4ai_codefest2025/analysis/cell_crops,B2AI_1_Paclitaxel_A2_R11_z01_yellow_,114,B2AI_1_Paclitaxel_A2_R11_z01_yellow
,/Users/ashi/github/cm4ai_codefest2025/analysis/cell_crops/yellow/B2AI_1_Paclitaxel_A2_R11_z01_yellow_cell115.png,,,/Users/ashi/github/cm4ai_codefest2025/analysis/cell_crops,B2AI_1_Paclitaxel_A2_R11_z01_yellow_,115,B2AI_1_Paclitaxel_A2_R11_z01_yellow
,/Users/ashi/github/cm4ai_codefest2025/analysis/cell_crops/yellow/B2AI_1_Paclitaxel_A2_R11_z01_yellow_cell116.png,,,/Users/ashi/github/cm4ai_codefest2025/analysis/cell_crops,B2AI_1_Paclitaxel_A2_R11_z01_yellow_,116,B2AI_1_Paclitaxel_A2_R11_z01_yellow
,/Users/ashi/github/cm4ai_codefest2025/analysis/cell_crops/yellow/B2AI_1_Paclitaxel_A2_R11_z01_yellow_cell117.png,,,/Users/ashi/github/cm4ai_codefest2025/analysis/cell_crops,B2AI_1_Paclitaxel_A2_R11_z01_yellow_,117,B2AI_1_Paclitaxel_A2_R11_z01_yellow
,/Users/ashi/github/cm4ai_codefest2025/analysis/cell_crops/yellow/B2AI_1_Paclitaxel_A2_R11_z01_yellow_cell118.png,,,/Users/ashi/github/cm4ai_codefest2025/analysis/cell_crops,B2AI_1_Paclitaxel_A2_R11_z01_yellow_,118,B2AI_1_Paclitaxel_A2_R11_z01_yellow
,/Users/ashi/github/cm4ai_codefest2025/analysis/cell_crops/yellow/B2AI_1_Paclitaxel_A2_R11_z01_yellow_cell119.png,,,/Users/ashi/github/cm4ai_codefest2025/analysis/cell_crops,B2AI_1_Paclitaxel_A2_R11_z01_yellow_,119,B2AI_1_Paclitaxel_A2_R11_z01_yellow
,/Users/ashi/github/cm4ai_codefest2025/analysis/cell_crops/yellow/B2AI_1_Paclitaxel_A2_R11_z01_yellow_cell120.png,,,/Users/ashi/github/cm4ai_codefest2025/analysis/cell_crops,B2AI_1_Paclitaxel_A2_R11_z01_yellow_,120,B2AI_1_Paclitaxel_A2_R11_z01_yellow
,/Users/ashi/github/cm4ai_codefest2025/analysis/cell_crops/yellow/B2AI_1_Paclitaxel_A2_R11_z01_yellow_cell121.png,,,/Users/ashi/github/cm4ai_codefest2025/analysis/cell_crops,B2AI_1_Paclitaxel_A2_R11_z01_yellow_,121,B2AI_1_Paclitaxel_A2_R11_z01_yellow
,/Users/ashi/github/cm4ai_codefest2025/analysis/cell_crops/yellow/B2AI_1_Paclitaxel_A2_R11_z01_yellow_cell122.png,,,/Users/ashi/github/cm4ai_codefest2025/analysis/cell_crops,B2AI_1_Paclitaxel_A2_R11_z01_yellow_,122,B2AI_1_Paclitaxel_A2_R11_z01_yellow
,/Users/ashi/github/cm4ai_codefest2025/analysis/cell_crops/yellow/B2AI_1_Paclitaxel_A2_R11_z01_yellow_cell123.png,,,/Users/ashi/github/cm4ai_codefest2025/analysis/cell_crops,B2AI_1_Paclitaxel_A2_R11_z01_yellow_,123,B2AI_1_Paclitaxel_A2_R11_z01_yellow
,/Users/ashi/github/cm4ai_codefest2025/analysis/cell_crops/yellow/B2AI_1_Paclitaxel_A2_R11_z01_yellow_cell124.png,,,/Users/ashi/github/cm4ai_codefest2025/analysis/cell_crops,B2AI_1_Paclitaxel_A2_R11_z01_yellow_,124,B2AI_1_Paclitaxel_A2_R11_z01_yellow
,/Users/ashi/github/cm4ai_codefest2025/analysis/cell_crops/yellow/B2AI_1_Paclitaxel_A2_R11_z01_yellow_cell125.png,,,/Users/ashi/github/cm4ai_codefest2025/analysis/cell_crops,B2AI_1_Paclitaxel_A2_R11_z01_yellow_,125,B2AI_1_Paclitaxel_A2_R11_z01_yellow
,/Users/ashi/github/cm4ai_codefest2025/analysis/cell_crops/yellow/B2AI_1_Paclitaxel_A2_R11_z01_yellow_cell126.png,,,/Users/ashi/github/cm4ai_codefest2025/analysis/cell_crops,B2AI_1_Paclitaxel_A2_R11_z01_yellow_,126,B2AI_1_Paclitaxel_A2_R11_z01_yellow
,/Users/ashi/github/cm4ai_codefest2025/analysis/cell_crops/yellow/B2AI_1_Paclitaxel_A2_R11_z01_yellow_cell127.png,,,/Users/ashi/github/cm4ai_codefest2025/analysis/cell_crops,B2AI_1_Paclitaxel_A2_R11_z01_yellow_,127,B2AI_1_Paclitaxel_A2_R11_z01_yellow
,/Users/ashi/github/cm4ai_codefest2025/analysis/cell_crops/yellow/B2AI_1_Paclitaxel_A2_R11_z01_yellow_cell128.png,,,/Users/ashi/github/cm4ai_codefest2025/analysis/cell_crops,B2AI_1_Paclitaxel_A2_R11_z01_yellow_,128,B2AI_1_Paclitaxel_A2_R11_z01_yellow
,/Users/ashi/github/cm4ai_codefest2025/analysis/cell_crops/yellow/B2AI_1_Paclitaxel_A2_R11_z01_yellow_cell129.png,,,/Users/ashi/github/cm4ai_codefest2025/analysis/cell_crops,B2AI_1_Paclitaxel_A2_R11_z01_yellow_,129,B2AI_1_Paclitaxel_A2_R11_z01_yellow
,/Users/ashi/github/cm4ai_codefest2025/analysis/cell_crops/yellow/B2AI_1_Paclitaxel_A2_R11_z01_yellow_cell130.png,,,/Users/ashi/github/cm4ai_codefest2025/analysis/cell_crops,B2AI_1_Paclitaxel_A2_R11_z01_yellow_,130,B2AI_1_Paclitaxel_A2_R11_z01_yellow
,/Users/ashi/github/cm4ai_codefest2025/analysis/cell_crops/yellow/B2AI_1_Paclitaxel_A2_R11_z01_yellow_cell131.png,,,/Users/ashi/github/cm4ai_codefest2025/analysis/cell_crops,B2AI_1_Paclitaxel_A2_R11_z01_yellow_,131,B2AI_1_Paclitaxel_A2_R11_z01_yellow
,/Users/ashi/github/cm4ai_codefest2025/analysis/cell_crops/yellow/B2AI_1_Paclitaxel_A2_R11_z01_yellow_cell132.png,,,/Users/ashi/github/cm4ai_codefest2025/analysis/cell_crops,B2AI_1_Paclitaxel_A2_R11_z01_yellow_,132,B2AI_1_Paclitaxel_A2_R11_z01_yellow
,/Users/ashi/github/cm4ai_codefest2025/analysis/cell_crops/yellow/B2AI_1_Paclitaxel_A2_R11_z01_yellow_cell133.png,,,/Users/ashi/github/cm4ai_codefest2025/analysis/cell_crops,B2AI_1_Paclitaxel_A2_R11_z01_yellow_,133,B2AI_1_Paclitaxel_A2_R11_z01_yellow
,/Users/ashi/github/cm4ai_codefest2025/analysis/cell_crops/yellow/B2AI_1_Paclitaxel_A2_R11_z01_yellow_cell134.png,,,/Users/ashi/github/cm4ai_codefest2025/analysis/cell_crops,B2AI_1_Paclitaxel_A2_R11_z01_yellow_,134,B2AI_1_Paclitaxel_A2_R11_z01_yellow
,/Users/ashi/github/cm4ai_codefest2025/analysis/cell_crops/yellow/B2AI_1_Paclitaxel_A2_R11_z01_yellow_cell135.png,,,/Users/ashi/github/cm4ai_codefest2025/analysis/cell_crops,B2AI_1_Paclitaxel_A2_R11_z01_yellow_,135,B2AI_1_Paclitaxel_A2_R11_z01_yellow
,/Users/ashi/github/cm4ai_codefest2025/analysis/cell_crops/yellow/B2AI_1_Paclitaxel_A2_R11_z01_yellow_cell136.png,,,/Users/ashi/github/cm4ai_codefest2025/analysis/cell_crops,B2AI_1_Paclitaxel_A2_R11_z01_yellow_,136,B2AI_1_Paclitaxel_A2_R11_z01_yellow
,/Users/ashi/github/cm4ai_codefest2025/analysis/cell_crops/yellow/B2AI_1_Paclitaxel_A2_R11_z01_yellow_cell137.png,,,/Users/ashi/github/cm4ai_codefest2025/analysis/cell_crops,B2AI_1_Paclitaxel_A2_R11_z01_yellow_,137,B2AI_1_Paclitaxel_A2_R11_z01_yellow
,/Users/ashi/github/cm4ai_codefest2025/analysis/cell_crops/yellow/B2AI_1_Paclitaxel_A2_R11_z01_yellow_cell138.png,,,/Users/ashi/github/cm4ai_codefest2025/analysis/cell_crops,B2AI_1_Paclitaxel_A2_R11_z01_yellow_,138,B2AI_1_Paclitaxel_A2_R11_z01_yellow
,/Users/ashi/github/cm4ai_codefest2025/analysis/cell_crops/yellow/B2AI_1_Paclitaxel_A2_R11_z01_yellow_cell139.png,,,/Users/ashi/github/cm4ai_codefest2025/analysis/cell_crops,B2AI_1_Paclitaxel_A2_R11_z01_yellow_,139,B2AI_1_Paclitaxel_A2_R11_z01_yellow
,/Users/ashi/github/cm4ai_codefest2025/analysis/cell_crops/yellow/B2AI_1_Paclitaxel_A2_R11_z01_yellow_cell140.png,,,/Users/ashi/github/cm4ai_codefest2025/analysis/cell_crops,B2AI_1_Paclitaxel_A2_R11_z01_yellow_,140,B2AI_1_Paclitaxel_A2_R11_z01_yellow
,/Users/ashi/github/cm4ai_codefest2025/analysis/cell_crops/yellow/B2AI_1_Paclitaxel_A2_R11_z01_yellow_cell141.png,,,/Users/ashi/github/cm4ai_codefest2025/analysis/cell_crops,B2AI_1_Paclitaxel_A2_R11_z01_yellow_,141,B2AI_1_Paclitaxel_A2_R11_z01_yellow
,/Users/ashi/github/cm4ai_codefest2025/analysis/cell_crops/yellow/B2AI_1_Paclitaxel_A2_R11_z01_yellow_cell142.png,,,/Users/ashi/github/cm4ai_codefest2025/analysis/cell_crops,B2AI_1_Paclitaxel_A2_R11_z01_yellow_,142,B2AI_1_Paclitaxel_A2_R11_z01_yellow
,/Users/ashi/github/cm4ai_codefest2025/analysis/cell_crops/yellow/B2AI_1_Paclitaxel_A2_R11_z01_yellow_cell143.png,,,/Users/ashi/github/cm4ai_codefest2025/analysis/cell_crops,B2AI_1_Paclitaxel_A2_R11_z01_yellow_,143,B2AI_1_Paclitaxel_A2_R11_z01_yellow
,/Users/ashi/github/cm4ai_codefest2025/analysis/cell_crops/yellow/B2AI_1_Paclitaxel_A2_R11_z01_yellow_cell144.png,,,/Users/ashi/github/cm4ai_codefest2025/analysis/cell_crops,B2AI_1_Paclitaxel_A2_R11_z01_yellow_,144,B2AI_1_Paclitaxel_A2_R11_z01_yellow
,/Users/ashi/github/cm4ai_codefest2025/analysis/cell_crops/yellow/B2AI_1_Paclitaxel_A2_R11_z01_yellow_cell145.png,,,/Users/ashi/github/cm4ai_codefest2025/analysis/cell_crops,B2AI_1_Paclitaxel_A2_R11_z01_yellow_,145,B2AI_1_Paclitaxel_A2_R11_z01_yellow
,/Users/ashi/github/cm4ai_codefest2025/analysis/cell_crops/yellow/B2AI_1_Paclitaxel_A2_R11_z01_yellow_cell146.png,,,/Users/ashi/github/cm4ai_codefest2025/analysis/cell_crops,B2AI_1_Paclitaxel_A2_R11_z01_yellow_,146,B2AI_1_Paclitaxel_A2_R11_z01_yellow
,/Users/ashi/github/cm4ai_codefest2025/analysis/cell_crops/yellow/B2AI_1_Paclitaxel_A2_R11_z01_yellow_cell147.png,,,/Users/ashi/github/cm4ai_codefest2025/analysis/cell_crops,B2AI_1_Paclitaxel_A2_R11_z01_yellow_,147,B2AI_1_Paclitaxel_A2_R11_z01_yellow
,/Users/ashi/github/cm4ai_codefest2025/analysis/cell_crops/yellow/B2AI_1_Paclitaxel_A2_R11_z01_yellow_cell148.png,,,/Users/ashi/github/cm4ai_codefest2025/analysis/cell_crops,B2AI_1_Paclitaxel_A2_R11_z01_yellow_,148,B2AI_1_Paclitaxel_A2_R11_z01_yellow
,/Users/ashi/github/cm4ai_codefest2025/analysis/cell_crops/yellow/B2AI_1_Paclitaxel_A2_R11_z01_yellow_cell149.png,,,/Users/ashi/github/cm4ai_codefest2025/analysis/cell_crops,B2AI_1_Paclitaxel_A2_R11_z01_yellow_,149,B2AI_1_Paclitaxel_A2_R11_z01_yellow
,/Users/ashi/github/cm4ai_codefest2025/analysis/cell_crops/yellow/B2AI_1_Paclitaxel_A2_R11_z01_yellow_cell150.png,,,/Users/ashi/github/cm4ai_codefest2025/analysis/cell_crops,B2AI_1_Paclitaxel_A2_R11_z01_yellow_,150,B2AI_1_Paclitaxel_A2_R11_z01_yellow
,/Users/ashi/github/cm4ai_codefest2025/analysis/cell_crops/yellow/B2AI_1_Paclitaxel_A2_R11_z01_yellow_cell151.png,,,/Users/ashi/github/cm4ai_codefest2025/analysis/cell_crops,B2AI_1_Paclitaxel_A2_R11_z01_yellow_,151,B2AI_1_Paclitaxel_A2_R11_z01_yellow
,/Users/ashi/github/cm4ai_codefest2025/analysis/cell_crops/yellow/B2AI_1_Paclitaxel_A2_R11_z01_yellow_cell152.png,,,/Users/ashi/github/cm4ai_codefest2025/analysis/cell_crops,B2AI_1_Paclitaxel_A2_R11_z01_yellow_,152,B2AI_1_Paclitaxel_A2_R11_z01_yellow
,/Users/ashi/github/cm4ai_codefest2025/analysis/cell_crops/yellow/B2AI_1_Paclitaxel_A2_R11_z01_yellow_cell153.png,,,/Users/ashi/github/cm4ai_codefest2025/analysis/cell_crops,B2AI_1_Paclitaxel_A2_R11_z01_yellow_,153,B2AI_1_Paclitaxel_A2_R11_z01_yellow
,/Users/ashi/github/cm4ai_codefest2025/analysis/cell_crops/yellow/B2AI_1_Paclitaxel_A2_R11_z01_yellow_cell154.png,,,/Users/ashi/github/cm4ai_codefest2025/analysis/cell_crops,B2AI_1_Paclitaxel_A2_R11_z01_yellow_,154,B2AI_1_Paclitaxel_A2_R11_z01_yellow
,/Users/ashi/github/cm4ai_codefest2025/analysis/cell_crops/yellow/B2AI_1_Paclitaxel_A2_R11_z01_yellow_cell155.png,,,/Users/ashi/github/cm4ai_codefest2025/analysis/cell_crops,B2AI_1_Paclitaxel_A2_R11_z01_yellow_,155,B2AI_1_Paclitaxel_A2_R11_z01_yellow
,/Users/ashi/github/cm4ai_codefest2025/analysis/cell_crops/yellow/B2AI_1_Paclitaxel_A2_R11_z01_yellow_cell156.png,,,/Users/ashi/github/cm4ai_codefest2025/analysis/cell_crops,B2AI_1_Paclitaxel_A2_R11_z01_yellow_,156,B2AI_1_Paclitaxel_A2_R11_z01_yellow
,/Users/ashi/github/cm4ai_codefest2025/analysis/cell_crops/yellow/B2AI_1_Paclitaxel_A2_R11_z01_yellow_cell157.png,,,/Users/ashi/github/cm4ai_codefest2025/analysis/cell_crops,B2AI_1_Paclitaxel_A2_R11_z01_yellow_,157,B2AI_1_Paclitaxel_A2_R11_z01_yellow
,/Users/ashi/github/cm4ai_codefest2025/analysis/cell_crops/yellow/B2AI_1_Paclitaxel_A2_R11_z01_yellow_cell158.png,,,/Users/ashi/github/cm4ai_codefest2025/analysis/cell_crops,B2AI_1_Paclitaxel_A2_R11_z01_yellow_,158,B2AI_1_Paclitaxel_A2_R11_z01_yellow
,/Users/ashi/github/cm4ai_codefest2025/analysis/cell_crops/yellow/B2AI_1_Paclitaxel_A2_R11_z01_yellow_cell159.png,,,/Users/ashi/github/cm4ai_codefest2025/analysis/cell_crops,B2AI_1_Paclitaxel_A2_R11_z01_yellow_,159,B2AI_1_Paclitaxel_A2_R11_z01_yellow
,/Users/ashi/github/cm4ai_codefest2025/analysis/cell_crops/yellow/B2AI_1_Paclitaxel_A2_R11_z01_yellow_cell160.png,,,/Users/ashi/github/cm4ai_codefest2025/analysis/cell_crops,B2AI_1_Paclitaxel_A2_R11_z01_yellow_,160,B2AI_1_Paclitaxel_A2_R11_z01_yellow
,/Users/ashi/github/cm4ai_codefest2025/analysis/cell_crops/yellow/B2AI_1_Paclitaxel_A2_R11_z01_yellow_cell161.png,,,/Users/ashi/github/cm4ai_codefest2025/analysis/cell_crops,B2AI_1_Paclitaxel_A2_R11_z01_yellow_,161,B2AI_1_Paclitaxel_A2_R11_z01_yellow
,/Users/ashi/github/cm4ai_codefest2025/analysis/cell_crops/yellow/B2AI_1_Paclitaxel_A2_R11_z01_yellow_cell162.png,,,/Users/ashi/github/cm4ai_codefest2025/analysis/cell_crops,B2AI_1_Paclitaxel_A2_R11_z01_yellow_,162,B2AI_1_Paclitaxel_A2_R11_z01_yellow
,/Users/ashi/github/cm4ai_codefest2025/analysis/cell_crops/yellow/B2AI_1_Paclitaxel_A2_R11_z01_yellow_cell163.png,,,/Users/ashi/github/cm4ai_codefest2025/analysis/cell_crops,B2AI_1_Paclitaxel_A2_R11_z01_yellow_,163,B2AI_1_Paclitaxel_A2_R11_z01_yellow
,/Users/ashi/github/cm4ai_codefest2025/analysis/cell_crops/yellow/B2AI_1_Paclitaxel_A2_R11_z01_yellow_cell164.png,,,/Users/ashi/github/cm4ai_codefest2025/analysis/cell_crops,B2AI_1_Paclitaxel_A2_R11_z01_yellow_,164,B2AI_1_Paclitaxel_A2_R11_z01_yellow
,/Users/ashi/github/cm4ai_codefest2025/analysis/cell_crops/yellow/B2AI_1_Paclitaxel_A2_R11_z01_yellow_cell165.png,,,/Users/ashi/github/cm4ai_codefest2025/analysis/cell_crops,B2AI_1_Paclitaxel_A2_R11_z01_yellow_,165,B2AI_1_Paclitaxel_A2_R11_z01_yellow
,/Users/ashi/github/cm4ai_codefest2025/analysis/cell_crops/yellow/B2AI_1_Paclitaxel_A2_R11_z01_yellow_cell166.png,,,/Users/ashi/github/cm4ai_codefest2025/analysis/cell_crops,B2AI_1_Paclitaxel_A2_R11_z01_yellow_,166,B2AI_1_Paclitaxel_A2_R11_z01_yellow
,/Users/ashi/github/cm4ai_codefest2025/analysis/cell_crops/yellow/B2AI_1_Paclitaxel_A2_R11_z01_yellow_cell167.png,,,/Users/ashi/github/cm4ai_codefest2025/analysis/cell_crops,B2AI_1_Paclitaxel_A2_R11_z01_yellow_,167,B2AI_1_Paclitaxel_A2_R11_z01_yellow
,/Users/ashi/github/cm4ai_codefest2025/analysis/cell_crops/yellow/B2AI_1_Paclitaxel_A2_R11_z01_yellow_cell168.png,,,/Users/ashi/github/cm4ai_codefest2025/analysis/cell_crops,B2AI_1_Paclitaxel_A2_R11_z01_yellow_,168,B2AI_1_Paclitaxel_A2_R11_z01_yellow
,/Users/ashi/github/cm4ai_codefest2025/analysis/cell_crops/yellow/B2AI_1_Paclitaxel_A2_R11_z01_yellow_cell169.png,,,/Users/ashi/github/cm4ai_codefest2025/analysis/cell_crops,B2AI_1_Paclitaxel_A2_R11_z01_yellow_,169,B2AI_1_Paclitaxel_A2_R11_z01_yellow
,/Users/ashi/github/cm4ai_codefest2025/analysis/cell_crops/yellow/B2AI_1_Paclitaxel_A2_R11_z01_yellow_cell170.png,,,/Users/ashi/github/cm4ai_codefest2025/analysis/cell_crops,B2AI_1_Paclitaxel_A2_R11_z01_yellow_,170,B2AI_1_Paclitaxel_A2_R11_z01_yellow
,/Users/ashi/github/cm4ai_codefest2025/analysis/cell_crops/yellow/B2AI_1_Paclitaxel_A2_R11_z01_yellow_cell171.png,,,/Users/ashi/github/cm4ai_codefest2025/analysis/cell_crops,B2AI_1_Paclitaxel_A2_R11_z01_yellow_,171,B2AI_1_Paclitaxel_A2_R11_z01_yellow
,/Users/ashi/github/cm4ai_codefest2025/analysis/cell_crops/yellow/B2AI_1_Paclitaxel_A2_R11_z01_yellow_cell172.png,,,/Users/ashi/github/cm4ai_codefest2025/analysis/cell_crops,B2AI_1_Paclitaxel_A2_R11_z01_yellow_,172,B2AI_1_Paclitaxel_A2_R11_z01_yellow
,/Users/ashi/github/cm4ai_codefest2025/analysis/cell_crops/yellow/B2AI_1_Paclitaxel_A2_R11_z01_yellow_cell173.png,,,/Users/ashi/github/cm4ai_codefest2025/analysis/cell_crops,B2AI_1_Paclitaxel_A2_R11_z01_yellow_,173,B2AI_1_Paclitaxel_A2_R11_z01_yellow
,/Users/ashi/github/cm4ai_codefest2025/analysis/cell_crops/yellow/B2AI_1_Paclitaxel_A2_R11_z01_yellow_cell174.png,,,/Users/ashi/github/cm4ai_codefest2025/analysis/cell_crops,B2AI_1_Paclitaxel_A2_R11_z01_yellow_,174,B2AI_1_Paclitaxel_A2_R11_z01_yellow
,/Users/ashi/github/cm4ai_codefest2025/analysis/cell_crops/yellow/B2AI_1_Paclitaxel_A2_R11_z01_yellow_cell175.png,,,/Users/ashi/github/cm4ai_codefest2025/analysis/cell_crops,B2AI_1_Paclitaxel_A2_R11_z01_yellow_,175,B2AI_1_Paclitaxel_A2_R11_z01_yellow
,/Users/ashi/github/cm4ai_codefest2025/analysis/cell_crops/yellow/B2AI_1_Paclitaxel_A2_R11_z01_yellow_cell176.png,,,/Users/ashi/github/cm4ai_codefest2025/analysis/cell_crops,B2AI_1_Paclitaxel_A2_R11_z01_yellow_,176,B2AI_1_Paclitaxel_A2_R11_z01_yellow
,/Users/ashi/github/cm4ai_codefest2025/analysis/cell_crops/yellow/B2AI_1_Paclitaxel_A2_R11_z01_yellow_cell177.png,,,/Users/ashi/github/cm4ai_codefest2025/analysis/cell_crops,B2AI_1_Paclitaxel_A2_R11_z01_yellow_,177,B2AI_1_Paclitaxel_A2_R11_z01_yellow
,/Users/ashi/github/cm4ai_codefest2025/analysis/cell_crops/yellow/B2AI_1_Paclitaxel_A2_R11_z01_yellow_cell178.png,,,/Users/ashi/github/cm4ai_codefest2025/analysis/cell_crops,B2AI_1_Paclitaxel_A2_R11_z01_yellow_,178,B2AI_1_Paclitaxel_A2_R11_z01_yellow
,/Users/ashi/github/cm4ai_codefest2025/analysis/cell_crops/yellow/B2AI_1_Paclitaxel_A2_R11_z01_yellow_cell179.png,,,/Users/ashi/github/cm4ai_codefest2025/analysis/cell_crops,B2AI_1_Paclitaxel_A2_R11_z01_yellow_,179,B2AI_1_Paclitaxel_A2_R11_z01_yellow
,/Users/ashi/github/cm4ai_codefest2025/analysis/cell_crops/yellow/B2AI_1_Paclitaxel_A2_R11_z01_yellow_cell180.png,,,/Users/ashi/github/cm4ai_codefest2025/analysis/cell_crops,B2AI_1_Paclitaxel_A2_R11_z01_yellow_,180,B2AI_1_Paclitaxel_A2_R11_z01_yellow
,/Users/ashi/github/cm4ai_codefest2025/analysis/cell_crops/yellow/B2AI_1_Paclitaxel_A2_R11_z01_yellow_cell181.png,,,/Users/ashi/github/cm4ai_codefest2025/analysis/cell_crops,B2AI_1_Paclitaxel_A2_R11_z01_yellow_,181,B2AI_1_Paclitaxel_A2_R11_z01_yellow
,/Users/ashi/github/cm4ai_codefest2025/analysis/cell_crops/yellow/B2AI_1_Paclitaxel_A2_R11_z01_yellow_cell182.png,,,/Users/ashi/github/cm4ai_codefest2025/analysis/cell_crops,B2AI_1_Paclitaxel_A2_R11_z01_yellow_,182,B2AI_1_Paclitaxel_A2_R11_z01_yellow
,/Users/ashi/github/cm4ai_codefest2025/analysis/cell_crops/yellow/B2AI_1_Paclitaxel_A2_R11_z01_yellow_cell183.png,,,/Users/ashi/github/cm4ai_codefest2025/analysis/cell_crops,B2AI_1_Paclitaxel_A2_R11_z01_yellow_,183,B2AI_1_Paclitaxel_A2_R11_z01_yellow
,/Users/ashi/github/cm4ai_codefest2025/analysis/cell_crops/yellow/B2AI_1_Paclitaxel_A2_R11_z01_yellow_cell184.png,,,/Users/ashi/github/cm4ai_codefest2025/analysis/cell_crops,B2AI_1_Paclitaxel_A2_R11_z01_yellow_,184,B2AI_1_Paclitaxel_A2_R11_z01_yellow
,/Users/ashi/github/cm4ai_codefest2025/analysis/cell_crops/yellow/B2AI_1_Paclitaxel_A2_R11_z01_yellow_cell185.png,,,/Users/ashi/github/cm4ai_codefest2025/analysis/cell_crops,B2AI_1_Paclitaxel_A2_R11_z01_yellow_,185,B2AI_1_Paclitaxel_A2_R11_z01_yellow
,/Users/ashi/github/cm4ai_codefest2025/analysis/cell_crops/yellow/B2AI_1_Paclitaxel_A2_R11_z01_yellow_cell186.png,,,/Users/ashi/github/cm4ai_codefest2025/analysis/cell_crops,B2AI_1_Paclitaxel_A2_R11_z01_yellow_,186,B2AI_1_Paclitaxel_A2_R11_z01_yellow
,/Users/ashi/github/cm4ai_codefest2025/analysis/cell_crops/yellow/B2AI_1_Paclitaxel_A2_R11_z01_yellow_cell187.png,,,/Users/ashi/github/cm4ai_codefest2025/analysis/cell_crops,B2AI_1_Paclitaxel_A2_R11_z01_yellow_,187,B2AI_1_Paclitaxel_A2_R11_z01_yellow
,/Users/ashi/github/cm4ai_codefest2025/analysis/cell_crops/yellow/B2AI_1_Paclitaxel_A2_R11_z01_yellow_cell188.png,,,/Users/ashi/github/cm4ai_codefest2025/analysis/cell_crops,B2AI_1_Paclitaxel_A2_R11_z01_yellow_,188,B2AI_1_Paclitaxel_A2_R11_z01_yellow
,/Users/ashi/github/cm4ai_codefest2025/analysis/cell_crops/yellow/B2AI_1_Paclitaxel_A2_R11_z01_yellow_cell189.png,,,/Users/ashi/github/cm4ai_codefest2025/analysis/cell_crops,B2AI_1_Paclitaxel_A2_R11_z01_yellow_,189,B2AI_1_Paclitaxel_A2_R11_z01_yellow
,/Users/ashi/github/cm4ai_codefest2025/analysis/cell_crops/yellow/B2AI_1_Paclitaxel_A2_R11_z01_yellow_cell190.png,,,/Users/ashi/github/cm4ai_codefest2025/analysis/cell_crops,B2AI_1_Paclitaxel_A2_R11_z01_yellow_,190,B2AI_1_Paclitaxel_A2_R11_z01_yellow
,/Users/ashi/github/cm4ai_codefest2025/analysis/cell_crops/yellow/B2AI_1_Paclitaxel_A2_R11_z01_yellow_cell191.png,,,/Users/ashi/github/cm4ai_codefest2025/analysis/cell_crops,B2AI_1_Paclitaxel_A2_R11_z01_yellow_,191,B2AI_1_Paclitaxel_A2_R11_z01_yellow
,/Users/ashi/github/cm4ai_codefest2025/analysis/cell_crops/yellow/B2AI_1_Paclitaxel_A2_R11_z01_yellow_cell192.png,,,/Users/ashi/github/cm4ai_codefest2025/analysis/cell_crops,B2AI_1_Paclitaxel_A2_R11_z01_yellow_,192,B2AI_1_Paclitaxel_A2_R11_z01_yellow
,/Users/ashi/github/cm4ai_codefest2025/analysis/cell_crops/yellow/B2AI_1_Paclitaxel_A2_R11_z01_yellow_cell193.png,,,/Users/ashi/github/cm4ai_codefest2025/analysis/cell_crops,B2AI_1_Paclitaxel_A2_R11_z01_yellow_,193,B2AI_1_Paclitaxel_A2_R11_z01_yellow
,/Users/ashi/github/cm4ai_codefest2025/analysis/cell_crops/yellow/B2AI_1_Paclitaxel_A2_R11_z01_yellow_cell194.png,,,/Users/ashi/github/cm4ai_codefest2025/analysis/cell_crops,B2AI_1_Paclitaxel_A2_R11_z01_yellow_,194,B2AI_1_Paclitaxel_A2_R11_z01_yellow
,/Users/ashi/github/cm4ai_codefest2025/analysis/cell_crops/yellow/B2AI_1_Paclitaxel_A2_R11_z01_yellow_cell195.png,,,/Users/ashi/github/cm4ai_codefest2025/analysis/cell_crops,B2AI_1_Paclitaxel_A2_R11_z01_yellow_,195,B2AI_1_Paclitaxel_A2_R11_z01_yellow
,/Users/ashi/github/cm4ai_codefest2025/analysis/cell_crops/yellow/B2AI_1_Paclitaxel_A2_R11_z01_yellow_cell196.png,,,/Users/ashi/github/cm4ai_codefest2025/analysis/cell_crops,B2AI_1_Paclitaxel_A2_R11_z01_yellow_,196,B2AI_1_Paclitaxel_A2_R11_z01_yellow
,/Users/ashi/github/cm4ai_codefest2025/analysis/cell_crops/yellow/B2AI_1_Paclitaxel_A2_R11_z01_yellow_cell197.png,,,/Users/ashi/github/cm4ai_codefest2025/analysis/cell_crops,B2AI_1_Paclitaxel_A2_R11_z01_yellow_,197,B2AI_1_Paclitaxel_A2_R11_z01_yellow
,/Users/ashi/github/cm4ai_codefest2025/analysis/cell_crops/yellow/B2AI_1_Paclitaxel_A2_R11_z01_yellow_cell198.png,,,/Users/ashi/github/cm4ai_codefest2025/analysis/cell_crops,B2AI_1_Paclitaxel_A2_R11_z01_yellow_,198,B2AI_1_Paclitaxel_A2_R11_z01_yellow
,/Users/ashi/github/cm4ai_codefest2025/analysis/cell_crops/yellow/B2AI_1_Paclitaxel_A2_R11_z01_yellow_cell199.png,,,/Users/ashi/github/cm4ai_codefest2025/analysis/cell_crops,B2AI_1_Paclitaxel_A2_R11_z01_yellow_,199,B2AI_1_Paclitaxel_A2_R11_z01_yellow
,/Users/ashi/github/cm4ai_codefest2025/analysis/cell_crops/yellow/B2AI_1_Paclitaxel_A2_R11_z01_yellow_cell200.png,,,/Users/ashi/github/cm4ai_codefest2025/analysis/cell_crops,B2AI_1_Paclitaxel_A2_R11_z01_yellow_,200,B2AI_1_Paclitaxel_A2_R11_z01_yellow
,/Users/ashi/github/cm4ai_codefest2025/analysis/cell_crops/yellow/B2AI_1_Paclitaxel_A2_R11_z01_yellow_cell201.png,,,/Users/ashi/github/cm4ai_codefest2025/analysis/cell_crops,B2AI_1_Paclitaxel_A2_R11_z01_yellow_,201,B2AI_1_Paclitaxel_A2_R11_z01_yellow
,/Users/ashi/github/cm4ai_codefest2025/analysis/cell_crops/yellow/B2AI_1_Paclitaxel_A2_R11_z01_yellow_cell202.png,,,/Users/ashi/github/cm4ai_codefest2025/analysis/cell_crops,B2AI_1_Paclitaxel_A2_R11_z01_yellow_,202,B2AI_1_Paclitaxel_A2_R11_z01_yellow
,/Users/ashi/github/cm4ai_codefest2025/analysis/cell_crops/yellow/B2AI_1_Paclitaxel_A2_R11_z01_yellow_cell203.png,,,/Users/ashi/github/cm4ai_codefest2025/analysis/cell_crops,B2AI_1_Paclitaxel_A2_R11_z01_yellow_,203,B2AI_1_Paclitaxel_A2_R11_z01_yellow
,/Users/ashi/github/cm4ai_codefest2025/analysis/cell_crops/yellow/B2AI_1_Paclitaxel_A2_R11_z01_yellow_cell204.png,,,/Users/ashi/github/cm4ai_codefest2025/analysis/cell_crops,B2AI_1_Paclitaxel_A2_R11_z01_yellow_,204,B2AI_1_Paclitaxel_A2_R11_z01_yellow
,/Users/ashi/github/cm4ai_codefest2025/analysis/cell_crops/yellow/B2AI_1_Paclitaxel_A2_R11_z01_yellow_cell205.png,,,/Users/ashi/github/cm4ai_codefest2025/analysis/cell_crops,B2AI_1_Paclitaxel_A2_R11_z01_yellow_,205,B2AI_1_Paclitaxel_A2_R11_z01_yellow
,/Users/ashi/github/cm4ai_codefest2025/analysis/cell_crops/yellow/B2AI_1_Paclitaxel_A2_R11_z01_yellow_cell206.png,,,/Users/ashi/github/cm4ai_codefest2025/analysis/cell_crops,B2AI_1_Paclitaxel_A2_R11_z01_yellow_,206,B2AI_1_Paclitaxel_A2_R11_z01_yellow
,/Users/ashi/github/cm4ai_codefest2025/analysis/cell_crops/yellow/B2AI_1_Paclitaxel_A2_R11_z01_yellow_cell207.png,,,/Users/ashi/github/cm4ai_codefest2025/analysis/cell_crops,B2AI_1_Paclitaxel_A2_R11_z01_yellow_,207,B2AI_1_Paclitaxel_A2_R11_z01_yellow
,/Users/ashi/github/cm4ai_codefest2025/analysis/cell_crops/yellow/B2AI_1_Paclitaxel_A2_R11_z01_yellow_cell208.png,,,/Users/ashi/github/cm4ai_codefest2025/analysis/cell_crops,B2AI_1_Paclitaxel_A2_R11_z01_yellow_,208,B2AI_1_Paclitaxel_A2_R11_z01_yellow
,/Users/ashi/github/cm4ai_codefest2025/analysis/cell_crops/yellow/B2AI_1_Paclitaxel_A2_R11_z01_yellow_cell209.png,,,/Users/ashi/github/cm4ai_codefest2025/analysis/cell_crops,B2AI_1_Paclitaxel_A2_R11_z01_yellow_,209,B2AI_1_Paclitaxel_A2_R11_z01_yellow
,/Users/ashi/github/cm4ai_codefest2025/analysis/cell_crops/yellow/B2AI_1_Paclitaxel_A2_R11_z01_yellow_cell210.png,,,/Users/ashi/github/cm4ai_codefest2025/analysis/cell_crops,B2AI_1_Paclitaxel_A2_R11_z01_yellow_,210,B2AI_1_Paclitaxel_A2_R11_z01_yellow
,/Users/ashi/github/cm4ai_codefest2025/analysis/cell_crops/yellow/B2AI_1_Paclitaxel_A2_R11_z01_yellow_cell211.png,,,/Users/ashi/github/cm4ai_codefest2025/analysis/cell_crops,B2AI_1_Paclitaxel_A2_R11_z01_yellow_,211,B2AI_1_Paclitaxel_A2_R11_z01_yellow
,/Users/ashi/github/cm4ai_codefest2025/analysis/cell_crops/yellow/B2AI_1_Paclitaxel_A2_R11_z01_yellow_cell212.png,,,/Users/ashi/github/cm4ai_codefest2025/analysis/cell_crops,B2AI_1_Paclitaxel_A2_R11_z01_yellow_,212,B2AI_1_Paclitaxel_A2_R11_z01_yellow
,/Users/ashi/github/cm4ai_codefest2025/analysis/cell_crops/yellow/B2AI_1_Paclitaxel_A2_R11_z01_yellow_cell213.png,,,/Users/ashi/github/cm4ai_codefest2025/analysis/cell_crops,B2AI_1_Paclitaxel_A2_R11_z01_yellow_,213,B2AI_1_Paclitaxel_A2_R11_z01_yellow
,/Users/ashi/github/cm4ai_codefest2025/analysis/cell_crops/yellow/B2AI_1_Paclitaxel_A2_R11_z01_yellow_cell214.png,,,/Users/ashi/github/cm4ai_codefest2025/analysis/cell_crops,B2AI_1_Paclitaxel_A2_R11_z01_yellow_,214,B2AI_1_Paclitaxel_A2_R11_z01_yellow
,/Users/ashi/github/cm4ai_codefest2025/analysis/cell_crops/yellow/B2AI_1_Paclitaxel_A2_R11_z01_yellow_cell215.png,,,/Users/ashi/github/cm4ai_codefest2025/analysis/cell_crops,B2AI_1_Paclitaxel_A2_R11_z01_yellow_,215,B2AI_1_Paclitaxel_A2_R11_z01_yellow
,/Users/ashi/github/cm4ai_codefest2025/analysis/cell_crops/yellow/B2AI_1_Paclitaxel_A2_R11_z01_yellow_cell216.png,,,/Users/ashi/github/cm4ai_codefest2025/analysis/cell_crops,B2AI_1_Paclitaxel_A2_R11_z01_yellow_,216,B2AI_1_Paclitaxel_A2_R11_z01_yellow
,/Users/ashi/github/cm4ai_codefest2025/analysis/cell_crops/yellow/B2AI_1_Paclitaxel_A2_R11_z01_yellow_cell217.png,,,/Users/ashi/github/cm4ai_codefest2025/analysis/cell_crops,B2AI_1_Paclitaxel_A2_R11_z01_yellow_,217,B2AI_1_Paclitaxel_A2_R11_z01_yellow
,/Users/ashi/github/cm4ai_codefest2025/analysis/cell_crops/yellow/B2AI_1_Paclitaxel_A2_R11_z01_yellow_cell218.png,,,/Users/ashi/github/cm4ai_codefest2025/analysis/cell_crops,B2AI_1_Paclitaxel_A2_R11_z01_yellow_,218,B2AI_1_Paclitaxel_A2_R11_z01_yellow
,/Users/ashi/github/cm4ai_codefest2025/analysis/cell_crops/yellow/B2AI_1_Paclitaxel_A2_R11_z01_yellow_cell219.png,,,/Users/ashi/github/cm4ai_codefest2025/analysis/cell_crops,B2AI_1_Paclitaxel_A2_R11_z01_yellow_,219,B2AI_1_Paclitaxel_A2_R11_z01_yellow
,/Users/ashi/github/cm4ai_codefest2025/analysis/cell_crops/yellow/B2AI_1_Paclitaxel_A2_R11_z01_yellow_cell220.png,,,/Users/ashi/github/cm4ai_codefest2025/analysis/cell_crops,B2AI_1_Paclitaxel_A2_R11_z01_yellow_,220,B2AI_1_Paclitaxel_A2_R11_z01_yellow
,/Users/ashi/github/cm4ai_codefest2025/analysis/cell_crops/yellow/B2AI_1_Paclitaxel_A2_R11_z01_yellow_cell221.png,,,/Users/ashi/github/cm4ai_codefest2025/analysis/cell_crops,B2AI_1_Paclitaxel_A2_R11_z01_yellow_,221,B2AI_1_Paclitaxel_A2_R11_z01_yellow
,/Users/ashi/github/cm4ai_codefest2025/analysis/cell_crops/yellow/B2AI_1_Paclitaxel_A2_R11_z01_yellow_cell222.png,,,/Users/ashi/github/cm4ai_codefest2025/analysis/cell_crops,B2AI_1_Paclitaxel_A2_R11_z01_yellow_,222,B2AI_1_Paclitaxel_A2_R11_z01_yellow
,/Users/ashi/github/cm4ai_codefest2025/analysis/cell_crops/yellow/B2AI_1_Paclitaxel_A2_R11_z01_yellow_cell223.png,,,/Users/ashi/github/cm4ai_codefest2025/analysis/cell_crops,B2AI_1_Paclitaxel_A2_R11_z01_yellow_,223,B2AI_1_Paclitaxel_A2_R11_z01_yellow
,/Users/ashi/github/cm4ai_codefest2025/analysis/cell_crops/yellow/B2AI_1_Paclitaxel_A2_R11_z01_yellow_cell224.png,,,/Users/ashi/github/cm4ai_codefest2025/analysis/cell_crops,B2AI_1_Paclitaxel_A2_R11_z01_yellow_,224,B2AI_1_Paclitaxel_A2_R11_z01_yellow
,/Users/ashi/github/cm4ai_codefest2025/analysis/cell_crops/yellow/B2AI_1_Paclitaxel_A2_R11_z01_yellow_cell225.png,,,/Users/ashi/github/cm4ai_codefest2025/analysis/cell_crops,B2AI_1_Paclitaxel_A2_R11_z01_yellow_,225,B2AI_1_Paclitaxel_A2_R11_z01_yellow
,/Users/ashi/github/cm4ai_codefest2025/analysis/cell_crops/yellow/B2AI_1_Paclitaxel_A2_R11_z01_yellow_cell226.png,,,/Users/ashi/github/cm4ai_codefest2025/analysis/cell_crops,B2AI_1_Paclitaxel_A2_R11_z01_yellow_,226,B2AI_1_Paclitaxel_A2_R11_z01_yellow
,/Users/ashi/github/cm4ai_codefest2025/analysis/cell_crops/yellow/B2AI_1_Paclitaxel_A2_R11_z01_yellow_cell227.png,,,/Users/ashi/github/cm4ai_codefest2025/analysis/cell_crops,B2AI_1_Paclitaxel_A2_R11_z01_yellow_,227,B2AI_1_Paclitaxel_A2_R11_z01_yellow
,/Users/ashi/github/cm4ai_codefest2025/analysis/cell_crops/yellow/B2AI_1_Paclitaxel_A2_R11_z01_yellow_cell228.png,,,/Users/ashi/github/cm4ai_codefest2025/analysis/cell_crops,B2AI_1_Paclitaxel_A2_R11_z01_yellow_,228,B2AI_1_Paclitaxel_A2_R11_z01_yellow
,/Users/ashi/github/cm4ai_codefest2025/analysis/cell_crops/yellow/B2AI_1_Paclitaxel_A2_R11_z01_yellow_cell229.png,,,/Users/ashi/github/cm4ai_codefest2025/analysis/cell_crops,B2AI_1_Paclitaxel_A2_R11_z01_yellow_,229,B2AI_1_Paclitaxel_A2_R11_z01_yellow
,/Users/ashi/github/cm4ai_codefest2025/analysis/cell_crops/yellow/B2AI_1_Paclitaxel_A2_R11_z01_yellow_cell230.png,,,/Users/ashi/github/cm4ai_codefest2025/analysis/cell_crops,B2AI_1_Paclitaxel_A2_R11_z01_yellow_,230,B2AI_1_Paclitaxel_A2_R11_z01_yellow
,/Users/ashi/github/cm4ai_codefest2025/analysis/cell_crops/yellow/B2AI_1_Paclitaxel_A2_R11_z01_yellow_cell231.png,,,/Users/ashi/github/cm4ai_codefest2025/analysis/cell_crops,B2AI_1_Paclitaxel_A2_R11_z01_yellow_,231,B2AI_1_Paclitaxel_A2_R11_z01_yellow
,/Users/ashi/github/cm4ai_codefest2025/analysis/cell_crops/yellow/B2AI_1_Paclitaxel_A2_R11_z01_yellow_cell232.png,,,/Users/ashi/github/cm4ai_codefest2025/analysis/cell_crops,B2AI_1_Paclitaxel_A2_R11_z01_yellow_,232,B2AI_1_Paclitaxel_A2_R11_z01_yellow
,/Users/ashi/github/cm4ai_codefest2025/analysis/cell_crops/yellow/B2AI_1_Paclitaxel_A2_R11_z01_yellow_cell233.png,,,/Users/ashi/github/cm4ai_codefest2025/analysis/cell_crops,B2AI_1_Paclitaxel_A2_R11_z01_yellow_,233,B2AI_1_Paclitaxel_A2_R11_z01_yellow
,/Users/ashi/github/cm4ai_codefest2025/analysis/cell_crops/yellow/B2AI_1_Paclitaxel_A2_R11_z01_yellow_cell234.png,,,/Users/ashi/github/cm4ai_codefest2025/analysis/cell_crops,B2AI_1_Paclitaxel_A2_R11_z01_yellow_,234,B2AI_1_Paclitaxel_A2_R11_z01_yellow
,/Users/ashi/github/cm4ai_codefest2025/analysis/cell_crops/yellow/B2AI_1_Paclitaxel_A2_R11_z01_yellow_cell235.png,,,/Users/ashi/github/cm4ai_codefest2025/analysis/cell_crops,B2AI_1_Paclitaxel_A2_R11_z01_yellow_,235,B2AI_1_Paclitaxel_A2_R11_z01_yellow
,/Users/ashi/github/cm4ai_codefest2025/analysis/cell_crops/yellow/B2AI_1_Paclitaxel_A2_R11_z01_yellow_cell236.png,,,/Users/ashi/github/cm4ai_codefest2025/analysis/cell_crops,B2AI_1_Paclitaxel_A2_R11_z01_yellow_,236,B2AI_1_Paclitaxel_A2_R11_z01_yellow
,/Users/ashi/github/cm4ai_codefest2025/analysis/cell_crops/yellow/B2AI_1_Paclitaxel_A2_R11_z01_yellow_cell237.png,,,/Users/ashi/github/cm4ai_codefest2025/analysis/cell_crops,B2AI_1_Paclitaxel_A2_R11_z01_yellow_,237,B2AI_1_Paclitaxel_A2_R11_z01_yellow
,/Users/ashi/github/cm4ai_codefest2025/analysis/cell_crops/yellow/B2AI_1_Paclitaxel_A2_R11_z01_yellow_cell238.png,,,/Users/ashi/github/cm4ai_codefest2025/analysis/cell_crops,B2AI_1_Paclitaxel_A2_R11_z01_yellow_,238,B2AI_1_Paclitaxel_A2_R11_z01_yellow
,/Users/ashi/github/cm4ai_codefest2025/analysis/cell_crops/yellow/B2AI_1_Paclitaxel_A2_R11_z01_yellow_cell239.png,,,/Users/ashi/github/cm4ai_codefest2025/analysis/cell_crops,B2AI_1_Paclitaxel_A2_R11_z01_yellow_,239,B2AI_1_Paclitaxel_A2_R11_z01_yellow
,/Users/ashi/github/cm4ai_codefest2025/analysis/cell_crops/yellow/B2AI_1_Paclitaxel_A2_R11_z01_yellow_cell240.png,,,/Users/ashi/github/cm4ai_codefest2025/analysis/cell_crops,B2AI_1_Paclitaxel_A2_R11_z01_yellow_,240,B2AI_1_Paclitaxel_A2_R11_z01_yellow
,/Users/ashi/github/cm4ai_codefest2025/analysis/cell_crops/yellow/B2AI_1_Paclitaxel_A2_R11_z01_yellow_cell241.png,,,/Users/ashi/github/cm4ai_codefest2025/analysis/cell_crops,B2AI_1_Paclitaxel_A2_R11_z01_yellow_,241,B2AI_1_Paclitaxel_A2_R11_z01_yellow
,/Users/ashi/github/cm4ai_codefest2025/analysis/cell_crops/yellow/B2AI_1_Paclitaxel_A2_R11_z01_yellow_cell242.png,,,/Users/ashi/github/cm4ai_codefest2025/analysis/cell_crops,B2AI_1_Paclitaxel_A2_R11_z01_yellow_,242,B2AI_1_Paclitaxel_A2_R11_z01_yellow
,/Users/ashi/github/cm4ai_codefest2025/analysis/cell_crops/yellow/B2AI_1_Paclitaxel_A2_R11_z01_yellow_cell243.png,,,/Users/ashi/github/cm4ai_codefest2025/analysis/cell_crops,B2AI_1_Paclitaxel_A2_R11_z01_yellow_,243,B2AI_1_Paclitaxel_A2_R11_z01_yellow
,/Users/ashi/github/cm4ai_codefest2025/analysis/cell_crops/yellow/B2AI_1_Paclitaxel_A2_R11_z01_yellow_cell244.png,,,/Users/ashi/github/cm4ai_codefest2025/analysis/cell_crops,B2AI_1_Paclitaxel_A2_R11_z01_yellow_,244,B2AI_1_Paclitaxel_A2_R11_z01_yellow
,/Users/ashi/github/cm4ai_codefest2025/analysis/cell_crops/yellow/B2AI_1_Paclitaxel_A2_R11_z01_yellow_cell245.png,,,/Users/ashi/github/cm4ai_codefest2025/analysis/cell_crops,B2AI_1_Paclitaxel_A2_R11_z01_yellow_,245,B2AI_1_Paclitaxel_A2_R11_z01_yellow
,/Users/ashi/github/cm4ai_codefest2025/analysis/cell_crops/yellow/B2AI_1_Paclitaxel_A2_R11_z01_yellow_cell246.png,,,/Users/ashi/github/cm4ai_codefest2025/analysis/cell_crops,B2AI_1_Paclitaxel_A2_R11_z01_yellow_,246,B2AI_1_Paclitaxel_A2_R11_z01_yellow
,/Users/ashi/github/cm4ai_codefest2025/analysis/cell_crops/yellow/B2AI_1_Paclitaxel_A2_R11_z01_yellow_cell247.png,,,/Users/ashi/github/cm4ai_codefest2025/analysis/cell_crops,B2AI_1_Paclitaxel_A2_R11_z01_yellow_,247,B2AI_1_Paclitaxel_A2_R11_z01_yellow
,/Users/ashi/github/cm4ai_codefest2025/analysis/cell_crops/yellow/B2AI_1_Paclitaxel_A2_R11_z01_yellow_cell248.png,,,/Users/ashi/github/cm4ai_codefest2025/analysis/cell_crops,B2AI_1_Paclitaxel_A2_R11_z01_yellow_,248,B2AI_1_Paclitaxel_A2_R11_z01_yellow
,/Users/ashi/github/cm4ai_codefest2025/analysis/cell_crops/yellow/B2AI_1_Paclitaxel_A2_R11_z01_yellow_cell249.png,,,/Users/ashi/github/cm4ai_codefest2025/analysis/cell_crops,B2AI_1_Paclitaxel_A2_R11_z01_yellow_,249,B2AI_1_Paclitaxel_A2_R11_z01_yellow
,/Users/ashi/github/cm4ai_codefest2025/analysis/cell_crops/yellow/B2AI_1_Paclitaxel_A2_R11_z01_yellow_cell250.png,,,/Users/ashi/github/cm4ai_codefest2025/analysis/cell_crops,B2AI_1_Paclitaxel_A2_R11_z01_yellow_,250,B2AI_1_Paclitaxel_A2_R11_z01_yellow
,/Users/ashi/github/cm4ai_codefest2025/analysis/cell_crops/yellow/B2AI_1_Paclitaxel_A2_R11_z01_yellow_cell251.png,,,/Users/ashi/github/cm4ai_codefest2025/analysis/cell_crops,B2AI_1_Paclitaxel_A2_R11_z01_yellow_,251,B2AI_1_Paclitaxel_A2_R11_z01_yellow
,/Users/ashi/github/cm4ai_codefest2025/analysis/cell_crops/yellow/B2AI_1_Paclitaxel_A2_R11_z01_yellow_cell252.png,,,/Users/ashi/github/cm4ai_codefest2025/analysis/cell_crops,B2AI_1_Paclitaxel_A2_R11_z01_yellow_,252,B2AI_1_Paclitaxel_A2_R11_z01_yellow
,/Users/ashi/github/cm4ai_codefest2025/analysis/cell_crops/yellow/B2AI_1_Paclitaxel_A2_R11_z01_yellow_cell253.png,,,/Users/ashi/github/cm4ai_codefest2025/analysis/cell_crops,B2AI_1_Paclitaxel_A2_R11_z01_yellow_,253,B2AI_1_Paclitaxel_A2_R11_z01_yellow
,/Users/ashi/github/cm4ai_codefest2025/analysis/cell_crops/yellow/B2AI_1_Paclitaxel_A2_R11_z01_yellow_cell254.png,,,/Users/ashi/github/cm4ai_codefest2025/analysis/cell_crops,B2AI_1_Paclitaxel_A2_R11_z01_yellow_,254,B2AI_1_Paclitaxel_A2_R11_z01_yellow
,/Users/ashi/github/cm4ai_codefest2025/analysis/cell_crops/yellow/B2AI_1_Paclitaxel_A2_R11_z01_yellow_cell255.png,,,/Users/ashi/github/cm4ai_codefest2025/analysis/cell_crops,B2AI_1_Paclitaxel_A2_R11_z01_yellow_,255,B2AI_1_Paclitaxel_A2_R11_z01_yellow
,/Users/ashi/github/cm4ai_codefest2025/analysis/cell_crops/yellow/B2AI_1_Paclitaxel_A2_R11_z01_yellow_cell256.png,,,/Users/ashi/github/cm4ai_codefest2025/analysis/cell_crops,B2AI_1_Paclitaxel_A2_R11_z01_yellow_,256,B2AI_1_Paclitaxel_A2_R11_z01_yellow
,/Users/ashi/github/cm4ai_codefest2025/analysis/cell_crops/yellow/B2AI_1_Paclitaxel_A2_R11_z01_yellow_cell257.png,,,/Users/ashi/github/cm4ai_codefest2025/analysis/cell_crops,B2AI_1_Paclitaxel_A2_R11_z01_yellow_,257,B2AI_1_Paclitaxel_A2_R11_z01_yellow
,/Users/ashi/github/cm4ai_codefest2025/analysis/cell_crops/yellow/B2AI_1_Paclitaxel_A2_R11_z01_yellow_cell258.png,,,/Users/ashi/github/cm4ai_codefest2025/analysis/cell_crops,B2AI_1_Paclitaxel_A2_R11_z01_yellow_,258,B2AI_1_Paclitaxel_A2_R11_z01_yellow
,/Users/ashi/github/cm4ai_codefest2025/analysis/cell_crops/yellow/B2AI_1_Paclitaxel_A2_R11_z01_yellow_cell259.png,,,/Users/ashi/github/cm4ai_codefest2025/analysis/cell_crops,B2AI_1_Paclitaxel_A2_R11_z01_yellow_,259,B2AI_1_Paclitaxel_A2_R11_z01_yellow
,/Users/ashi/github/cm4ai_codefest2025/analysis/cell_crops/yellow/B2AI_1_Paclitaxel_A2_R11_z01_yellow_cell260.png,,,/Users/ashi/github/cm4ai_codefest2025/analysis/cell_crops,B2AI_1_Paclitaxel_A2_R11_z01_yellow_,260,B2AI_1_Paclitaxel_A2_R11_z01_yellow
,/Users/ashi/github/cm4ai_codefest2025/analysis/cell_crops/yellow/B2AI_1_Paclitaxel_A2_R11_z01_yellow_cell261.png,,,/Users/ashi/github/cm4ai_codefest2025/analysis/cell_crops,B2AI_1_Paclitaxel_A2_R11_z01_yellow_,261,B2AI_1_Paclitaxel_A2_R11_z01_yellow
,/Users/ashi/github/cm4ai_codefest2025/analysis/cell_crops/yellow/B2AI_1_Paclitaxel_A2_R11_z01_yellow_cell262.png,,,/Users/ashi/github/cm4ai_codefest2025/analysis/cell_crops,B2AI_1_Paclitaxel_A2_R11_z01_yellow_,262,B2AI_1_Paclitaxel_A2_R11_z01_yellow
,/Users/ashi/github/cm4ai_codefest2025/analysis/cell_crops/yellow/B2AI_1_Paclitaxel_A2_R11_z01_yellow_cell263.png,,,/Users/ashi/github/cm4ai_codefest2025/analysis/cell_crops,B2AI_1_Paclitaxel_A2_R11_z01_yellow_,263,B2AI_1_Paclitaxel_A2_R11_z01_yellow
,/Users/ashi/github/cm4ai_codefest2025/analysis/cell_crops/yellow/B2AI_1_Paclitaxel_A2_R11_z01_yellow_cell264.png,,,/Users/ashi/github/cm4ai_codefest2025/analysis/cell_crops,B2AI_1_Paclitaxel_A2_R11_z01_yellow_,264,B2AI_1_Paclitaxel_A2_R11_z01_yellow
,/Users/ashi/github/cm4ai_codefest2025/analysis/cell_crops/yellow/B2AI_1_Paclitaxel_A2_R11_z01_yellow_cell265.png,,,/Users/ashi/github/cm4ai_codefest2025/analysis/cell_crops,B2AI_1_Paclitaxel_A2_R11_z01_yellow_,265,B2AI_1_Paclitaxel_A2_R11_z01_yellow
,/Users/ashi/github/cm4ai_codefest2025/analysis/cell_crops/yellow/B2AI_1_Paclitaxel_A2_R11_z01_yellow_cell266.png,,,/Users/ashi/github/cm4ai_codefest2025/analysis/cell_crops,B2AI_1_Paclitaxel_A2_R11_z01_yellow_,266,B2AI_1_Paclitaxel_A2_R11_z01_yellow
,/Users/ashi/github/cm4ai_codefest2025/analysis/cell_crops/yellow/B2AI_1_Paclitaxel_A2_R11_z01_yellow_cell267.png,,,/Users/ashi/github/cm4ai_codefest2025/analysis/cell_crops,B2AI_1_Paclitaxel_A2_R11_z01_yellow_,267,B2AI_1_Paclitaxel_A2_R11_z01_yellow
,/Users/ashi/github/cm4ai_codefest2025/analysis/cell_crops/yellow/B2AI_1_Paclitaxel_A2_R11_z01_yellow_cell268.png,,,/Users/ashi/github/cm4ai_codefest2025/analysis/cell_crops,B2AI_1_Paclitaxel_A2_R11_z01_yellow_,268,B2AI_1_Paclitaxel_A2_R11_z01_yellow
,/Users/ashi/github/cm4ai_codefest2025/analysis/cell_crops/yellow/B2AI_1_Paclitaxel_A2_R11_z01_yellow_cell269.png,,,/Users/ashi/github/cm4ai_codefest2025/analysis/cell_crops,B2AI_1_Paclitaxel_A2_R11_z01_yellow_,269,B2AI_1_Paclitaxel_A2_R11_z01_yellow
,/Users/ashi/github/cm4ai_codefest2025/analysis/cell_crops/yellow/B2AI_1_Paclitaxel_A2_R11_z01_yellow_cell270.png,,,/Users/ashi/github/cm4ai_codefest2025/analysis/cell_crops,B2AI_1_Paclitaxel_A2_R11_z01_yellow_,270,B2AI_1_Paclitaxel_A2_R11_z01_yellow
,/Users/ashi/github/cm4ai_codefest2025/analysis/cell_crops/yellow/B2AI_1_Paclitaxel_A2_R11_z01_yellow_cell271.png,,,/Users/ashi/github/cm4ai_codefest2025/analysis/cell_crops,B2AI_1_Paclitaxel_A2_R11_z01_yellow_,271,B2AI_1_Paclitaxel_A2_R11_z01_yellow
,/Users/ashi/github/cm4ai_codefest2025/analysis/cell_crops/yellow/B2AI_1_Paclitaxel_A2_R11_z01_yellow_cell272.png,,,/Users/ashi/github/cm4ai_codefest2025/analysis/cell_crops,B2AI_1_Paclitaxel_A2_R11_z01_yellow_,272,B2AI_1_Paclitaxel_A2_R11_z01_yellow
,/Users/ashi/github/cm4ai_codefest2025/analysis/cell_crops/yellow/B2AI_1_Paclitaxel_A2_R11_z01_yellow_cell273.png,,,/Users/ashi/github/cm4ai_codefest2025/analysis/cell_crops,B2AI_1_Paclitaxel_A2_R11_z01_yellow_,273,B2AI_1_Paclitaxel_A2_R11_z01_yellow
,/Users/ashi/github/cm4ai_codefest2025/analysis/cell_crops/yellow/B2AI_1_Paclitaxel_A2_R11_z01_yellow_cell274.png,,,/Users/ashi/github/cm4ai_codefest2025/analysis/cell_crops,B2AI_1_Paclitaxel_A2_R11_z01_yellow_,274,B2AI_1_Paclitaxel_A2_R11_z01_yellow
,/Users/ashi/github/cm4ai_codefest2025/analysis/cell_crops/yellow/B2AI_1_Paclitaxel_A2_R11_z01_yellow_cell275.png,,,/Users/ashi/github/cm4ai_codefest2025/analysis/cell_crops,B2AI_1_Paclitaxel_A2_R11_z01_yellow_,275,B2AI_1_Paclitaxel_A2_R11_z01_yellow
,/Users/ashi/github/cm4ai_codefest2025/analysis/cell_crops/yellow/B2AI_1_Paclitaxel_A2_R11_z01_yellow_cell276.png,,,/Users/ashi/github/cm4ai_codefest2025/analysis/cell_crops,B2AI_1_Paclitaxel_A2_R11_z01_yellow_,276,B2AI_1_Paclitaxel_A2_R11_z01_yellow
,/Users/ashi/github/cm4ai_codefest2025/analysis/cell_crops/yellow/B2AI_1_Paclitaxel_A2_R11_z01_yellow_cell277.png,,,/Users/ashi/github/cm4ai_codefest2025/analysis/cell_crops,B2AI_1_Paclitaxel_A2_R11_z01_yellow_,277,B2AI_1_Paclitaxel_A2_R11_z01_yellow
,/Users/ashi/github/cm4ai_codefest2025/analysis/cell_crops/yellow/B2AI_1_Paclitaxel_A2_R11_z01_yellow_cell278.png,,,/Users/ashi/github/cm4ai_codefest2025/analysis/cell_crops,B2AI_1_Paclitaxel_A2_R11_z01_yellow_,278,B2AI_1_Paclitaxel_A2_R11_z01_yellow
,/Users/ashi/github/cm4ai_codefest2025/analysis/cell_crops/yellow/B2AI_1_Paclitaxel_A2_R11_z01_yellow_cell279.png,,,/Users/ashi/github/cm4ai_codefest2025/analysis/cell_crops,B2AI_1_Paclitaxel_A2_R11_z01_yellow_,279,B2AI_1_Paclitaxel_A2_R11_z01_yellow
,/Users/ashi/github/cm4ai_codefest2025/analysis/cell_crops/yellow/B2AI_1_Paclitaxel_A2_R11_z01_yellow_cell280.png,,,/Users/ashi/github/cm4ai_codefest2025/analysis/cell_crops,B2AI_1_Paclitaxel_A2_R11_z01_yellow_,280,B2AI_1_Paclitaxel_A2_R11_z01_yellow
,/Users/ashi/github/cm4ai_codefest2025/analysis/cell_crops/yellow/B2AI_1_Paclitaxel_A2_R11_z01_yellow_cell281.png,,,/Users/ashi/github/cm4ai_codefest2025/analysis/cell_crops,B2AI_1_Paclitaxel_A2_R11_z01_yellow_,281,B2AI_1_Paclitaxel_A2_R11_z01_yellow
,/Users/ashi/github/cm4ai_codefest2025/analysis/cell_crops/yellow/B2AI_1_Paclitaxel_A2_R11_z01_yellow_cell282.png,,,/Users/ashi/github/cm4ai_codefest2025/analysis/cell_crops,B2AI_1_Paclitaxel_A2_R11_z01_yellow_,282,B2AI_1_Paclitaxel_A2_R11_z01_yellow
,/Users/ashi/github/cm4ai_codefest2025/analysis/cell_crops/yellow/B2AI_1_Paclitaxel_A2_R11_z01_yellow_cell283.png,,,/Users/ashi/github/cm4ai_codefest2025/analysis/cell_crops,B2AI_1_Paclitaxel_A2_R11_z01_yellow_,283,B2AI_1_Paclitaxel_A2_R11_z01_yellow
,/Users/ashi/github/cm4ai_codefest2025/analysis/cell_crops/yellow/B2AI_1_Paclitaxel_A2_R11_z01_yellow_cell284.png,,,/Users/ashi/github/cm4ai_codefest2025/analysis/cell_crops,B2AI_1_Paclitaxel_A2_R11_z01_yellow_,284,B2AI_1_Paclitaxel_A2_R11_z01_yellow
,/Users/ashi/github/cm4ai_codefest2025/analysis/cell_crops/yellow/B2AI_1_Paclitaxel_A2_R11_z01_yellow_cell285.png,,,/Users/ashi/github/cm4ai_codefest2025/analysis/cell_crops,B2AI_1_Paclitaxel_A2_R11_z01_yellow_,285,B2AI_1_Paclitaxel_A2_R11_z01_yellow
,/Users/ashi/github/cm4ai_codefest2025/analysis/cell_crops/yellow/B2AI_1_Paclitaxel_A2_R11_z01_yellow_cell286.png,,,/Users/ashi/github/cm4ai_codefest2025/analysis/cell_crops,B2AI_1_Paclitaxel_A2_R11_z01_yellow_,286,B2AI_1_Paclitaxel_A2_R11_z01_yellow
,/Users/ashi/github/cm4ai_codefest2025/analysis/cell_crops/yellow/B2AI_1_Paclitaxel_A2_R11_z01_yellow_cell287.png,,,/Users/ashi/github/cm4ai_codefest2025/analysis/cell_crops,B2AI_1_Paclitaxel_A2_R11_z01_yellow_,287,B2AI_1_Paclitaxel_A2_R11_z01_yellow
,/Users/ashi/github/cm4ai_codefest2025/analysis/cell_crops/yellow/B2AI_1_Paclitaxel_A2_R11_z01_yellow_cell288.png,,,/Users/ashi/github/cm4ai_codefest2025/analysis/cell_crops,B2AI_1_Paclitaxel_A2_R11_z01_yellow_,288,B2AI_1_Paclitaxel_A2_R11_z01_yellow
,/Users/ashi/github/cm4ai_codefest2025/analysis/cell_crops/yellow/B2AI_1_Paclitaxel_A2_R12_z01_yellow_cell1.png,,,/Users/ashi/github/cm4ai_codefest2025/analysis/cell_crops,B2AI_1_Paclitaxel_A2_R12_z01_yellow_,1,B2AI_1_Paclitaxel_A2_R12_z01_yellow
,/Users/ashi/github/cm4ai_codefest2025/analysis/cell_crops/yellow/B2AI_1_Paclitaxel_A2_R12_z01_yellow_cell2.png,,,/Users/ashi/github/cm4ai_codefest2025/analysis/cell_crops,B2AI_1_Paclitaxel_A2_R12_z01_yellow_,2,B2AI_1_Paclitaxel_A2_R12_z01_yellow
,/Users/ashi/github/cm4ai_codefest2025/analysis/cell_crops/yellow/B2AI_1_Paclitaxel_A2_R12_z01_yellow_cell3.png,,,/Users/ashi/github/cm4ai_codefest2025/analysis/cell_crops,B2AI_1_Paclitaxel_A2_R12_z01_yellow_,3,B2AI_1_Paclitaxel_A2_R12_z01_yellow
,/Users/ashi/github/cm4ai_codefest2025/analysis/cell_crops/yellow/B2AI_1_Paclitaxel_A2_R12_z01_yellow_cell4.png,,,/Users/ashi/github/cm4ai_codefest2025/analysis/cell_crops,B2AI_1_Paclitaxel_A2_R12_z01_yellow_,4,B2AI_1_Paclitaxel_A2_R12_z01_yellow
,/Users/ashi/github/cm4ai_codefest2025/analysis/cell_crops/yellow/B2AI_1_Paclitaxel_A2_R12_z01_yellow_cell5.png,,,/Users/ashi/github/cm4ai_codefest2025/analysis/cell_crops,B2AI_1_Paclitaxel_A2_R12_z01_yellow_,5,B2AI_1_Paclitaxel_A2_R12_z01_yellow
,/Users/ashi/github/cm4ai_codefest2025/analysis/cell_crops/yellow/B2AI_1_Paclitaxel_A2_R12_z01_yellow_cell6.png,,,/Users/ashi/github/cm4ai_codefest2025/analysis/cell_crops,B2AI_1_Paclitaxel_A2_R12_z01_yellow_,6,B2AI_1_Paclitaxel_A2_R12_z01_yellow
,/Users/ashi/github/cm4ai_codefest2025/analysis/cell_crops/yellow/B2AI_1_Paclitaxel_A2_R12_z01_yellow_cell7.png,,,/Users/ashi/github/cm4ai_codefest2025/analysis/cell_crops,B2AI_1_Paclitaxel_A2_R12_z01_yellow_,7,B2AI_1_Paclitaxel_A2_R12_z01_yellow
,/Users/ashi/github/cm4ai_codefest2025/analysis/cell_crops/yellow/B2AI_1_Paclitaxel_A2_R12_z01_yellow_cell8.png,,,/Users/ashi/github/cm4ai_codefest2025/analysis/cell_crops,B2AI_1_Paclitaxel_A2_R12_z01_yellow_,8,B2AI_1_Paclitaxel_A2_R12_z01_yellow
,/Users/ashi/github/cm4ai_codefest2025/analysis/cell_crops/yellow/B2AI_1_Paclitaxel_A2_R12_z01_yellow_cell9.png,,,/Users/ashi/github/cm4ai_codefest2025/analysis/cell_crops,B2AI_1_Paclitaxel_A2_R12_z01_yellow_,9,B2AI_1_Paclitaxel_A2_R12_z01_yellow
,/Users/ashi/github/cm4ai_codefest2025/analysis/cell_crops/yellow/B2AI_1_Paclitaxel_A2_R12_z01_yellow_cell10.png,,,/Users/ashi/github/cm4ai_codefest2025/analysis/cell_crops,B2AI_1_Paclitaxel_A2_R12_z01_yellow_,10,B2AI_1_Paclitaxel_A2_R12_z01_yellow
,/Users/ashi/github/cm4ai_codefest2025/analysis/cell_crops/yellow/B2AI_1_Paclitaxel_A2_R12_z01_yellow_cell11.png,,,/Users/ashi/github/cm4ai_codefest2025/analysis/cell_crops,B2AI_1_Paclitaxel_A2_R12_z01_yellow_,11,B2AI_1_Paclitaxel_A2_R12_z01_yellow
,/Users/ashi/github/cm4ai_codefest2025/analysis/cell_crops/yellow/B2AI_1_Paclitaxel_A2_R12_z01_yellow_cell12.png,,,/Users/ashi/github/cm4ai_codefest2025/analysis/cell_crops,B2AI_1_Paclitaxel_A2_R12_z01_yellow_,12,B2AI_1_Paclitaxel_A2_R12_z01_yellow
,/Users/ashi/github/cm4ai_codefest2025/analysis/cell_crops/yellow/B2AI_1_Paclitaxel_A2_R12_z01_yellow_cell13.png,,,/Users/ashi/github/cm4ai_codefest2025/analysis/cell_crops,B2AI_1_Paclitaxel_A2_R12_z01_yellow_,13,B2AI_1_Paclitaxel_A2_R12_z01_yellow
,/Users/ashi/github/cm4ai_codefest2025/analysis/cell_crops/yellow/B2AI_1_Paclitaxel_A2_R12_z01_yellow_cell14.png,,,/Users/ashi/github/cm4ai_codefest2025/analysis/cell_crops,B2AI_1_Paclitaxel_A2_R12_z01_yellow_,14,B2AI_1_Paclitaxel_A2_R12_z01_yellow
,/Users/ashi/github/cm4ai_codefest2025/analysis/cell_crops/yellow/B2AI_1_Paclitaxel_A2_R12_z01_yellow_cell15.png,,,/Users/ashi/github/cm4ai_codefest2025/analysis/cell_crops,B2AI_1_Paclitaxel_A2_R12_z01_yellow_,15,B2AI_1_Paclitaxel_A2_R12_z01_yellow
,/Users/ashi/github/cm4ai_codefest2025/analysis/cell_crops/yellow/B2AI_1_Paclitaxel_A2_R12_z01_yellow_cell16.png,,,/Users/ashi/github/cm4ai_codefest2025/analysis/cell_crops,B2AI_1_Paclitaxel_A2_R12_z01_yellow_,16,B2AI_1_Paclitaxel_A2_R12_z01_yellow
,/Users/ashi/github/cm4ai_codefest2025/analysis/cell_crops/yellow/B2AI_1_Paclitaxel_A2_R12_z01_yellow_cell17.png,,,/Users/ashi/github/cm4ai_codefest2025/analysis/cell_crops,B2AI_1_Paclitaxel_A2_R12_z01_yellow_,17,B2AI_1_Paclitaxel_A2_R12_z01_yellow
,/Users/ashi/github/cm4ai_codefest2025/analysis/cell_crops/yellow/B2AI_1_Paclitaxel_A2_R12_z01_yellow_cell18.png,,,/Users/ashi/github/cm4ai_codefest2025/analysis/cell_crops,B2AI_1_Paclitaxel_A2_R12_z01_yellow_,18,B2AI_1_Paclitaxel_A2_R12_z01_yellow
,/Users/ashi/github/cm4ai_codefest2025/analysis/cell_crops/yellow/B2AI_1_Paclitaxel_A2_R12_z01_yellow_cell19.png,,,/Users/ashi/github/cm4ai_codefest2025/analysis/cell_crops,B2AI_1_Paclitaxel_A2_R12_z01_yellow_,19,B2AI_1_Paclitaxel_A2_R12_z01_yellow
,/Users/ashi/github/cm4ai_codefest2025/analysis/cell_crops/yellow/B2AI_1_Paclitaxel_A2_R12_z01_yellow_cell20.png,,,/Users/ashi/github/cm4ai_codefest2025/analysis/cell_crops,B2AI_1_Paclitaxel_A2_R12_z01_yellow_,20,B2AI_1_Paclitaxel_A2_R12_z01_yellow
,/Users/ashi/github/cm4ai_codefest2025/analysis/cell_crops/yellow/B2AI_1_Paclitaxel_A2_R12_z01_yellow_cell21.png,,,/Users/ashi/github/cm4ai_codefest2025/analysis/cell_crops,B2AI_1_Paclitaxel_A2_R12_z01_yellow_,21,B2AI_1_Paclitaxel_A2_R12_z01_yellow
,/Users/ashi/github/cm4ai_codefest2025/analysis/cell_crops/yellow/B2AI_1_Paclitaxel_A2_R12_z01_yellow_cell22.png,,,/Users/ashi/github/cm4ai_codefest2025/analysis/cell_crops,B2AI_1_Paclitaxel_A2_R12_z01_yellow_,22,B2AI_1_Paclitaxel_A2_R12_z01_yellow
,/Users/ashi/github/cm4ai_codefest2025/analysis/cell_crops/yellow/B2AI_1_Paclitaxel_A2_R12_z01_yellow_cell23.png,,,/Users/ashi/github/cm4ai_codefest2025/analysis/cell_crops,B2AI_1_Paclitaxel_A2_R12_z01_yellow_,23,B2AI_1_Paclitaxel_A2_R12_z01_yellow
,/Users/ashi/github/cm4ai_codefest2025/analysis/cell_crops/yellow/B2AI_1_Paclitaxel_A2_R12_z01_yellow_cell24.png,,,/Users/ashi/github/cm4ai_codefest2025/analysis/cell_crops,B2AI_1_Paclitaxel_A2_R12_z01_yellow_,24,B2AI_1_Paclitaxel_A2_R12_z01_yellow
,/Users/ashi/github/cm4ai_codefest2025/analysis/cell_crops/yellow/B2AI_1_Paclitaxel_A2_R12_z01_yellow_cell25.png,,,/Users/ashi/github/cm4ai_codefest2025/analysis/cell_crops,B2AI_1_Paclitaxel_A2_R12_z01_yellow_,25,B2AI_1_Paclitaxel_A2_R12_z01_yellow
,/Users/ashi/github/cm4ai_codefest2025/analysis/cell_crops/yellow/B2AI_1_Paclitaxel_A2_R12_z01_yellow_cell26.png,,,/Users/ashi/github/cm4ai_codefest2025/analysis/cell_crops,B2AI_1_Paclitaxel_A2_R12_z01_yellow_,26,B2AI_1_Paclitaxel_A2_R12_z01_yellow
,/Users/ashi/github/cm4ai_codefest2025/analysis/cell_crops/yellow/B2AI_1_Paclitaxel_A2_R12_z01_yellow_cell27.png,,,/Users/ashi/github/cm4ai_codefest2025/analysis/cell_crops,B2AI_1_Paclitaxel_A2_R12_z01_yellow_,27,B2AI_1_Paclitaxel_A2_R12_z01_yellow
,/Users/ashi/github/cm4ai_codefest2025/analysis/cell_crops/yellow/B2AI_1_Paclitaxel_A2_R12_z01_yellow_cell28.png,,,/Users/ashi/github/cm4ai_codefest2025/analysis/cell_crops,B2AI_1_Paclitaxel_A2_R12_z01_yellow_,28,B2AI_1_Paclitaxel_A2_R12_z01_yellow
,/Users/ashi/github/cm4ai_codefest2025/analysis/cell_crops/yellow/B2AI_1_Paclitaxel_A2_R12_z01_yellow_cell29.png,,,/Users/ashi/github/cm4ai_codefest2025/analysis/cell_crops,B2AI_1_Paclitaxel_A2_R12_z01_yellow_,29,B2AI_1_Paclitaxel_A2_R12_z01_yellow
,/Users/ashi/github/cm4ai_codefest2025/analysis/cell_crops/yellow/B2AI_1_Paclitaxel_A2_R12_z01_yellow_cell30.png,,,/Users/ashi/github/cm4ai_codefest2025/analysis/cell_crops,B2AI_1_Paclitaxel_A2_R12_z01_yellow_,30,B2AI_1_Paclitaxel_A2_R12_z01_yellow
,/Users/ashi/github/cm4ai_codefest2025/analysis/cell_crops/yellow/B2AI_1_Paclitaxel_A2_R12_z01_yellow_cell31.png,,,/Users/ashi/github/cm4ai_codefest2025/analysis/cell_crops,B2AI_1_Paclitaxel_A2_R12_z01_yellow_,31,B2AI_1_Paclitaxel_A2_R12_z01_yellow
,/Users/ashi/github/cm4ai_codefest2025/analysis/cell_crops/yellow/B2AI_1_Paclitaxel_A2_R12_z01_yellow_cell32.png,,,/Users/ashi/github/cm4ai_codefest2025/analysis/cell_crops,B2AI_1_Paclitaxel_A2_R12_z01_yellow_,32,B2AI_1_Paclitaxel_A2_R12_z01_yellow
,/Users/ashi/github/cm4ai_codefest2025/analysis/cell_crops/yellow/B2AI_1_Paclitaxel_A2_R12_z01_yellow_cell33.png,,,/Users/ashi/github/cm4ai_codefest2025/analysis/cell_crops,B2AI_1_Paclitaxel_A2_R12_z01_yellow_,33,B2AI_1_Paclitaxel_A2_R12_z01_yellow
,/Users/ashi/github/cm4ai_codefest2025/analysis/cell_crops/yellow/B2AI_1_Paclitaxel_A2_R12_z01_yellow_cell34.png,,,/Users/ashi/github/cm4ai_codefest2025/analysis/cell_crops,B2AI_1_Paclitaxel_A2_R12_z01_yellow_,34,B2AI_1_Paclitaxel_A2_R12_z01_yellow
,/Users/ashi/github/cm4ai_codefest2025/analysis/cell_crops/yellow/B2AI_1_Paclitaxel_A2_R12_z01_yellow_cell35.png,,,/Users/ashi/github/cm4ai_codefest2025/analysis/cell_crops,B2AI_1_Paclitaxel_A2_R12_z01_yellow_,35,B2AI_1_Paclitaxel_A2_R12_z01_yellow
,/Users/ashi/github/cm4ai_codefest2025/analysis/cell_crops/yellow/B2AI_1_Paclitaxel_A2_R12_z01_yellow_cell36.png,,,/Users/ashi/github/cm4ai_codefest2025/analysis/cell_crops,B2AI_1_Paclitaxel_A2_R12_z01_yellow_,36,B2AI_1_Paclitaxel_A2_R12_z01_yellow
,/Users/ashi/github/cm4ai_codefest2025/analysis/cell_crops/yellow/B2AI_1_Paclitaxel_A2_R12_z01_yellow_cell37.png,,,/Users/ashi/github/cm4ai_codefest2025/analysis/cell_crops,B2AI_1_Paclitaxel_A2_R12_z01_yellow_,37,B2AI_1_Paclitaxel_A2_R12_z01_yellow
,/Users/ashi/github/cm4ai_codefest2025/analysis/cell_crops/yellow/B2AI_1_Paclitaxel_A2_R12_z01_yellow_cell38.png,,,/Users/ashi/github/cm4ai_codefest2025/analysis/cell_crops,B2AI_1_Paclitaxel_A2_R12_z01_yellow_,38,B2AI_1_Paclitaxel_A2_R12_z01_yellow
,/Users/ashi/github/cm4ai_codefest2025/analysis/cell_crops/yellow/B2AI_1_Paclitaxel_A2_R12_z01_yellow_cell39.png,,,/Users/ashi/github/cm4ai_codefest2025/analysis/cell_crops,B2AI_1_Paclitaxel_A2_R12_z01_yellow_,39,B2AI_1_Paclitaxel_A2_R12_z01_yellow
,/Users/ashi/github/cm4ai_codefest2025/analysis/cell_crops/yellow/B2AI_1_Paclitaxel_A2_R12_z01_yellow_cell40.png,,,/Users/ashi/github/cm4ai_codefest2025/analysis/cell_crops,B2AI_1_Paclitaxel_A2_R12_z01_yellow_,40,B2AI_1_Paclitaxel_A2_R12_z01_yellow
,/Users/ashi/github/cm4ai_codefest2025/analysis/cell_crops/yellow/B2AI_1_Paclitaxel_A2_R12_z01_yellow_cell41.png,,,/Users/ashi/github/cm4ai_codefest2025/analysis/cell_crops,B2AI_1_Paclitaxel_A2_R12_z01_yellow_,41,B2AI_1_Paclitaxel_A2_R12_z01_yellow
,/Users/ashi/github/cm4ai_codefest2025/analysis/cell_crops/yellow/B2AI_1_Paclitaxel_A2_R12_z01_yellow_cell42.png,,,/Users/ashi/github/cm4ai_codefest2025/analysis/cell_crops,B2AI_1_Paclitaxel_A2_R12_z01_yellow_,42,B2AI_1_Paclitaxel_A2_R12_z01_yellow
,/Users/ashi/github/cm4ai_codefest2025/analysis/cell_crops/yellow/B2AI_1_Paclitaxel_A2_R12_z01_yellow_cell43.png,,,/Users/ashi/github/cm4ai_codefest2025/analysis/cell_crops,B2AI_1_Paclitaxel_A2_R12_z01_yellow_,43,B2AI_1_Paclitaxel_A2_R12_z01_yellow
,/Users/ashi/github/cm4ai_codefest2025/analysis/cell_crops/yellow/B2AI_1_Paclitaxel_A2_R12_z01_yellow_cell44.png,,,/Users/ashi/github/cm4ai_codefest2025/analysis/cell_crops,B2AI_1_Paclitaxel_A2_R12_z01_yellow_,44,B2AI_1_Paclitaxel_A2_R12_z01_yellow
,/Users/ashi/github/cm4ai_codefest2025/analysis/cell_crops/yellow/B2AI_1_Paclitaxel_A2_R12_z01_yellow_cell45.png,,,/Users/ashi/github/cm4ai_codefest2025/analysis/cell_crops,B2AI_1_Paclitaxel_A2_R12_z01_yellow_,45,B2AI_1_Paclitaxel_A2_R12_z01_yellow
,/Users/ashi/github/cm4ai_codefest2025/analysis/cell_crops/yellow/B2AI_1_Paclitaxel_A2_R12_z01_yellow_cell46.png,,,/Users/ashi/github/cm4ai_codefest2025/analysis/cell_crops,B2AI_1_Paclitaxel_A2_R12_z01_yellow_,46,B2AI_1_Paclitaxel_A2_R12_z01_yellow
,/Users/ashi/github/cm4ai_codefest2025/analysis/cell_crops/yellow/B2AI_1_Paclitaxel_A2_R12_z01_yellow_cell47.png,,,/Users/ashi/github/cm4ai_codefest2025/analysis/cell_crops,B2AI_1_Paclitaxel_A2_R12_z01_yellow_,47,B2AI_1_Paclitaxel_A2_R12_z01_yellow
,/Users/ashi/github/cm4ai_codefest2025/analysis/cell_crops/yellow/B2AI_1_Paclitaxel_A2_R12_z01_yellow_cell48.png,,,/Users/ashi/github/cm4ai_codefest2025/analysis/cell_crops,B2AI_1_Paclitaxel_A2_R12_z01_yellow_,48,B2AI_1_Paclitaxel_A2_R12_z01_yellow
,/Users/ashi/github/cm4ai_codefest2025/analysis/cell_crops/yellow/B2AI_1_Paclitaxel_A2_R12_z01_yellow_cell49.png,,,/Users/ashi/github/cm4ai_codefest2025/analysis/cell_crops,B2AI_1_Paclitaxel_A2_R12_z01_yellow_,49,B2AI_1_Paclitaxel_A2_R12_z01_yellow
,/Users/ashi/github/cm4ai_codefest2025/analysis/cell_crops/yellow/B2AI_1_Paclitaxel_A2_R12_z01_yellow_cell50.png,,,/Users/ashi/github/cm4ai_codefest2025/analysis/cell_crops,B2AI_1_Paclitaxel_A2_R12_z01_yellow_,50,B2AI_1_Paclitaxel_A2_R12_z01_yellow
,/Users/ashi/github/cm4ai_codefest2025/analysis/cell_crops/yellow/B2AI_1_Paclitaxel_A2_R12_z01_yellow_cell51.png,,,/Users/ashi/github/cm4ai_codefest2025/analysis/cell_crops,B2AI_1_Paclitaxel_A2_R12_z01_yellow_,51,B2AI_1_Paclitaxel_A2_R12_z01_yellow
,/Users/ashi/github/cm4ai_codefest2025/analysis/cell_crops/yellow/B2AI_1_Paclitaxel_A2_R12_z01_yellow_cell52.png,,,/Users/ashi/github/cm4ai_codefest2025/analysis/cell_crops,B2AI_1_Paclitaxel_A2_R12_z01_yellow_,52,B2AI_1_Paclitaxel_A2_R12_z01_yellow
,/Users/ashi/github/cm4ai_codefest2025/analysis/cell_crops/yellow/B2AI_1_Paclitaxel_A2_R12_z01_yellow_cell53.png,,,/Users/ashi/github/cm4ai_codefest2025/analysis/cell_crops,B2AI_1_Paclitaxel_A2_R12_z01_yellow_,53,B2AI_1_Paclitaxel_A2_R12_z01_yellow
,/Users/ashi/github/cm4ai_codefest2025/analysis/cell_crops/yellow/B2AI_1_Paclitaxel_A2_R12_z01_yellow_cell54.png,,,/Users/ashi/github/cm4ai_codefest2025/analysis/cell_crops,B2AI_1_Paclitaxel_A2_R12_z01_yellow_,54,B2AI_1_Paclitaxel_A2_R12_z01_yellow
,/Users/ashi/github/cm4ai_codefest2025/analysis/cell_crops/yellow/B2AI_1_Paclitaxel_A2_R12_z01_yellow_cell55.png,,,/Users/ashi/github/cm4ai_codefest2025/analysis/cell_crops,B2AI_1_Paclitaxel_A2_R12_z01_yellow_,55,B2AI_1_Paclitaxel_A2_R12_z01_yellow
,/Users/ashi/github/cm4ai_codefest2025/analysis/cell_crops/yellow/B2AI_1_Paclitaxel_A2_R12_z01_yellow_cell56.png,,,/Users/ashi/github/cm4ai_codefest2025/analysis/cell_crops,B2AI_1_Paclitaxel_A2_R12_z01_yellow_,56,B2AI_1_Paclitaxel_A2_R12_z01_yellow
,/Users/ashi/github/cm4ai_codefest2025/analysis/cell_crops/yellow/B2AI_1_Paclitaxel_A2_R12_z01_yellow_cell57.png,,,/Users/ashi/github/cm4ai_codefest2025/analysis/cell_crops,B2AI_1_Paclitaxel_A2_R12_z01_yellow_,57,B2AI_1_Paclitaxel_A2_R12_z01_yellow
,/Users/ashi/github/cm4ai_codefest2025/analysis/cell_crops/yellow/B2AI_1_Paclitaxel_A2_R12_z01_yellow_cell58.png,,,/Users/ashi/github/cm4ai_codefest2025/analysis/cell_crops,B2AI_1_Paclitaxel_A2_R12_z01_yellow_,58,B2AI_1_Paclitaxel_A2_R12_z01_yellow
,/Users/ashi/github/cm4ai_codefest2025/analysis/cell_crops/yellow/B2AI_1_Paclitaxel_A2_R12_z01_yellow_cell59.png,,,/Users/ashi/github/cm4ai_codefest2025/analysis/cell_crops,B2AI_1_Paclitaxel_A2_R12_z01_yellow_,59,B2AI_1_Paclitaxel_A2_R12_z01_yellow
,/Users/ashi/github/cm4ai_codefest2025/analysis/cell_crops/yellow/B2AI_1_Paclitaxel_A2_R12_z01_yellow_cell60.png,,,/Users/ashi/github/cm4ai_codefest2025/analysis/cell_crops,B2AI_1_Paclitaxel_A2_R12_z01_yellow_,60,B2AI_1_Paclitaxel_A2_R12_z01_yellow
,/Users/ashi/github/cm4ai_codefest2025/analysis/cell_crops/yellow/B2AI_1_Paclitaxel_A2_R12_z01_yellow_cell61.png,,,/Users/ashi/github/cm4ai_codefest2025/analysis/cell_crops,B2AI_1_Paclitaxel_A2_R12_z01_yellow_,61,B2AI_1_Paclitaxel_A2_R12_z01_yellow
,/Users/ashi/github/cm4ai_codefest2025/analysis/cell_crops/yellow/B2AI_1_Paclitaxel_A2_R12_z01_yellow_cell62.png,,,/Users/ashi/github/cm4ai_codefest2025/analysis/cell_crops,B2AI_1_Paclitaxel_A2_R12_z01_yellow_,62,B2AI_1_Paclitaxel_A2_R12_z01_yellow
,/Users/ashi/github/cm4ai_codefest2025/analysis/cell_crops/yellow/B2AI_1_Paclitaxel_A2_R12_z01_yellow_cell63.png,,,/Users/ashi/github/cm4ai_codefest2025/analysis/cell_crops,B2AI_1_Paclitaxel_A2_R12_z01_yellow_,63,B2AI_1_Paclitaxel_A2_R12_z01_yellow
,/Users/ashi/github/cm4ai_codefest2025/analysis/cell_crops/yellow/B2AI_1_Paclitaxel_A2_R12_z01_yellow_cell64.png,,,/Users/ashi/github/cm4ai_codefest2025/analysis/cell_crops,B2AI_1_Paclitaxel_A2_R12_z01_yellow_,64,B2AI_1_Paclitaxel_A2_R12_z01_yellow
,/Users/ashi/github/cm4ai_codefest2025/analysis/cell_crops/yellow/B2AI_1_Paclitaxel_A2_R12_z01_yellow_cell65.png,,,/Users/ashi/github/cm4ai_codefest2025/analysis/cell_crops,B2AI_1_Paclitaxel_A2_R12_z01_yellow_,65,B2AI_1_Paclitaxel_A2_R12_z01_yellow
,/Users/ashi/github/cm4ai_codefest2025/analysis/cell_crops/yellow/B2AI_1_Paclitaxel_A2_R12_z01_yellow_cell66.png,,,/Users/ashi/github/cm4ai_codefest2025/analysis/cell_crops,B2AI_1_Paclitaxel_A2_R12_z01_yellow_,66,B2AI_1_Paclitaxel_A2_R12_z01_yellow
,/Users/ashi/github/cm4ai_codefest2025/analysis/cell_crops/yellow/B2AI_1_Paclitaxel_A2_R12_z01_yellow_cell67.png,,,/Users/ashi/github/cm4ai_codefest2025/analysis/cell_crops,B2AI_1_Paclitaxel_A2_R12_z01_yellow_,67,B2AI_1_Paclitaxel_A2_R12_z01_yellow
,/Users/ashi/github/cm4ai_codefest2025/analysis/cell_crops/yellow/B2AI_1_Paclitaxel_A2_R12_z01_yellow_cell68.png,,,/Users/ashi/github/cm4ai_codefest2025/analysis/cell_crops,B2AI_1_Paclitaxel_A2_R12_z01_yellow_,68,B2AI_1_Paclitaxel_A2_R12_z01_yellow
,/Users/ashi/github/cm4ai_codefest2025/analysis/cell_crops/yellow/B2AI_1_Paclitaxel_A2_R12_z01_yellow_cell69.png,,,/Users/ashi/github/cm4ai_codefest2025/analysis/cell_crops,B2AI_1_Paclitaxel_A2_R12_z01_yellow_,69,B2AI_1_Paclitaxel_A2_R12_z01_yellow
,/Users/ashi/github/cm4ai_codefest2025/analysis/cell_crops/yellow/B2AI_1_Paclitaxel_A2_R12_z01_yellow_cell70.png,,,/Users/ashi/github/cm4ai_codefest2025/analysis/cell_crops,B2AI_1_Paclitaxel_A2_R12_z01_yellow_,70,B2AI_1_Paclitaxel_A2_R12_z01_yellow
,/Users/ashi/github/cm4ai_codefest2025/analysis/cell_crops/yellow/B2AI_1_Paclitaxel_A2_R12_z01_yellow_cell71.png,,,/Users/ashi/github/cm4ai_codefest2025/analysis/cell_crops,B2AI_1_Paclitaxel_A2_R12_z01_yellow_,71,B2AI_1_Paclitaxel_A2_R12_z01_yellow
,/Users/ashi/github/cm4ai_codefest2025/analysis/cell_crops/yellow/B2AI_1_Paclitaxel_A2_R12_z01_yellow_cell72.png,,,/Users/ashi/github/cm4ai_codefest2025/analysis/cell_crops,B2AI_1_Paclitaxel_A2_R12_z01_yellow_,72,B2AI_1_Paclitaxel_A2_R12_z01_yellow
,/Users/ashi/github/cm4ai_codefest2025/analysis/cell_crops/yellow/B2AI_1_Paclitaxel_A2_R12_z01_yellow_cell73.png,,,/Users/ashi/github/cm4ai_codefest2025/analysis/cell_crops,B2AI_1_Paclitaxel_A2_R12_z01_yellow_,73,B2AI_1_Paclitaxel_A2_R12_z01_yellow
,/Users/ashi/github/cm4ai_codefest2025/analysis/cell_crops/yellow/B2AI_1_Paclitaxel_A2_R12_z01_yellow_cell74.png,,,/Users/ashi/github/cm4ai_codefest2025/analysis/cell_crops,B2AI_1_Paclitaxel_A2_R12_z01_yellow_,74,B2AI_1_Paclitaxel_A2_R12_z01_yellow
,/Users/ashi/github/cm4ai_codefest2025/analysis/cell_crops/yellow/B2AI_1_Paclitaxel_A2_R12_z01_yellow_cell75.png,,,/Users/ashi/github/cm4ai_codefest2025/analysis/cell_crops,B2AI_1_Paclitaxel_A2_R12_z01_yellow_,75,B2AI_1_Paclitaxel_A2_R12_z01_yellow
,/Users/ashi/github/cm4ai_codefest2025/analysis/cell_crops/yellow/B2AI_1_Paclitaxel_A2_R12_z01_yellow_cell76.png,,,/Users/ashi/github/cm4ai_codefest2025/analysis/cell_crops,B2AI_1_Paclitaxel_A2_R12_z01_yellow_,76,B2AI_1_Paclitaxel_A2_R12_z01_yellow
,/Users/ashi/github/cm4ai_codefest2025/analysis/cell_crops/yellow/B2AI_1_Paclitaxel_A2_R12_z01_yellow_cell77.png,,,/Users/ashi/github/cm4ai_codefest2025/analysis/cell_crops,B2AI_1_Paclitaxel_A2_R12_z01_yellow_,77,B2AI_1_Paclitaxel_A2_R12_z01_yellow
,/Users/ashi/github/cm4ai_codefest2025/analysis/cell_crops/yellow/B2AI_1_Paclitaxel_A2_R12_z01_yellow_cell78.png,,,/Users/ashi/github/cm4ai_codefest2025/analysis/cell_crops,B2AI_1_Paclitaxel_A2_R12_z01_yellow_,78,B2AI_1_Paclitaxel_A2_R12_z01_yellow
,/Users/ashi/github/cm4ai_codefest2025/analysis/cell_crops/yellow/B2AI_1_Paclitaxel_A2_R12_z01_yellow_cell79.png,,,/Users/ashi/github/cm4ai_codefest2025/analysis/cell_crops,B2AI_1_Paclitaxel_A2_R12_z01_yellow_,79,B2AI_1_Paclitaxel_A2_R12_z01_yellow
,/Users/ashi/github/cm4ai_codefest2025/analysis/cell_crops/yellow/B2AI_1_Paclitaxel_A2_R12_z01_yellow_cell80.png,,,/Users/ashi/github/cm4ai_codefest2025/analysis/cell_crops,B2AI_1_Paclitaxel_A2_R12_z01_yellow_,80,B2AI_1_Paclitaxel_A2_R12_z01_yellow
,/Users/ashi/github/cm4ai_codefest2025/analysis/cell_crops/yellow/B2AI_1_Paclitaxel_A2_R12_z01_yellow_cell81.png,,,/Users/ashi/github/cm4ai_codefest2025/analysis/cell_crops,B2AI_1_Paclitaxel_A2_R12_z01_yellow_,81,B2AI_1_Paclitaxel_A2_R12_z01_yellow
,/Users/ashi/github/cm4ai_codefest2025/analysis/cell_crops/yellow/B2AI_1_Paclitaxel_A2_R12_z01_yellow_cell82.png,,,/Users/ashi/github/cm4ai_codefest2025/analysis/cell_crops,B2AI_1_Paclitaxel_A2_R12_z01_yellow_,82,B2AI_1_Paclitaxel_A2_R12_z01_yellow
,/Users/ashi/github/cm4ai_codefest2025/analysis/cell_crops/yellow/B2AI_1_Paclitaxel_A2_R12_z01_yellow_cell83.png,,,/Users/ashi/github/cm4ai_codefest2025/analysis/cell_crops,B2AI_1_Paclitaxel_A2_R12_z01_yellow_,83,B2AI_1_Paclitaxel_A2_R12_z01_yellow
,/Users/ashi/github/cm4ai_codefest2025/analysis/cell_crops/yellow/B2AI_1_Paclitaxel_A2_R12_z01_yellow_cell84.png,,,/Users/ashi/github/cm4ai_codefest2025/analysis/cell_crops,B2AI_1_Paclitaxel_A2_R12_z01_yellow_,84,B2AI_1_Paclitaxel_A2_R12_z01_yellow
,/Users/ashi/github/cm4ai_codefest2025/analysis/cell_crops/yellow/B2AI_1_Paclitaxel_A2_R12_z01_yellow_cell85.png,,,/Users/ashi/github/cm4ai_codefest2025/analysis/cell_crops,B2AI_1_Paclitaxel_A2_R12_z01_yellow_,85,B2AI_1_Paclitaxel_A2_R12_z01_yellow
,/Users/ashi/github/cm4ai_codefest2025/analysis/cell_crops/yellow/B2AI_1_Paclitaxel_A2_R12_z01_yellow_cell86.png,,,/Users/ashi/github/cm4ai_codefest2025/analysis/cell_crops,B2AI_1_Paclitaxel_A2_R12_z01_yellow_,86,B2AI_1_Paclitaxel_A2_R12_z01_yellow
,/Users/ashi/github/cm4ai_codefest2025/analysis/cell_crops/yellow/B2AI_1_Paclitaxel_A2_R12_z01_yellow_cell87.png,,,/Users/ashi/github/cm4ai_codefest2025/analysis/cell_crops,B2AI_1_Paclitaxel_A2_R12_z01_yellow_,87,B2AI_1_Paclitaxel_A2_R12_z01_yellow
,/Users/ashi/github/cm4ai_codefest2025/analysis/cell_crops/yellow/B2AI_1_Paclitaxel_A2_R12_z01_yellow_cell88.png,,,/Users/ashi/github/cm4ai_codefest2025/analysis/cell_crops,B2AI_1_Paclitaxel_A2_R12_z01_yellow_,88,B2AI_1_Paclitaxel_A2_R12_z01_yellow
,/Users/ashi/github/cm4ai_codefest2025/analysis/cell_crops/yellow/B2AI_1_Paclitaxel_A2_R12_z01_yellow_cell89.png,,,/Users/ashi/github/cm4ai_codefest2025/analysis/cell_crops,B2AI_1_Paclitaxel_A2_R12_z01_yellow_,89,B2AI_1_Paclitaxel_A2_R12_z01_yellow
,/Users/ashi/github/cm4ai_codefest2025/analysis/cell_crops/yellow/B2AI_1_Paclitaxel_A2_R12_z01_yellow_cell90.png,,,/Users/ashi/github/cm4ai_codefest2025/analysis/cell_crops,B2AI_1_Paclitaxel_A2_R12_z01_yellow_,90,B2AI_1_Paclitaxel_A2_R12_z01_yellow
,/Users/ashi/github/cm4ai_codefest2025/analysis/cell_crops/yellow/B2AI_1_Paclitaxel_A2_R12_z01_yellow_cell91.png,,,/Users/ashi/github/cm4ai_codefest2025/analysis/cell_crops,B2AI_1_Paclitaxel_A2_R12_z01_yellow_,91,B2AI_1_Paclitaxel_A2_R12_z01_yellow
,/Users/ashi/github/cm4ai_codefest2025/analysis/cell_crops/yellow/B2AI_1_Paclitaxel_A2_R12_z01_yellow_cell92.png,,,/Users/ashi/github/cm4ai_codefest2025/analysis/cell_crops,B2AI_1_Paclitaxel_A2_R12_z01_yellow_,92,B2AI_1_Paclitaxel_A2_R12_z01_yellow
,/Users/ashi/github/cm4ai_codefest2025/analysis/cell_crops/yellow/B2AI_1_Paclitaxel_A2_R12_z01_yellow_cell93.png,,,/Users/ashi/github/cm4ai_codefest2025/analysis/cell_crops,B2AI_1_Paclitaxel_A2_R12_z01_yellow_,93,B2AI_1_Paclitaxel_A2_R12_z01_yellow
,/Users/ashi/github/cm4ai_codefest2025/analysis/cell_crops/yellow/B2AI_1_Paclitaxel_A2_R12_z01_yellow_cell94.png,,,/Users/ashi/github/cm4ai_codefest2025/analysis/cell_crops,B2AI_1_Paclitaxel_A2_R12_z01_yellow_,94,B2AI_1_Paclitaxel_A2_R12_z01_yellow
,/Users/ashi/github/cm4ai_codefest2025/analysis/cell_crops/yellow/B2AI_1_Paclitaxel_A2_R12_z01_yellow_cell95.png,,,/Users/ashi/github/cm4ai_codefest2025/analysis/cell_crops,B2AI_1_Paclitaxel_A2_R12_z01_yellow_,95,B2AI_1_Paclitaxel_A2_R12_z01_yellow
,/Users/ashi/github/cm4ai_codefest2025/analysis/cell_crops/yellow/B2AI_1_Paclitaxel_A2_R12_z01_yellow_cell96.png,,,/Users/ashi/github/cm4ai_codefest2025/analysis/cell_crops,B2AI_1_Paclitaxel_A2_R12_z01_yellow_,96,B2AI_1_Paclitaxel_A2_R12_z01_yellow
,/Users/ashi/github/cm4ai_codefest2025/analysis/cell_crops/yellow/B2AI_1_Paclitaxel_A2_R12_z01_yellow_cell97.png,,,/Users/ashi/github/cm4ai_codefest2025/analysis/cell_crops,B2AI_1_Paclitaxel_A2_R12_z01_yellow_,97,B2AI_1_Paclitaxel_A2_R12_z01_yellow
,/Users/ashi/github/cm4ai_codefest2025/analysis/cell_crops/yellow/B2AI_1_Paclitaxel_A2_R12_z01_yellow_cell98.png,,,/Users/ashi/github/cm4ai_codefest2025/analysis/cell_crops,B2AI_1_Paclitaxel_A2_R12_z01_yellow_,98,B2AI_1_Paclitaxel_A2_R12_z01_yellow
,/Users/ashi/github/cm4ai_codefest2025/analysis/cell_crops/yellow/B2AI_1_Paclitaxel_A2_R12_z01_yellow_cell99.png,,,/Users/ashi/github/cm4ai_codefest2025/analysis/cell_crops,B2AI_1_Paclitaxel_A2_R12_z01_yellow_,99,B2AI_1_Paclitaxel_A2_R12_z01_yellow
,/Users/ashi/github/cm4ai_codefest2025/analysis/cell_crops/yellow/B2AI_1_Paclitaxel_A2_R12_z01_yellow_cell100.png,,,/Users/ashi/github/cm4ai_codefest2025/analysis/cell_crops,B2AI_1_Paclitaxel_A2_R12_z01_yellow_,100,B2AI_1_Paclitaxel_A2_R12_z01_yellow
,/Users/ashi/github/cm4ai_codefest2025/analysis/cell_crops/yellow/B2AI_1_Paclitaxel_A2_R12_z01_yellow_cell101.png,,,/Users/ashi/github/cm4ai_codefest2025/analysis/cell_crops,B2AI_1_Paclitaxel_A2_R12_z01_yellow_,101,B2AI_1_Paclitaxel_A2_R12_z01_yellow
,/Users/ashi/github/cm4ai_codefest2025/analysis/cell_crops/yellow/B2AI_1_Paclitaxel_A2_R12_z01_yellow_cell102.png,,,/Users/ashi/github/cm4ai_codefest2025/analysis/cell_crops,B2AI_1_Paclitaxel_A2_R12_z01_yellow_,102,B2AI_1_Paclitaxel_A2_R12_z01_yellow
,/Users/ashi/github/cm4ai_codefest2025/analysis/cell_crops/yellow/B2AI_1_Paclitaxel_A2_R12_z01_yellow_cell103.png,,,/Users/ashi/github/cm4ai_codefest2025/analysis/cell_crops,B2AI_1_Paclitaxel_A2_R12_z01_yellow_,103,B2AI_1_Paclitaxel_A2_R12_z01_yellow
,/Users/ashi/github/cm4ai_codefest2025/analysis/cell_crops/yellow/B2AI_1_Paclitaxel_A2_R12_z01_yellow_cell104.png,,,/Users/ashi/github/cm4ai_codefest2025/analysis/cell_crops,B2AI_1_Paclitaxel_A2_R12_z01_yellow_,104,B2AI_1_Paclitaxel_A2_R12_z01_yellow
,/Users/ashi/github/cm4ai_codefest2025/analysis/cell_crops/yellow/B2AI_1_Paclitaxel_A2_R12_z01_yellow_cell105.png,,,/Users/ashi/github/cm4ai_codefest2025/analysis/cell_crops,B2AI_1_Paclitaxel_A2_R12_z01_yellow_,105,B2AI_1_Paclitaxel_A2_R12_z01_yellow
,/Users/ashi/github/cm4ai_codefest2025/analysis/cell_crops/yellow/B2AI_1_Paclitaxel_A2_R12_z01_yellow_cell106.png,,,/Users/ashi/github/cm4ai_codefest2025/analysis/cell_crops,B2AI_1_Paclitaxel_A2_R12_z01_yellow_,106,B2AI_1_Paclitaxel_A2_R12_z01_yellow
,/Users/ashi/github/cm4ai_codefest2025/analysis/cell_crops/yellow/B2AI_1_Paclitaxel_A2_R12_z01_yellow_cell107.png,,,/Users/ashi/github/cm4ai_codefest2025/analysis/cell_crops,B2AI_1_Paclitaxel_A2_R12_z01_yellow_,107,B2AI_1_Paclitaxel_A2_R12_z01_yellow
,/Users/ashi/github/cm4ai_codefest2025/analysis/cell_crops/yellow/B2AI_1_Paclitaxel_A2_R12_z01_yellow_cell108.png,,,/Users/ashi/github/cm4ai_codefest2025/analysis/cell_crops,B2AI_1_Paclitaxel_A2_R12_z01_yellow_,108,B2AI_1_Paclitaxel_A2_R12_z01_yellow
,/Users/ashi/github/cm4ai_codefest2025/analysis/cell_crops/yellow/B2AI_1_Paclitaxel_A2_R12_z01_yellow_cell109.png,,,/Users/ashi/github/cm4ai_codefest2025/analysis/cell_crops,B2AI_1_Paclitaxel_A2_R12_z01_yellow_,109,B2AI_1_Paclitaxel_A2_R12_z01_yellow
,/Users/ashi/github/cm4ai_codefest2025/analysis/cell_crops/yellow/B2AI_1_Paclitaxel_A2_R12_z01_yellow_cell110.png,,,/Users/ashi/github/cm4ai_codefest2025/analysis/cell_crops,B2AI_1_Paclitaxel_A2_R12_z01_yellow_,110,B2AI_1_Paclitaxel_A2_R12_z01_yellow
,/Users/ashi/github/cm4ai_codefest2025/analysis/cell_crops/yellow/B2AI_1_Paclitaxel_A2_R12_z01_yellow_cell111.png,,,/Users/ashi/github/cm4ai_codefest2025/analysis/cell_crops,B2AI_1_Paclitaxel_A2_R12_z01_yellow_,111,B2AI_1_Paclitaxel_A2_R12_z01_yellow
,/Users/ashi/github/cm4ai_codefest2025/analysis/cell_crops/yellow/B2AI_1_Paclitaxel_A2_R12_z01_yellow_cell112.png,,,/Users/ashi/github/cm4ai_codefest2025/analysis/cell_crops,B2AI_1_Paclitaxel_A2_R12_z01_yellow_,112,B2AI_1_Paclitaxel_A2_R12_z01_yellow
,/Users/ashi/github/cm4ai_codefest2025/analysis/cell_crops/yellow/B2AI_1_Paclitaxel_A2_R12_z01_yellow_cell113.png,,,/Users/ashi/github/cm4ai_codefest2025/analysis/cell_crops,B2AI_1_Paclitaxel_A2_R12_z01_yellow_,113,B2AI_1_Paclitaxel_A2_R12_z01_yellow
,/Users/ashi/github/cm4ai_codefest2025/analysis/cell_crops/yellow/B2AI_1_Paclitaxel_A2_R12_z01_yellow_cell114.png,,,/Users/ashi/github/cm4ai_codefest2025/analysis/cell_crops,B2AI_1_Paclitaxel_A2_R12_z01_yellow_,114,B2AI_1_Paclitaxel_A2_R12_z01_yellow
,/Users/ashi/github/cm4ai_codefest2025/analysis/cell_crops/yellow/B2AI_1_Paclitaxel_A2_R12_z01_yellow_cell115.png,,,/Users/ashi/github/cm4ai_codefest2025/analysis/cell_crops,B2AI_1_Paclitaxel_A2_R12_z01_yellow_,115,B2AI_1_Paclitaxel_A2_R12_z01_yellow
,/Users/ashi/github/cm4ai_codefest2025/analysis/cell_crops/yellow/B2AI_1_Paclitaxel_A2_R12_z01_yellow_cell116.png,,,/Users/ashi/github/cm4ai_codefest2025/analysis/cell_crops,B2AI_1_Paclitaxel_A2_R12_z01_yellow_,116,B2AI_1_Paclitaxel_A2_R12_z01_yellow
,/Users/ashi/github/cm4ai_codefest2025/analysis/cell_crops/yellow/B2AI_1_Paclitaxel_A2_R12_z01_yellow_cell117.png,,,/Users/ashi/github/cm4ai_codefest2025/analysis/cell_crops,B2AI_1_Paclitaxel_A2_R12_z01_yellow_,117,B2AI_1_Paclitaxel_A2_R12_z01_yellow
,/Users/ashi/github/cm4ai_codefest2025/analysis/cell_crops/yellow/B2AI_1_Paclitaxel_A2_R12_z01_yellow_cell118.png,,,/Users/ashi/github/cm4ai_codefest2025/analysis/cell_crops,B2AI_1_Paclitaxel_A2_R12_z01_yellow_,118,B2AI_1_Paclitaxel_A2_R12_z01_yellow
,/Users/ashi/github/cm4ai_codefest2025/analysis/cell_crops/yellow/B2AI_1_Paclitaxel_A2_R12_z01_yellow_cell119.png,,,/Users/ashi/github/cm4ai_codefest2025/analysis/cell_crops,B2AI_1_Paclitaxel_A2_R12_z01_yellow_,119,B2AI_1_Paclitaxel_A2_R12_z01_yellow
,/Users/ashi/github/cm4ai_codefest2025/analysis/cell_crops/yellow/B2AI_1_Paclitaxel_A2_R12_z01_yellow_cell120.png,,,/Users/ashi/github/cm4ai_codefest2025/analysis/cell_crops,B2AI_1_Paclitaxel_A2_R12_z01_yellow_,120,B2AI_1_Paclitaxel_A2_R12_z01_yellow
,/Users/ashi/github/cm4ai_codefest2025/analysis/cell_crops/yellow/B2AI_1_Paclitaxel_A2_R12_z01_yellow_cell121.png,,,/Users/ashi/github/cm4ai_codefest2025/analysis/cell_crops,B2AI_1_Paclitaxel_A2_R12_z01_yellow_,121,B2AI_1_Paclitaxel_A2_R12_z01_yellow
,/Users/ashi/github/cm4ai_codefest2025/analysis/cell_crops/yellow/B2AI_1_Paclitaxel_A2_R12_z01_yellow_cell122.png,,,/Users/ashi/github/cm4ai_codefest2025/analysis/cell_crops,B2AI_1_Paclitaxel_A2_R12_z01_yellow_,122,B2AI_1_Paclitaxel_A2_R12_z01_yellow
,/Users/ashi/github/cm4ai_codefest2025/analysis/cell_crops/yellow/B2AI_1_Paclitaxel_A2_R12_z01_yellow_cell123.png,,,/Users/ashi/github/cm4ai_codefest2025/analysis/cell_crops,B2AI_1_Paclitaxel_A2_R12_z01_yellow_,123,B2AI_1_Paclitaxel_A2_R12_z01_yellow
,/Users/ashi/github/cm4ai_codefest2025/analysis/cell_crops/yellow/B2AI_1_Paclitaxel_A2_R12_z01_yellow_cell124.png,,,/Users/ashi/github/cm4ai_codefest2025/analysis/cell_crops,B2AI_1_Paclitaxel_A2_R12_z01_yellow_,124,B2AI_1_Paclitaxel_A2_R12_z01_yellow
,/Users/ashi/github/cm4ai_codefest2025/analysis/cell_crops/yellow/B2AI_1_Paclitaxel_A2_R12_z01_yellow_cell125.png,,,/Users/ashi/github/cm4ai_codefest2025/analysis/cell_crops,B2AI_1_Paclitaxel_A2_R12_z01_yellow_,125,B2AI_1_Paclitaxel_A2_R12_z01_yellow
,/Users/ashi/github/cm4ai_codefest2025/analysis/cell_crops/yellow/B2AI_1_Paclitaxel_A2_R12_z01_yellow_cell126.png,,,/Users/ashi/github/cm4ai_codefest2025/analysis/cell_crops,B2AI_1_Paclitaxel_A2_R12_z01_yellow_,126,B2AI_1_Paclitaxel_A2_R12_z01_yellow
,/Users/ashi/github/cm4ai_codefest2025/analysis/cell_crops/yellow/B2AI_1_Paclitaxel_A2_R12_z01_yellow_cell127.png,,,/Users/ashi/github/cm4ai_codefest2025/analysis/cell_crops,B2AI_1_Paclitaxel_A2_R12_z01_yellow_,127,B2AI_1_Paclitaxel_A2_R12_z01_yellow
,/Users/ashi/github/cm4ai_codefest2025/analysis/cell_crops/yellow/B2AI_1_Paclitaxel_A2_R12_z01_yellow_cell128.png,,,/Users/ashi/github/cm4ai_codefest2025/analysis/cell_crops,B2AI_1_Paclitaxel_A2_R12_z01_yellow_,128,B2AI_1_Paclitaxel_A2_R12_z01_yellow
,/Users/ashi/github/cm4ai_codefest2025/analysis/cell_crops/yellow/B2AI_1_Paclitaxel_A2_R12_z01_yellow_cell129.png,,,/Users/ashi/github/cm4ai_codefest2025/analysis/cell_crops,B2AI_1_Paclitaxel_A2_R12_z01_yellow_,129,B2AI_1_Paclitaxel_A2_R12_z01_yellow
,/Users/ashi/github/cm4ai_codefest2025/analysis/cell_crops/yellow/B2AI_1_Paclitaxel_A2_R12_z01_yellow_cell130.png,,,/Users/ashi/github/cm4ai_codefest2025/analysis/cell_crops,B2AI_1_Paclitaxel_A2_R12_z01_yellow_,130,B2AI_1_Paclitaxel_A2_R12_z01_yellow
,/Users/ashi/github/cm4ai_codefest2025/analysis/cell_crops/yellow/B2AI_1_Paclitaxel_A2_R12_z01_yellow_cell131.png,,,/Users/ashi/github/cm4ai_codefest2025/analysis/cell_crops,B2AI_1_Paclitaxel_A2_R12_z01_yellow_,131,B2AI_1_Paclitaxel_A2_R12_z01_yellow
,/Users/ashi/github/cm4ai_codefest2025/analysis/cell_crops/yellow/B2AI_1_Paclitaxel_A2_R12_z01_yellow_cell132.png,,,/Users/ashi/github/cm4ai_codefest2025/analysis/cell_crops,B2AI_1_Paclitaxel_A2_R12_z01_yellow_,132,B2AI_1_Paclitaxel_A2_R12_z01_yellow
,/Users/ashi/github/cm4ai_codefest2025/analysis/cell_crops/yellow/B2AI_1_Paclitaxel_A2_R12_z01_yellow_cell133.png,,,/Users/ashi/github/cm4ai_codefest2025/analysis/cell_crops,B2AI_1_Paclitaxel_A2_R12_z01_yellow_,133,B2AI_1_Paclitaxel_A2_R12_z01_yellow
,/Users/ashi/github/cm4ai_codefest2025/analysis/cell_crops/yellow/B2AI_1_Paclitaxel_A2_R12_z01_yellow_cell134.png,,,/Users/ashi/github/cm4ai_codefest2025/analysis/cell_crops,B2AI_1_Paclitaxel_A2_R12_z01_yellow_,134,B2AI_1_Paclitaxel_A2_R12_z01_yellow
,/Users/ashi/github/cm4ai_codefest2025/analysis/cell_crops/yellow/B2AI_1_Paclitaxel_A2_R12_z01_yellow_cell135.png,,,/Users/ashi/github/cm4ai_codefest2025/analysis/cell_crops,B2AI_1_Paclitaxel_A2_R12_z01_yellow_,135,B2AI_1_Paclitaxel_A2_R12_z01_yellow
,/Users/ashi/github/cm4ai_codefest2025/analysis/cell_crops/yellow/B2AI_1_Paclitaxel_A2_R12_z01_yellow_cell136.png,,,/Users/ashi/github/cm4ai_codefest2025/analysis/cell_crops,B2AI_1_Paclitaxel_A2_R12_z01_yellow_,136,B2AI_1_Paclitaxel_A2_R12_z01_yellow
,/Users/ashi/github/cm4ai_codefest2025/analysis/cell_crops/yellow/B2AI_1_Paclitaxel_A2_R12_z01_yellow_cell137.png,,,/Users/ashi/github/cm4ai_codefest2025/analysis/cell_crops,B2AI_1_Paclitaxel_A2_R12_z01_yellow_,137,B2AI_1_Paclitaxel_A2_R12_z01_yellow
,/Users/ashi/github/cm4ai_codefest2025/analysis/cell_crops/yellow/B2AI_1_Paclitaxel_A2_R12_z01_yellow_cell138.png,,,/Users/ashi/github/cm4ai_codefest2025/analysis/cell_crops,B2AI_1_Paclitaxel_A2_R12_z01_yellow_,138,B2AI_1_Paclitaxel_A2_R12_z01_yellow
,/Users/ashi/github/cm4ai_codefest2025/analysis/cell_crops/yellow/B2AI_1_Paclitaxel_A2_R12_z01_yellow_cell139.png,,,/Users/ashi/github/cm4ai_codefest2025/analysis/cell_crops,B2AI_1_Paclitaxel_A2_R12_z01_yellow_,139,B2AI_1_Paclitaxel_A2_R12_z01_yellow
,/Users/ashi/github/cm4ai_codefest2025/analysis/cell_crops/yellow/B2AI_1_Paclitaxel_A2_R12_z01_yellow_cell140.png,,,/Users/ashi/github/cm4ai_codefest2025/analysis/cell_crops,B2AI_1_Paclitaxel_A2_R12_z01_yellow_,140,B2AI_1_Paclitaxel_A2_R12_z01_yellow
,/Users/ashi/github/cm4ai_codefest2025/analysis/cell_crops/yellow/B2AI_1_Paclitaxel_A2_R12_z01_yellow_cell141.png,,,/Users/ashi/github/cm4ai_codefest2025/analysis/cell_crops,B2AI_1_Paclitaxel_A2_R12_z01_yellow_,141,B2AI_1_Paclitaxel_A2_R12_z01_yellow
,/Users/ashi/github/cm4ai_codefest2025/analysis/cell_crops/yellow/B2AI_1_Paclitaxel_A2_R12_z01_yellow_cell142.png,,,/Users/ashi/github/cm4ai_codefest2025/analysis/cell_crops,B2AI_1_Paclitaxel_A2_R12_z01_yellow_,142,B2AI_1_Paclitaxel_A2_R12_z01_yellow
,/Users/ashi/github/cm4ai_codefest2025/analysis/cell_crops/yellow/B2AI_1_Paclitaxel_A2_R12_z01_yellow_cell143.png,,,/Users/ashi/github/cm4ai_codefest2025/analysis/cell_crops,B2AI_1_Paclitaxel_A2_R12_z01_yellow_,143,B2AI_1_Paclitaxel_A2_R12_z01_yellow
,/Users/ashi/github/cm4ai_codefest2025/analysis/cell_crops/yellow/B2AI_1_Paclitaxel_A2_R12_z01_yellow_cell144.png,,,/Users/ashi/github/cm4ai_codefest2025/analysis/cell_crops,B2AI_1_Paclitaxel_A2_R12_z01_yellow_,144,B2AI_1_Paclitaxel_A2_R12_z01_yellow
,/Users/ashi/github/cm4ai_codefest2025/analysis/cell_crops/yellow/B2AI_1_Paclitaxel_A2_R12_z01_yellow_cell145.png,,,/Users/ashi/github/cm4ai_codefest2025/analysis/cell_crops,B2AI_1_Paclitaxel_A2_R12_z01_yellow_,145,B2AI_1_Paclitaxel_A2_R12_z01_yellow
,/Users/ashi/github/cm4ai_codefest2025/analysis/cell_crops/yellow/B2AI_1_Paclitaxel_A2_R12_z01_yellow_cell146.png,,,/Users/ashi/github/cm4ai_codefest2025/analysis/cell_crops,B2AI_1_Paclitaxel_A2_R12_z01_yellow_,146,B2AI_1_Paclitaxel_A2_R12_z01_yellow
,/Users/ashi/github/cm4ai_codefest2025/analysis/cell_crops/yellow/B2AI_1_Paclitaxel_A2_R12_z01_yellow_cell147.png,,,/Users/ashi/github/cm4ai_codefest2025/analysis/cell_crops,B2AI_1_Paclitaxel_A2_R12_z01_yellow_,147,B2AI_1_Paclitaxel_A2_R12_z01_yellow
,/Users/ashi/github/cm4ai_codefest2025/analysis/cell_crops/yellow/B2AI_1_Paclitaxel_A2_R12_z01_yellow_cell148.png,,,/Users/ashi/github/cm4ai_codefest2025/analysis/cell_crops,B2AI_1_Paclitaxel_A2_R12_z01_yellow_,148,B2AI_1_Paclitaxel_A2_R12_z01_yellow
,/Users/ashi/github/cm4ai_codefest2025/analysis/cell_crops/yellow/B2AI_1_Paclitaxel_A2_R12_z01_yellow_cell149.png,,,/Users/ashi/github/cm4ai_codefest2025/analysis/cell_crops,B2AI_1_Paclitaxel_A2_R12_z01_yellow_,149,B2AI_1_Paclitaxel_A2_R12_z01_yellow
,/Users/ashi/github/cm4ai_codefest2025/analysis/cell_crops/yellow/B2AI_1_Paclitaxel_A2_R12_z01_yellow_cell150.png,,,/Users/ashi/github/cm4ai_codefest2025/analysis/cell_crops,B2AI_1_Paclitaxel_A2_R12_z01_yellow_,150,B2AI_1_Paclitaxel_A2_R12_z01_yellow
,/Users/ashi/github/cm4ai_codefest2025/analysis/cell_crops/yellow/B2AI_1_Paclitaxel_A2_R12_z01_yellow_cell151.png,,,/Users/ashi/github/cm4ai_codefest2025/analysis/cell_crops,B2AI_1_Paclitaxel_A2_R12_z01_yellow_,151,B2AI_1_Paclitaxel_A2_R12_z01_yellow
,/Users/ashi/github/cm4ai_codefest2025/analysis/cell_crops/yellow/B2AI_1_Paclitaxel_A2_R12_z01_yellow_cell152.png,,,/Users/ashi/github/cm4ai_codefest2025/analysis/cell_crops,B2AI_1_Paclitaxel_A2_R12_z01_yellow_,152,B2AI_1_Paclitaxel_A2_R12_z01_yellow
,/Users/ashi/github/cm4ai_codefest2025/analysis/cell_crops/yellow/B2AI_1_Paclitaxel_A2_R12_z01_yellow_cell153.png,,,/Users/ashi/github/cm4ai_codefest2025/analysis/cell_crops,B2AI_1_Paclitaxel_A2_R12_z01_yellow_,153,B2AI_1_Paclitaxel_A2_R12_z01_yellow
,/Users/ashi/github/cm4ai_codefest2025/analysis/cell_crops/yellow/B2AI_1_Paclitaxel_A2_R12_z01_yellow_cell154.png,,,/Users/ashi/github/cm4ai_codefest2025/analysis/cell_crops,B2AI_1_Paclitaxel_A2_R12_z01_yellow_,154,B2AI_1_Paclitaxel_A2_R12_z01_yellow
,/Users/ashi/github/cm4ai_codefest2025/analysis/cell_crops/yellow/B2AI_1_Paclitaxel_A2_R12_z01_yellow_cell155.png,,,/Users/ashi/github/cm4ai_codefest2025/analysis/cell_crops,B2AI_1_Paclitaxel_A2_R12_z01_yellow_,155,B2AI_1_Paclitaxel_A2_R12_z01_yellow
,/Users/ashi/github/cm4ai_codefest2025/analysis/cell_crops/yellow/B2AI_1_Paclitaxel_A2_R12_z01_yellow_cell156.png,,,/Users/ashi/github/cm4ai_codefest2025/analysis/cell_crops,B2AI_1_Paclitaxel_A2_R12_z01_yellow_,156,B2AI_1_Paclitaxel_A2_R12_z01_yellow
,/Users/ashi/github/cm4ai_codefest2025/analysis/cell_crops/yellow/B2AI_1_Paclitaxel_A2_R12_z01_yellow_cell157.png,,,/Users/ashi/github/cm4ai_codefest2025/analysis/cell_crops,B2AI_1_Paclitaxel_A2_R12_z01_yellow_,157,B2AI_1_Paclitaxel_A2_R12_z01_yellow
,/Users/ashi/github/cm4ai_codefest2025/analysis/cell_crops/yellow/B2AI_1_Paclitaxel_A2_R12_z01_yellow_cell158.png,,,/Users/ashi/github/cm4ai_codefest2025/analysis/cell_crops,B2AI_1_Paclitaxel_A2_R12_z01_yellow_,158,B2AI_1_Paclitaxel_A2_R12_z01_yellow
,/Users/ashi/github/cm4ai_codefest2025/analysis/cell_crops/yellow/B2AI_1_Paclitaxel_A2_R12_z01_yellow_cell159.png,,,/Users/ashi/github/cm4ai_codefest2025/analysis/cell_crops,B2AI_1_Paclitaxel_A2_R12_z01_yellow_,159,B2AI_1_Paclitaxel_A2_R12_z01_yellow
,/Users/ashi/github/cm4ai_codefest2025/analysis/cell_crops/yellow/B2AI_1_Paclitaxel_A2_R12_z01_yellow_cell160.png,,,/Users/ashi/github/cm4ai_codefest2025/analysis/cell_crops,B2AI_1_Paclitaxel_A2_R12_z01_yellow_,160,B2AI_1_Paclitaxel_A2_R12_z01_yellow
,/Users/ashi/github/cm4ai_codefest2025/analysis/cell_crops/yellow/B2AI_1_Paclitaxel_A2_R12_z01_yellow_cell161.png,,,/Users/ashi/github/cm4ai_codefest2025/analysis/cell_crops,B2AI_1_Paclitaxel_A2_R12_z01_yellow_,161,B2AI_1_Paclitaxel_A2_R12_z01_yellow
,/Users/ashi/github/cm4ai_codefest2025/analysis/cell_crops/yellow/B2AI_1_Paclitaxel_A2_R12_z01_yellow_cell162.png,,,/Users/ashi/github/cm4ai_codefest2025/analysis/cell_crops,B2AI_1_Paclitaxel_A2_R12_z01_yellow_,162,B2AI_1_Paclitaxel_A2_R12_z01_yellow
,/Users/ashi/github/cm4ai_codefest2025/analysis/cell_crops/yellow/B2AI_1_Paclitaxel_A2_R12_z01_yellow_cell163.png,,,/Users/ashi/github/cm4ai_codefest2025/analysis/cell_crops,B2AI_1_Paclitaxel_A2_R12_z01_yellow_,163,B2AI_1_Paclitaxel_A2_R12_z01_yellow
,/Users/ashi/github/cm4ai_codefest2025/analysis/cell_crops/yellow/B2AI_1_Paclitaxel_A2_R12_z01_yellow_cell164.png,,,/Users/ashi/github/cm4ai_codefest2025/analysis/cell_crops,B2AI_1_Paclitaxel_A2_R12_z01_yellow_,164,B2AI_1_Paclitaxel_A2_R12_z01_yellow
,/Users/ashi/github/cm4ai_codefest2025/analysis/cell_crops/yellow/B2AI_1_Paclitaxel_A2_R12_z01_yellow_cell165.png,,,/Users/ashi/github/cm4ai_codefest2025/analysis/cell_crops,B2AI_1_Paclitaxel_A2_R12_z01_yellow_,165,B2AI_1_Paclitaxel_A2_R12_z01_yellow
,/Users/ashi/github/cm4ai_codefest2025/analysis/cell_crops/yellow/B2AI_1_Paclitaxel_A2_R12_z01_yellow_cell166.png,,,/Users/ashi/github/cm4ai_codefest2025/analysis/cell_crops,B2AI_1_Paclitaxel_A2_R12_z01_yellow_,166,B2AI_1_Paclitaxel_A2_R12_z01_yellow
,/Users/ashi/github/cm4ai_codefest2025/analysis/cell_crops/yellow/B2AI_1_Paclitaxel_A2_R12_z01_yellow_cell167.png,,,/Users/ashi/github/cm4ai_codefest2025/analysis/cell_crops,B2AI_1_Paclitaxel_A2_R12_z01_yellow_,167,B2AI_1_Paclitaxel_A2_R12_z01_yellow
,/Users/ashi/github/cm4ai_codefest2025/analysis/cell_crops/yellow/B2AI_1_Paclitaxel_A2_R12_z01_yellow_cell168.png,,,/Users/ashi/github/cm4ai_codefest2025/analysis/cell_crops,B2AI_1_Paclitaxel_A2_R12_z01_yellow_,168,B2AI_1_Paclitaxel_A2_R12_z01_yellow
,/Users/ashi/github/cm4ai_codefest2025/analysis/cell_crops/yellow/B2AI_1_Paclitaxel_A2_R12_z01_yellow_cell169.png,,,/Users/ashi/github/cm4ai_codefest2025/analysis/cell_crops,B2AI_1_Paclitaxel_A2_R12_z01_yellow_,169,B2AI_1_Paclitaxel_A2_R12_z01_yellow
,/Users/ashi/github/cm4ai_codefest2025/analysis/cell_crops/yellow/B2AI_1_Paclitaxel_A2_R12_z01_yellow_cell170.png,,,/Users/ashi/github/cm4ai_codefest2025/analysis/cell_crops,B2AI_1_Paclitaxel_A2_R12_z01_yellow_,170,B2AI_1_Paclitaxel_A2_R12_z01_yellow
,/Users/ashi/github/cm4ai_codefest2025/analysis/cell_crops/yellow/B2AI_1_Paclitaxel_A2_R12_z01_yellow_cell171.png,,,/Users/ashi/github/cm4ai_codefest2025/analysis/cell_crops,B2AI_1_Paclitaxel_A2_R12_z01_yellow_,171,B2AI_1_Paclitaxel_A2_R12_z01_yellow
,/Users/ashi/github/cm4ai_codefest2025/analysis/cell_crops/yellow/B2AI_1_Paclitaxel_A2_R12_z01_yellow_cell172.png,,,/Users/ashi/github/cm4ai_codefest2025/analysis/cell_crops,B2AI_1_Paclitaxel_A2_R12_z01_yellow_,172,B2AI_1_Paclitaxel_A2_R12_z01_yellow
,/Users/ashi/github/cm4ai_codefest2025/analysis/cell_crops/yellow/B2AI_1_Paclitaxel_A2_R12_z01_yellow_cell173.png,,,/Users/ashi/github/cm4ai_codefest2025/analysis/cell_crops,B2AI_1_Paclitaxel_A2_R12_z01_yellow_,173,B2AI_1_Paclitaxel_A2_R12_z01_yellow
,/Users/ashi/github/cm4ai_codefest2025/analysis/cell_crops/yellow/B2AI_1_Paclitaxel_A2_R12_z01_yellow_cell174.png,,,/Users/ashi/github/cm4ai_codefest2025/analysis/cell_crops,B2AI_1_Paclitaxel_A2_R12_z01_yellow_,174,B2AI_1_Paclitaxel_A2_R12_z01_yellow
,/Users/ashi/github/cm4ai_codefest2025/analysis/cell_crops/yellow/B2AI_1_Paclitaxel_A2_R12_z01_yellow_cell175.png,,,/Users/ashi/github/cm4ai_codefest2025/analysis/cell_crops,B2AI_1_Paclitaxel_A2_R12_z01_yellow_,175,B2AI_1_Paclitaxel_A2_R12_z01_yellow
,/Users/ashi/github/cm4ai_codefest2025/analysis/cell_crops/yellow/B2AI_1_Paclitaxel_A2_R12_z01_yellow_cell176.png,,,/Users/ashi/github/cm4ai_codefest2025/analysis/cell_crops,B2AI_1_Paclitaxel_A2_R12_z01_yellow_,176,B2AI_1_Paclitaxel_A2_R12_z01_yellow
,/Users/ashi/github/cm4ai_codefest2025/analysis/cell_crops/yellow/B2AI_1_Paclitaxel_A2_R12_z01_yellow_cell177.png,,,/Users/ashi/github/cm4ai_codefest2025/analysis/cell_crops,B2AI_1_Paclitaxel_A2_R12_z01_yellow_,177,B2AI_1_Paclitaxel_A2_R12_z01_yellow
,/Users/ashi/github/cm4ai_codefest2025/analysis/cell_crops/yellow/B2AI_1_Paclitaxel_A2_R12_z01_yellow_cell178.png,,,/Users/ashi/github/cm4ai_codefest2025/analysis/cell_crops,B2AI_1_Paclitaxel_A2_R12_z01_yellow_,178,B2AI_1_Paclitaxel_A2_R12_z01_yellow
,/Users/ashi/github/cm4ai_codefest2025/analysis/cell_crops/yellow/B2AI_1_Paclitaxel_A2_R12_z01_yellow_cell179.png,,,/Users/ashi/github/cm4ai_codefest2025/analysis/cell_crops,B2AI_1_Paclitaxel_A2_R12_z01_yellow_,179,B2AI_1_Paclitaxel_A2_R12_z01_yellow
,/Users/ashi/github/cm4ai_codefest2025/analysis/cell_crops/yellow/B2AI_1_Paclitaxel_A2_R12_z01_yellow_cell180.png,,,/Users/ashi/github/cm4ai_codefest2025/analysis/cell_crops,B2AI_1_Paclitaxel_A2_R12_z01_yellow_,180,B2AI_1_Paclitaxel_A2_R12_z01_yellow
,/Users/ashi/github/cm4ai_codefest2025/analysis/cell_crops/yellow/B2AI_1_Paclitaxel_A2_R12_z01_yellow_cell181.png,,,/Users/ashi/github/cm4ai_codefest2025/analysis/cell_crops,B2AI_1_Paclitaxel_A2_R12_z01_yellow_,181,B2AI_1_Paclitaxel_A2_R12_z01_yellow
,/Users/ashi/github/cm4ai_codefest2025/analysis/cell_crops/yellow/B2AI_1_Paclitaxel_A2_R12_z01_yellow_cell182.png,,,/Users/ashi/github/cm4ai_codefest2025/analysis/cell_crops,B2AI_1_Paclitaxel_A2_R12_z01_yellow_,182,B2AI_1_Paclitaxel_A2_R12_z01_yellow
,/Users/ashi/github/cm4ai_codefest2025/analysis/cell_crops/yellow/B2AI_1_Paclitaxel_A2_R12_z01_yellow_cell183.png,,,/Users/ashi/github/cm4ai_codefest2025/analysis/cell_crops,B2AI_1_Paclitaxel_A2_R12_z01_yellow_,183,B2AI_1_Paclitaxel_A2_R12_z01_yellow
,/Users/ashi/github/cm4ai_codefest2025/analysis/cell_crops/yellow/B2AI_1_Paclitaxel_A2_R12_z01_yellow_cell184.png,,,/Users/ashi/github/cm4ai_codefest2025/analysis/cell_crops,B2AI_1_Paclitaxel_A2_R12_z01_yellow_,184,B2AI_1_Paclitaxel_A2_R12_z01_yellow
,/Users/ashi/github/cm4ai_codefest2025/analysis/cell_crops/yellow/B2AI_1_Paclitaxel_A2_R14_z01_yellow_cell1.png,,,/Users/ashi/github/cm4ai_codefest2025/analysis/cell_crops,B2AI_1_Paclitaxel_A2_R14_z01_yellow_,1,B2AI_1_Paclitaxel_A2_R14_z01_yellow
,/Users/ashi/github/cm4ai_codefest2025/analysis/cell_crops/yellow/B2AI_1_Paclitaxel_A2_R14_z01_yellow_cell2.png,,,/Users/ashi/github/cm4ai_codefest2025/analysis/cell_crops,B2AI_1_Paclitaxel_A2_R14_z01_yellow_,2,B2AI_1_Paclitaxel_A2_R14_z01_yellow
,/Users/ashi/github/cm4ai_codefest2025/analysis/cell_crops/yellow/B2AI_1_Paclitaxel_A2_R14_z01_yellow_cell3.png,,,/Users/ashi/github/cm4ai_codefest2025/analysis/cell_crops,B2AI_1_Paclitaxel_A2_R14_z01_yellow_,3,B2AI_1_Paclitaxel_A2_R14_z01_yellow
,/Users/ashi/github/cm4ai_codefest2025/analysis/cell_crops/yellow/B2AI_1_Paclitaxel_A2_R14_z01_yellow_cell4.png,,,/Users/ashi/github/cm4ai_codefest2025/analysis/cell_crops,B2AI_1_Paclitaxel_A2_R14_z01_yellow_,4,B2AI_1_Paclitaxel_A2_R14_z01_yellow
,/Users/ashi/github/cm4ai_codefest2025/analysis/cell_crops/yellow/B2AI_1_Paclitaxel_A2_R14_z01_yellow_cell5.png,,,/Users/ashi/github/cm4ai_codefest2025/analysis/cell_crops,B2AI_1_Paclitaxel_A2_R14_z01_yellow_,5,B2AI_1_Paclitaxel_A2_R14_z01_yellow
,/Users/ashi/github/cm4ai_codefest2025/analysis/cell_crops/yellow/B2AI_1_Paclitaxel_A2_R14_z01_yellow_cell6.png,,,/Users/ashi/github/cm4ai_codefest2025/analysis/cell_crops,B2AI_1_Paclitaxel_A2_R14_z01_yellow_,6,B2AI_1_Paclitaxel_A2_R14_z01_yellow
,/Users/ashi/github/cm4ai_codefest2025/analysis/cell_crops/yellow/B2AI_1_Paclitaxel_A2_R14_z01_yellow_cell7.png,,,/Users/ashi/github/cm4ai_codefest2025/analysis/cell_crops,B2AI_1_Paclitaxel_A2_R14_z01_yellow_,7,B2AI_1_Paclitaxel_A2_R14_z01_yellow
,/Users/ashi/github/cm4ai_codefest2025/analysis/cell_crops/yellow/B2AI_1_Paclitaxel_A2_R14_z01_yellow_cell8.png,,,/Users/ashi/github/cm4ai_codefest2025/analysis/cell_crops,B2AI_1_Paclitaxel_A2_R14_z01_yellow_,8,B2AI_1_Paclitaxel_A2_R14_z01_yellow
,/Users/ashi/github/cm4ai_codefest2025/analysis/cell_crops/yellow/B2AI_1_Paclitaxel_A2_R14_z01_yellow_cell9.png,,,/Users/ashi/github/cm4ai_codefest2025/analysis/cell_crops,B2AI_1_Paclitaxel_A2_R14_z01_yellow_,9,B2AI_1_Paclitaxel_A2_R14_z01_yellow
,/Users/ashi/github/cm4ai_codefest2025/analysis/cell_crops/yellow/B2AI_1_Paclitaxel_A2_R14_z01_yellow_cell10.png,,,/Users/ashi/github/cm4ai_codefest2025/analysis/cell_crops,B2AI_1_Paclitaxel_A2_R14_z01_yellow_,10,B2AI_1_Paclitaxel_A2_R14_z01_yellow
,/Users/ashi/github/cm4ai_codefest2025/analysis/cell_crops/yellow/B2AI_1_Paclitaxel_A2_R14_z01_yellow_cell11.png,,,/Users/ashi/github/cm4ai_codefest2025/analysis/cell_crops,B2AI_1_Paclitaxel_A2_R14_z01_yellow_,11,B2AI_1_Paclitaxel_A2_R14_z01_yellow
,/Users/ashi/github/cm4ai_codefest2025/analysis/cell_crops/yellow/B2AI_1_Paclitaxel_A2_R14_z01_yellow_cell12.png,,,/Users/ashi/github/cm4ai_codefest2025/analysis/cell_crops,B2AI_1_Paclitaxel_A2_R14_z01_yellow_,12,B2AI_1_Paclitaxel_A2_R14_z01_yellow
,/Users/ashi/github/cm4ai_codefest2025/analysis/cell_crops/yellow/B2AI_1_Paclitaxel_A2_R14_z01_yellow_cell13.png,,,/Users/ashi/github/cm4ai_codefest2025/analysis/cell_crops,B2AI_1_Paclitaxel_A2_R14_z01_yellow_,13,B2AI_1_Paclitaxel_A2_R14_z01_yellow
,/Users/ashi/github/cm4ai_codefest2025/analysis/cell_crops/yellow/B2AI_1_Paclitaxel_A2_R14_z01_yellow_cell14.png,,,/Users/ashi/github/cm4ai_codefest2025/analysis/cell_crops,B2AI_1_Paclitaxel_A2_R14_z01_yellow_,14,B2AI_1_Paclitaxel_A2_R14_z01_yellow
,/Users/ashi/github/cm4ai_codefest2025/analysis/cell_crops/yellow/B2AI_1_Paclitaxel_A2_R14_z01_yellow_cell15.png,,,/Users/ashi/github/cm4ai_codefest2025/analysis/cell_crops,B2AI_1_Paclitaxel_A2_R14_z01_yellow_,15,B2AI_1_Paclitaxel_A2_R14_z01_yellow
,/Users/ashi/github/cm4ai_codefest2025/analysis/cell_crops/yellow/B2AI_1_Paclitaxel_A2_R14_z01_yellow_cell16.png,,,/Users/ashi/github/cm4ai_codefest2025/analysis/cell_crops,B2AI_1_Paclitaxel_A2_R14_z01_yellow_,16,B2AI_1_Paclitaxel_A2_R14_z01_yellow
,/Users/ashi/github/cm4ai_codefest2025/analysis/cell_crops/yellow/B2AI_1_Paclitaxel_A2_R14_z01_yellow_cell17.png,,,/Users/ashi/github/cm4ai_codefest2025/analysis/cell_crops,B2AI_1_Paclitaxel_A2_R14_z01_yellow_,17,B2AI_1_Paclitaxel_A2_R14_z01_yellow
,/Users/ashi/github/cm4ai_codefest2025/analysis/cell_crops/yellow/B2AI_1_Paclitaxel_A2_R14_z01_yellow_cell18.png,,,/Users/ashi/github/cm4ai_codefest2025/analysis/cell_crops,B2AI_1_Paclitaxel_A2_R14_z01_yellow_,18,B2AI_1_Paclitaxel_A2_R14_z01_yellow
,/Users/ashi/github/cm4ai_codefest2025/analysis/cell_crops/yellow/B2AI_1_Paclitaxel_A2_R14_z01_yellow_cell19.png,,,/Users/ashi/github/cm4ai_codefest2025/analysis/cell_crops,B2AI_1_Paclitaxel_A2_R14_z01_yellow_,19,B2AI_1_Paclitaxel_A2_R14_z01_yellow
,/Users/ashi/github/cm4ai_codefest2025/analysis/cell_crops/yellow/B2AI_1_Paclitaxel_A2_R14_z01_yellow_cell20.png,,,/Users/ashi/github/cm4ai_codefest2025/analysis/cell_crops,B2AI_1_Paclitaxel_A2_R14_z01_yellow_,20,B2AI_1_Paclitaxel_A2_R14_z01_yellow
,/Users/ashi/github/cm4ai_codefest2025/analysis/cell_crops/yellow/B2AI_1_Paclitaxel_A2_R14_z01_yellow_cell21.png,,,/Users/ashi/github/cm4ai_codefest2025/analysis/cell_crops,B2AI_1_Paclitaxel_A2_R14_z01_yellow_,21,B2AI_1_Paclitaxel_A2_R14_z01_yellow
,/Users/ashi/github/cm4ai_codefest2025/analysis/cell_crops/yellow/B2AI_1_Paclitaxel_A2_R14_z01_yellow_cell22.png,,,/Users/ashi/github/cm4ai_codefest2025/analysis/cell_crops,B2AI_1_Paclitaxel_A2_R14_z01_yellow_,22,B2AI_1_Paclitaxel_A2_R14_z01_yellow
,/Users/ashi/github/cm4ai_codefest2025/analysis/cell_crops/yellow/B2AI_1_Paclitaxel_A2_R14_z01_yellow_cell23.png,,,/Users/ashi/github/cm4ai_codefest2025/analysis/cell_crops,B2AI_1_Paclitaxel_A2_R14_z01_yellow_,23,B2AI_1_Paclitaxel_A2_R14_z01_yellow
,/Users/ashi/github/cm4ai_codefest2025/analysis/cell_crops/yellow/B2AI_1_Paclitaxel_A2_R14_z01_yellow_cell24.png,,,/Users/ashi/github/cm4ai_codefest2025/analysis/cell_crops,B2AI_1_Paclitaxel_A2_R14_z01_yellow_,24,B2AI_1_Paclitaxel_A2_R14_z01_yellow
,/Users/ashi/github/cm4ai_codefest2025/analysis/cell_crops/yellow/B2AI_1_Paclitaxel_A2_R14_z01_yellow_cell25.png,,,/Users/ashi/github/cm4ai_codefest2025/analysis/cell_crops,B2AI_1_Paclitaxel_A2_R14_z01_yellow_,25,B2AI_1_Paclitaxel_A2_R14_z01_yellow
,/Users/ashi/github/cm4ai_codefest2025/analysis/cell_crops/yellow/B2AI_1_Paclitaxel_A2_R14_z01_yellow_cell26.png,,,/Users/ashi/github/cm4ai_codefest2025/analysis/cell_crops,B2AI_1_Paclitaxel_A2_R14_z01_yellow_,26,B2AI_1_Paclitaxel_A2_R14_z01_yellow
,/Users/ashi/github/cm4ai_codefest2025/analysis/cell_crops/yellow/B2AI_1_Paclitaxel_A2_R14_z01_yellow_cell27.png,,,/Users/ashi/github/cm4ai_codefest2025/analysis/cell_crops,B2AI_1_Paclitaxel_A2_R14_z01_yellow_,27,B2AI_1_Paclitaxel_A2_R14_z01_yellow
,/Users/ashi/github/cm4ai_codefest2025/analysis/cell_crops/yellow/B2AI_1_Paclitaxel_A2_R14_z01_yellow_cell28.png,,,/Users/ashi/github/cm4ai_codefest2025/analysis/cell_crops,B2AI_1_Paclitaxel_A2_R14_z01_yellow_,28,B2AI_1_Paclitaxel_A2_R14_z01_yellow
,/Users/ashi/github/cm4ai_codefest2025/analysis/cell_crops/yellow/B2AI_1_Paclitaxel_A2_R14_z01_yellow_cell29.png,,,/Users/ashi/github/cm4ai_codefest2025/analysis/cell_crops,B2AI_1_Paclitaxel_A2_R14_z01_yellow_,29,B2AI_1_Paclitaxel_A2_R14_z01_yellow
,/Users/ashi/github/cm4ai_codefest2025/analysis/cell_crops/yellow/B2AI_1_Paclitaxel_A2_R14_z01_yellow_cell30.png,,,/Users/ashi/github/cm4ai_codefest2025/analysis/cell_crops,B2AI_1_Paclitaxel_A2_R14_z01_yellow_,30,B2AI_1_Paclitaxel_A2_R14_z01_yellow
,/Users/ashi/github/cm4ai_codefest2025/analysis/cell_crops/yellow/B2AI_1_Paclitaxel_A2_R14_z01_yellow_cell31.png,,,/Users/ashi/github/cm4ai_codefest2025/analysis/cell_crops,B2AI_1_Paclitaxel_A2_R14_z01_yellow_,31,B2AI_1_Paclitaxel_A2_R14_z01_yellow
,/Users/ashi/github/cm4ai_codefest2025/analysis/cell_crops/yellow/B2AI_1_Paclitaxel_A2_R14_z01_yellow_cell32.png,,,/Users/ashi/github/cm4ai_codefest2025/analysis/cell_crops,B2AI_1_Paclitaxel_A2_R14_z01_yellow_,32,B2AI_1_Paclitaxel_A2_R14_z01_yellow
,/Users/ashi/github/cm4ai_codefest2025/analysis/cell_crops/yellow/B2AI_1_Paclitaxel_A2_R14_z01_yellow_cell33.png,,,/Users/ashi/github/cm4ai_codefest2025/analysis/cell_crops,B2AI_1_Paclitaxel_A2_R14_z01_yellow_,33,B2AI_1_Paclitaxel_A2_R14_z01_yellow
,/Users/ashi/github/cm4ai_codefest2025/analysis/cell_crops/yellow/B2AI_1_Paclitaxel_A2_R14_z01_yellow_cell34.png,,,/Users/ashi/github/cm4ai_codefest2025/analysis/cell_crops,B2AI_1_Paclitaxel_A2_R14_z01_yellow_,34,B2AI_1_Paclitaxel_A2_R14_z01_yellow
,/Users/ashi/github/cm4ai_codefest2025/analysis/cell_crops/yellow/B2AI_1_Paclitaxel_A2_R14_z01_yellow_cell35.png,,,/Users/ashi/github/cm4ai_codefest2025/analysis/cell_crops,B2AI_1_Paclitaxel_A2_R14_z01_yellow_,35,B2AI_1_Paclitaxel_A2_R14_z01_yellow
,/Users/ashi/github/cm4ai_codefest2025/analysis/cell_crops/yellow/B2AI_1_Paclitaxel_A2_R14_z01_yellow_cell36.png,,,/Users/ashi/github/cm4ai_codefest2025/analysis/cell_crops,B2AI_1_Paclitaxel_A2_R14_z01_yellow_,36,B2AI_1_Paclitaxel_A2_R14_z01_yellow
,/Users/ashi/github/cm4ai_codefest2025/analysis/cell_crops/yellow/B2AI_1_Paclitaxel_A2_R14_z01_yellow_cell37.png,,,/Users/ashi/github/cm4ai_codefest2025/analysis/cell_crops,B2AI_1_Paclitaxel_A2_R14_z01_yellow_,37,B2AI_1_Paclitaxel_A2_R14_z01_yellow
,/Users/ashi/github/cm4ai_codefest2025/analysis/cell_crops/yellow/B2AI_1_Paclitaxel_A2_R14_z01_yellow_cell38.png,,,/Users/ashi/github/cm4ai_codefest2025/analysis/cell_crops,B2AI_1_Paclitaxel_A2_R14_z01_yellow_,38,B2AI_1_Paclitaxel_A2_R14_z01_yellow
,/Users/ashi/github/cm4ai_codefest2025/analysis/cell_crops/yellow/B2AI_1_Paclitaxel_A2_R14_z01_yellow_cell39.png,,,/Users/ashi/github/cm4ai_codefest2025/analysis/cell_crops,B2AI_1_Paclitaxel_A2_R14_z01_yellow_,39,B2AI_1_Paclitaxel_A2_R14_z01_yellow
,/Users/ashi/github/cm4ai_codefest2025/analysis/cell_crops/yellow/B2AI_1_Paclitaxel_A2_R14_z01_yellow_cell40.png,,,/Users/ashi/github/cm4ai_codefest2025/analysis/cell_crops,B2AI_1_Paclitaxel_A2_R14_z01_yellow_,40,B2AI_1_Paclitaxel_A2_R14_z01_yellow
,/Users/ashi/github/cm4ai_codefest2025/analysis/cell_crops/yellow/B2AI_1_Paclitaxel_A2_R14_z01_yellow_cell41.png,,,/Users/ashi/github/cm4ai_codefest2025/analysis/cell_crops,B2AI_1_Paclitaxel_A2_R14_z01_yellow_,41,B2AI_1_Paclitaxel_A2_R14_z01_yellow
,/Users/ashi/github/cm4ai_codefest2025/analysis/cell_crops/yellow/B2AI_1_Paclitaxel_A2_R14_z01_yellow_cell42.png,,,/Users/ashi/github/cm4ai_codefest2025/analysis/cell_crops,B2AI_1_Paclitaxel_A2_R14_z01_yellow_,42,B2AI_1_Paclitaxel_A2_R14_z01_yellow
,/Users/ashi/github/cm4ai_codefest2025/analysis/cell_crops/yellow/B2AI_1_Paclitaxel_A2_R14_z01_yellow_cell43.png,,,/Users/ashi/github/cm4ai_codefest2025/analysis/cell_crops,B2AI_1_Paclitaxel_A2_R14_z01_yellow_,43,B2AI_1_Paclitaxel_A2_R14_z01_yellow
,/Users/ashi/github/cm4ai_codefest2025/analysis/cell_crops/yellow/B2AI_1_Paclitaxel_A2_R14_z01_yellow_cell44.png,,,/Users/ashi/github/cm4ai_codefest2025/analysis/cell_crops,B2AI_1_Paclitaxel_A2_R14_z01_yellow_,44,B2AI_1_Paclitaxel_A2_R14_z01_yellow
,/Users/ashi/github/cm4ai_codefest2025/analysis/cell_crops/yellow/B2AI_1_Paclitaxel_A2_R14_z01_yellow_cell45.png,,,/Users/ashi/github/cm4ai_codefest2025/analysis/cell_crops,B2AI_1_Paclitaxel_A2_R14_z01_yellow_,45,B2AI_1_Paclitaxel_A2_R14_z01_yellow
,/Users/ashi/github/cm4ai_codefest2025/analysis/cell_crops/yellow/B2AI_1_Paclitaxel_A2_R14_z01_yellow_cell46.png,,,/Users/ashi/github/cm4ai_codefest2025/analysis/cell_crops,B2AI_1_Paclitaxel_A2_R14_z01_yellow_,46,B2AI_1_Paclitaxel_A2_R14_z01_yellow
,/Users/ashi/github/cm4ai_codefest2025/analysis/cell_crops/yellow/B2AI_1_Paclitaxel_A2_R14_z01_yellow_cell47.png,,,/Users/ashi/github/cm4ai_codefest2025/analysis/cell_crops,B2AI_1_Paclitaxel_A2_R14_z01_yellow_,47,B2AI_1_Paclitaxel_A2_R14_z01_yellow
,/Users/ashi/github/cm4ai_codefest2025/analysis/cell_crops/yellow/B2AI_1_Paclitaxel_A2_R14_z01_yellow_cell48.png,,,/Users/ashi/github/cm4ai_codefest2025/analysis/cell_crops,B2AI_1_Paclitaxel_A2_R14_z01_yellow_,48,B2AI_1_Paclitaxel_A2_R14_z01_yellow
,/Users/ashi/github/cm4ai_codefest2025/analysis/cell_crops/yellow/B2AI_1_Paclitaxel_A2_R14_z01_yellow_cell49.png,,,/Users/ashi/github/cm4ai_codefest2025/analysis/cell_crops,B2AI_1_Paclitaxel_A2_R14_z01_yellow_,49,B2AI_1_Paclitaxel_A2_R14_z01_yellow
,/Users/ashi/github/cm4ai_codefest2025/analysis/cell_crops/yellow/B2AI_1_Paclitaxel_A2_R14_z01_yellow_cell50.png,,,/Users/ashi/github/cm4ai_codefest2025/analysis/cell_crops,B2AI_1_Paclitaxel_A2_R14_z01_yellow_,50,B2AI_1_Paclitaxel_A2_R14_z01_yellow
,/Users/ashi/github/cm4ai_codefest2025/analysis/cell_crops/yellow/B2AI_1_Paclitaxel_A2_R14_z01_yellow_cell51.png,,,/Users/ashi/github/cm4ai_codefest2025/analysis/cell_crops,B2AI_1_Paclitaxel_A2_R14_z01_yellow_,51,B2AI_1_Paclitaxel_A2_R14_z01_yellow
,/Users/ashi/github/cm4ai_codefest2025/analysis/cell_crops/yellow/B2AI_1_Paclitaxel_A2_R14_z01_yellow_cell52.png,,,/Users/ashi/github/cm4ai_codefest2025/analysis/cell_crops,B2AI_1_Paclitaxel_A2_R14_z01_yellow_,52,B2AI_1_Paclitaxel_A2_R14_z01_yellow
,/Users/ashi/github/cm4ai_codefest2025/analysis/cell_crops/yellow/B2AI_1_Paclitaxel_A2_R14_z01_yellow_cell53.png,,,/Users/ashi/github/cm4ai_codefest2025/analysis/cell_crops,B2AI_1_Paclitaxel_A2_R14_z01_yellow_,53,B2AI_1_Paclitaxel_A2_R14_z01_yellow
,/Users/ashi/github/cm4ai_codefest2025/analysis/cell_crops/yellow/B2AI_1_Paclitaxel_A2_R14_z01_yellow_cell54.png,,,/Users/ashi/github/cm4ai_codefest2025/analysis/cell_crops,B2AI_1_Paclitaxel_A2_R14_z01_yellow_,54,B2AI_1_Paclitaxel_A2_R14_z01_yellow
,/Users/ashi/github/cm4ai_codefest2025/analysis/cell_crops/yellow/B2AI_1_Paclitaxel_A2_R14_z01_yellow_cell55.png,,,/Users/ashi/github/cm4ai_codefest2025/analysis/cell_crops,B2AI_1_Paclitaxel_A2_R14_z01_yellow_,55,B2AI_1_Paclitaxel_A2_R14_z01_yellow
,/Users/ashi/github/cm4ai_codefest2025/analysis/cell_crops/yellow/B2AI_1_Paclitaxel_A2_R14_z01_yellow_cell56.png,,,/Users/ashi/github/cm4ai_codefest2025/analysis/cell_crops,B2AI_1_Paclitaxel_A2_R14_z01_yellow_,56,B2AI_1_Paclitaxel_A2_R14_z01_yellow
,/Users/ashi/github/cm4ai_codefest2025/analysis/cell_crops/yellow/B2AI_1_Paclitaxel_A2_R14_z01_yellow_cell57.png,,,/Users/ashi/github/cm4ai_codefest2025/analysis/cell_crops,B2AI_1_Paclitaxel_A2_R14_z01_yellow_,57,B2AI_1_Paclitaxel_A2_R14_z01_yellow
,/Users/ashi/github/cm4ai_codefest2025/analysis/cell_crops/yellow/B2AI_1_Paclitaxel_A2_R14_z01_yellow_cell58.png,,,/Users/ashi/github/cm4ai_codefest2025/analysis/cell_crops,B2AI_1_Paclitaxel_A2_R14_z01_yellow_,58,B2AI_1_Paclitaxel_A2_R14_z01_yellow
,/Users/ashi/github/cm4ai_codefest2025/analysis/cell_crops/yellow/B2AI_1_Paclitaxel_A2_R14_z01_yellow_cell59.png,,,/Users/ashi/github/cm4ai_codefest2025/analysis/cell_crops,B2AI_1_Paclitaxel_A2_R14_z01_yellow_,59,B2AI_1_Paclitaxel_A2_R14_z01_yellow
,/Users/ashi/github/cm4ai_codefest2025/analysis/cell_crops/yellow/B2AI_1_Paclitaxel_A2_R14_z01_yellow_cell60.png,,,/Users/ashi/github/cm4ai_codefest2025/analysis/cell_crops,B2AI_1_Paclitaxel_A2_R14_z01_yellow_,60,B2AI_1_Paclitaxel_A2_R14_z01_yellow
,/Users/ashi/github/cm4ai_codefest2025/analysis/cell_crops/yellow/B2AI_1_Paclitaxel_A2_R14_z01_yellow_cell61.png,,,/Users/ashi/github/cm4ai_codefest2025/analysis/cell_crops,B2AI_1_Paclitaxel_A2_R14_z01_yellow_,61,B2AI_1_Paclitaxel_A2_R14_z01_yellow
,/Users/ashi/github/cm4ai_codefest2025/analysis/cell_crops/yellow/B2AI_1_Paclitaxel_A2_R14_z01_yellow_cell62.png,,,/Users/ashi/github/cm4ai_codefest2025/analysis/cell_crops,B2AI_1_Paclitaxel_A2_R14_z01_yellow_,62,B2AI_1_Paclitaxel_A2_R14_z01_yellow
,/Users/ashi/github/cm4ai_codefest2025/analysis/cell_crops/yellow/B2AI_1_Paclitaxel_A2_R14_z01_yellow_cell63.png,,,/Users/ashi/github/cm4ai_codefest2025/analysis/cell_crops,B2AI_1_Paclitaxel_A2_R14_z01_yellow_,63,B2AI_1_Paclitaxel_A2_R14_z01_yellow
,/Users/ashi/github/cm4ai_codefest2025/analysis/cell_crops/yellow/B2AI_1_Paclitaxel_A2_R14_z01_yellow_cell64.png,,,/Users/ashi/github/cm4ai_codefest2025/analysis/cell_crops,B2AI_1_Paclitaxel_A2_R14_z01_yellow_,64,B2AI_1_Paclitaxel_A2_R14_z01_yellow
,/Users/ashi/github/cm4ai_codefest2025/analysis/cell_crops/yellow/B2AI_1_Paclitaxel_A2_R14_z01_yellow_cell65.png,,,/Users/ashi/github/cm4ai_codefest2025/analysis/cell_crops,B2AI_1_Paclitaxel_A2_R14_z01_yellow_,65,B2AI_1_Paclitaxel_A2_R14_z01_yellow
,/Users/ashi/github/cm4ai_codefest2025/analysis/cell_crops/yellow/B2AI_1_Paclitaxel_A2_R14_z01_yellow_cell66.png,,,/Users/ashi/github/cm4ai_codefest2025/analysis/cell_crops,B2AI_1_Paclitaxel_A2_R14_z01_yellow_,66,B2AI_1_Paclitaxel_A2_R14_z01_yellow
,/Users/ashi/github/cm4ai_codefest2025/analysis/cell_crops/yellow/B2AI_1_Paclitaxel_A2_R14_z01_yellow_cell67.png,,,/Users/ashi/github/cm4ai_codefest2025/analysis/cell_crops,B2AI_1_Paclitaxel_A2_R14_z01_yellow_,67,B2AI_1_Paclitaxel_A2_R14_z01_yellow
,/Users/ashi/github/cm4ai_codefest2025/analysis/cell_crops/yellow/B2AI_1_Paclitaxel_A2_R14_z01_yellow_cell68.png,,,/Users/ashi/github/cm4ai_codefest2025/analysis/cell_crops,B2AI_1_Paclitaxel_A2_R14_z01_yellow_,68,B2AI_1_Paclitaxel_A2_R14_z01_yellow
,/Users/ashi/github/cm4ai_codefest2025/analysis/cell_crops/yellow/B2AI_1_Paclitaxel_A2_R14_z01_yellow_cell69.png,,,/Users/ashi/github/cm4ai_codefest2025/analysis/cell_crops,B2AI_1_Paclitaxel_A2_R14_z01_yellow_,69,B2AI_1_Paclitaxel_A2_R14_z01_yellow
,/Users/ashi/github/cm4ai_codefest2025/analysis/cell_crops/yellow/B2AI_1_Paclitaxel_A2_R14_z01_yellow_cell70.png,,,/Users/ashi/github/cm4ai_codefest2025/analysis/cell_crops,B2AI_1_Paclitaxel_A2_R14_z01_yellow_,70,B2AI_1_Paclitaxel_A2_R14_z01_yellow
,/Users/ashi/github/cm4ai_codefest2025/analysis/cell_crops/yellow/B2AI_1_Paclitaxel_A2_R14_z01_yellow_cell71.png,,,/Users/ashi/github/cm4ai_codefest2025/analysis/cell_crops,B2AI_1_Paclitaxel_A2_R14_z01_yellow_,71,B2AI_1_Paclitaxel_A2_R14_z01_yellow
,/Users/ashi/github/cm4ai_codefest2025/analysis/cell_crops/yellow/B2AI_1_Paclitaxel_A2_R14_z01_yellow_cell72.png,,,/Users/ashi/github/cm4ai_codefest2025/analysis/cell_crops,B2AI_1_Paclitaxel_A2_R14_z01_yellow_,72,B2AI_1_Paclitaxel_A2_R14_z01_yellow
,/Users/ashi/github/cm4ai_codefest2025/analysis/cell_crops/yellow/B2AI_1_Paclitaxel_A2_R14_z01_yellow_cell73.png,,,/Users/ashi/github/cm4ai_codefest2025/analysis/cell_crops,B2AI_1_Paclitaxel_A2_R14_z01_yellow_,73,B2AI_1_Paclitaxel_A2_R14_z01_yellow
,/Users/ashi/github/cm4ai_codefest2025/analysis/cell_crops/yellow/B2AI_1_Paclitaxel_A2_R14_z01_yellow_cell74.png,,,/Users/ashi/github/cm4ai_codefest2025/analysis/cell_crops,B2AI_1_Paclitaxel_A2_R14_z01_yellow_,74,B2AI_1_Paclitaxel_A2_R14_z01_yellow
,/Users/ashi/github/cm4ai_codefest2025/analysis/cell_crops/yellow/B2AI_1_Paclitaxel_A2_R14_z01_yellow_cell75.png,,,/Users/ashi/github/cm4ai_codefest2025/analysis/cell_crops,B2AI_1_Paclitaxel_A2_R14_z01_yellow_,75,B2AI_1_Paclitaxel_A2_R14_z01_yellow
,/Users/ashi/github/cm4ai_codefest2025/analysis/cell_crops/yellow/B2AI_1_Paclitaxel_A2_R14_z01_yellow_cell76.png,,,/Users/ashi/github/cm4ai_codefest2025/analysis/cell_crops,B2AI_1_Paclitaxel_A2_R14_z01_yellow_,76,B2AI_1_Paclitaxel_A2_R14_z01_yellow
,/Users/ashi/github/cm4ai_codefest2025/analysis/cell_crops/yellow/B2AI_1_Paclitaxel_A2_R14_z01_yellow_cell77.png,,,/Users/ashi/github/cm4ai_codefest2025/analysis/cell_crops,B2AI_1_Paclitaxel_A2_R14_z01_yellow_,77,B2AI_1_Paclitaxel_A2_R14_z01_yellow
,/Users/ashi/github/cm4ai_codefest2025/analysis/cell_crops/yellow/B2AI_1_Paclitaxel_A2_R14_z01_yellow_cell78.png,,,/Users/ashi/github/cm4ai_codefest2025/analysis/cell_crops,B2AI_1_Paclitaxel_A2_R14_z01_yellow_,78,B2AI_1_Paclitaxel_A2_R14_z01_yellow
,/Users/ashi/github/cm4ai_codefest2025/analysis/cell_crops/yellow/B2AI_1_Paclitaxel_A2_R14_z01_yellow_cell79.png,,,/Users/ashi/github/cm4ai_codefest2025/analysis/cell_crops,B2AI_1_Paclitaxel_A2_R14_z01_yellow_,79,B2AI_1_Paclitaxel_A2_R14_z01_yellow
,/Users/ashi/github/cm4ai_codefest2025/analysis/cell_crops/yellow/B2AI_1_Paclitaxel_A2_R14_z01_yellow_cell80.png,,,/Users/ashi/github/cm4ai_codefest2025/analysis/cell_crops,B2AI_1_Paclitaxel_A2_R14_z01_yellow_,80,B2AI_1_Paclitaxel_A2_R14_z01_yellow
,/Users/ashi/github/cm4ai_codefest2025/analysis/cell_crops/yellow/B2AI_1_Paclitaxel_A2_R14_z01_yellow_cell81.png,,,/Users/ashi/github/cm4ai_codefest2025/analysis/cell_crops,B2AI_1_Paclitaxel_A2_R14_z01_yellow_,81,B2AI_1_Paclitaxel_A2_R14_z01_yellow
,/Users/ashi/github/cm4ai_codefest2025/analysis/cell_crops/yellow/B2AI_1_Paclitaxel_A2_R14_z01_yellow_cell82.png,,,/Users/ashi/github/cm4ai_codefest2025/analysis/cell_crops,B2AI_1_Paclitaxel_A2_R14_z01_yellow_,82,B2AI_1_Paclitaxel_A2_R14_z01_yellow
,/Users/ashi/github/cm4ai_codefest2025/analysis/cell_crops/yellow/B2AI_1_Paclitaxel_A2_R14_z01_yellow_cell83.png,,,/Users/ashi/github/cm4ai_codefest2025/analysis/cell_crops,B2AI_1_Paclitaxel_A2_R14_z01_yellow_,83,B2AI_1_Paclitaxel_A2_R14_z01_yellow
,/Users/ashi/github/cm4ai_codefest2025/analysis/cell_crops/yellow/B2AI_1_Paclitaxel_A2_R14_z01_yellow_cell84.png,,,/Users/ashi/github/cm4ai_codefest2025/analysis/cell_crops,B2AI_1_Paclitaxel_A2_R14_z01_yellow_,84,B2AI_1_Paclitaxel_A2_R14_z01_yellow
,/Users/ashi/github/cm4ai_codefest2025/analysis/cell_crops/yellow/B2AI_1_Paclitaxel_A2_R14_z01_yellow_cell85.png,,,/Users/ashi/github/cm4ai_codefest2025/analysis/cell_crops,B2AI_1_Paclitaxel_A2_R14_z01_yellow_,85,B2AI_1_Paclitaxel_A2_R14_z01_yellow
,/Users/ashi/github/cm4ai_codefest2025/analysis/cell_crops/yellow/B2AI_1_Paclitaxel_A2_R14_z01_yellow_cell86.png,,,/Users/ashi/github/cm4ai_codefest2025/analysis/cell_crops,B2AI_1_Paclitaxel_A2_R14_z01_yellow_,86,B2AI_1_Paclitaxel_A2_R14_z01_yellow
,/Users/ashi/github/cm4ai_codefest2025/analysis/cell_crops/yellow/B2AI_1_Paclitaxel_A2_R14_z01_yellow_cell87.png,,,/Users/ashi/github/cm4ai_codefest2025/analysis/cell_crops,B2AI_1_Paclitaxel_A2_R14_z01_yellow_,87,B2AI_1_Paclitaxel_A2_R14_z01_yellow
,/Users/ashi/github/cm4ai_codefest2025/analysis/cell_crops/yellow/B2AI_1_Paclitaxel_A2_R14_z01_yellow_cell88.png,,,/Users/ashi/github/cm4ai_codefest2025/analysis/cell_crops,B2AI_1_Paclitaxel_A2_R14_z01_yellow_,88,B2AI_1_Paclitaxel_A2_R14_z01_yellow
,/Users/ashi/github/cm4ai_codefest2025/analysis/cell_crops/yellow/B2AI_1_Paclitaxel_A2_R14_z01_yellow_cell89.png,,,/Users/ashi/github/cm4ai_codefest2025/analysis/cell_crops,B2AI_1_Paclitaxel_A2_R14_z01_yellow_,89,B2AI_1_Paclitaxel_A2_R14_z01_yellow
,/Users/ashi/github/cm4ai_codefest2025/analysis/cell_crops/yellow/B2AI_1_Paclitaxel_A2_R14_z01_yellow_cell90.png,,,/Users/ashi/github/cm4ai_codefest2025/analysis/cell_crops,B2AI_1_Paclitaxel_A2_R14_z01_yellow_,90,B2AI_1_Paclitaxel_A2_R14_z01_yellow
,/Users/ashi/github/cm4ai_codefest2025/analysis/cell_crops/yellow/B2AI_1_Paclitaxel_A2_R14_z01_yellow_cell91.png,,,/Users/ashi/github/cm4ai_codefest2025/analysis/cell_crops,B2AI_1_Paclitaxel_A2_R14_z01_yellow_,91,B2AI_1_Paclitaxel_A2_R14_z01_yellow
,/Users/ashi/github/cm4ai_codefest2025/analysis/cell_crops/yellow/B2AI_1_Paclitaxel_A2_R14_z01_yellow_cell92.png,,,/Users/ashi/github/cm4ai_codefest2025/analysis/cell_crops,B2AI_1_Paclitaxel_A2_R14_z01_yellow_,92,B2AI_1_Paclitaxel_A2_R14_z01_yellow
,/Users/ashi/github/cm4ai_codefest2025/analysis/cell_crops/yellow/B2AI_1_Paclitaxel_A2_R14_z01_yellow_cell93.png,,,/Users/ashi/github/cm4ai_codefest2025/analysis/cell_crops,B2AI_1_Paclitaxel_A2_R14_z01_yellow_,93,B2AI_1_Paclitaxel_A2_R14_z01_yellow
,/Users/ashi/github/cm4ai_codefest2025/analysis/cell_crops/yellow/B2AI_1_Paclitaxel_A2_R14_z01_yellow_cell94.png,,,/Users/ashi/github/cm4ai_codefest2025/analysis/cell_crops,B2AI_1_Paclitaxel_A2_R14_z01_yellow_,94,B2AI_1_Paclitaxel_A2_R14_z01_yellow
,/Users/ashi/github/cm4ai_codefest2025/analysis/cell_crops/yellow/B2AI_1_Paclitaxel_A2_R14_z01_yellow_cell95.png,,,/Users/ashi/github/cm4ai_codefest2025/analysis/cell_crops,B2AI_1_Paclitaxel_A2_R14_z01_yellow_,95,B2AI_1_Paclitaxel_A2_R14_z01_yellow
,/Users/ashi/github/cm4ai_codefest2025/analysis/cell_crops/yellow/B2AI_1_Paclitaxel_A2_R14_z01_yellow_cell96.png,,,/Users/ashi/github/cm4ai_codefest2025/analysis/cell_crops,B2AI_1_Paclitaxel_A2_R14_z01_yellow_,96,B2AI_1_Paclitaxel_A2_R14_z01_yellow
,/Users/ashi/github/cm4ai_codefest2025/analysis/cell_crops/yellow/B2AI_1_Paclitaxel_A2_R14_z01_yellow_cell97.png,,,/Users/ashi/github/cm4ai_codefest2025/analysis/cell_crops,B2AI_1_Paclitaxel_A2_R14_z01_yellow_,97,B2AI_1_Paclitaxel_A2_R14_z01_yellow
,/Users/ashi/github/cm4ai_codefest2025/analysis/cell_crops/yellow/B2AI_1_Paclitaxel_A2_R14_z01_yellow_cell98.png,,,/Users/ashi/github/cm4ai_codefest2025/analysis/cell_crops,B2AI_1_Paclitaxel_A2_R14_z01_yellow_,98,B2AI_1_Paclitaxel_A2_R14_z01_yellow
,/Users/ashi/github/cm4ai_codefest2025/analysis/cell_crops/yellow/B2AI_1_Paclitaxel_A2_R14_z01_yellow_cell99.png,,,/Users/ashi/github/cm4ai_codefest2025/analysis/cell_crops,B2AI_1_Paclitaxel_A2_R14_z01_yellow_,99,B2AI_1_Paclitaxel_A2_R14_z01_yellow
,/Users/ashi/github/cm4ai_codefest2025/analysis/cell_crops/yellow/B2AI_1_Paclitaxel_A2_R14_z01_yellow_cell100.png,,,/Users/ashi/github/cm4ai_codefest2025/analysis/cell_crops,B2AI_1_Paclitaxel_A2_R14_z01_yellow_,100,B2AI_1_Paclitaxel_A2_R14_z01_yellow
,/Users/ashi/github/cm4ai_codefest2025/analysis/cell_crops/yellow/B2AI_1_Paclitaxel_A2_R14_z01_yellow_cell101.png,,,/Users/ashi/github/cm4ai_codefest2025/analysis/cell_crops,B2AI_1_Paclitaxel_A2_R14_z01_yellow_,101,B2AI_1_Paclitaxel_A2_R14_z01_yellow
,/Users/ashi/github/cm4ai_codefest2025/analysis/cell_crops/yellow/B2AI_1_Paclitaxel_A2_R14_z01_yellow_cell102.png,,,/Users/ashi/github/cm4ai_codefest2025/analysis/cell_crops,B2AI_1_Paclitaxel_A2_R14_z01_yellow_,102,B2AI_1_Paclitaxel_A2_R14_z01_yellow
,/Users/ashi/github/cm4ai_codefest2025/analysis/cell_crops/yellow/B2AI_1_Paclitaxel_A2_R14_z01_yellow_cell103.png,,,/Users/ashi/github/cm4ai_codefest2025/analysis/cell_crops,B2AI_1_Paclitaxel_A2_R14_z01_yellow_,103,B2AI_1_Paclitaxel_A2_R14_z01_yellow
,/Users/ashi/github/cm4ai_codefest2025/analysis/cell_crops/yellow/B2AI_1_Paclitaxel_A2_R14_z01_yellow_cell104.png,,,/Users/ashi/github/cm4ai_codefest2025/analysis/cell_crops,B2AI_1_Paclitaxel_A2_R14_z01_yellow_,104,B2AI_1_Paclitaxel_A2_R14_z01_yellow
,/Users/ashi/github/cm4ai_codefest2025/analysis/cell_crops/yellow/B2AI_1_Paclitaxel_A2_R14_z01_yellow_cell105.png,,,/Users/ashi/github/cm4ai_codefest2025/analysis/cell_crops,B2AI_1_Paclitaxel_A2_R14_z01_yellow_,105,B2AI_1_Paclitaxel_A2_R14_z01_yellow
,/Users/ashi/github/cm4ai_codefest2025/analysis/cell_crops/yellow/B2AI_1_Paclitaxel_A2_R14_z01_yellow_cell106.png,,,/Users/ashi/github/cm4ai_codefest2025/analysis/cell_crops,B2AI_1_Paclitaxel_A2_R14_z01_yellow_,106,B2AI_1_Paclitaxel_A2_R14_z01_yellow
,/Users/ashi/github/cm4ai_codefest2025/analysis/cell_crops/yellow/B2AI_1_Paclitaxel_A2_R14_z01_yellow_cell107.png,,,/Users/ashi/github/cm4ai_codefest2025/analysis/cell_crops,B2AI_1_Paclitaxel_A2_R14_z01_yellow_,107,B2AI_1_Paclitaxel_A2_R14_z01_yellow
,/Users/ashi/github/cm4ai_codefest2025/analysis/cell_crops/yellow/B2AI_1_Paclitaxel_A2_R14_z01_yellow_cell108.png,,,/Users/ashi/github/cm4ai_codefest2025/analysis/cell_crops,B2AI_1_Paclitaxel_A2_R14_z01_yellow_,108,B2AI_1_Paclitaxel_A2_R14_z01_yellow
,/Users/ashi/github/cm4ai_codefest2025/analysis/cell_crops/yellow/B2AI_1_Paclitaxel_A2_R14_z01_yellow_cell109.png,,,/Users/ashi/github/cm4ai_codefest2025/analysis/cell_crops,B2AI_1_Paclitaxel_A2_R14_z01_yellow_,109,B2AI_1_Paclitaxel_A2_R14_z01_yellow
,/Users/ashi/github/cm4ai_codefest2025/analysis/cell_crops/yellow/B2AI_1_Paclitaxel_A2_R14_z01_yellow_cell110.png,,,/Users/ashi/github/cm4ai_codefest2025/analysis/cell_crops,B2AI_1_Paclitaxel_A2_R14_z01_yellow_,110,B2AI_1_Paclitaxel_A2_R14_z01_yellow
,/Users/ashi/github/cm4ai_codefest2025/analysis/cell_crops/yellow/B2AI_1_Paclitaxel_A2_R14_z01_yellow_cell111.png,,,/Users/ashi/github/cm4ai_codefest2025/analysis/cell_crops,B2AI_1_Paclitaxel_A2_R14_z01_yellow_,111,B2AI_1_Paclitaxel_A2_R14_z01_yellow
,/Users/ashi/github/cm4ai_codefest2025/analysis/cell_crops/yellow/B2AI_1_Paclitaxel_A2_R14_z01_yellow_cell112.png,,,/Users/ashi/github/cm4ai_codefest2025/analysis/cell_crops,B2AI_1_Paclitaxel_A2_R14_z01_yellow_,112,B2AI_1_Paclitaxel_A2_R14_z01_yellow
,/Users/ashi/github/cm4ai_codefest2025/analysis/cell_crops/yellow/B2AI_1_Paclitaxel_A2_R14_z01_yellow_cell113.png,,,/Users/ashi/github/cm4ai_codefest2025/analysis/cell_crops,B2AI_1_Paclitaxel_A2_R14_z01_yellow_,113,B2AI_1_Paclitaxel_A2_R14_z01_yellow
,/Users/ashi/github/cm4ai_codefest2025/analysis/cell_crops/yellow/B2AI_1_Paclitaxel_A2_R14_z01_yellow_cell114.png,,,/Users/ashi/github/cm4ai_codefest2025/analysis/cell_crops,B2AI_1_Paclitaxel_A2_R14_z01_yellow_,114,B2AI_1_Paclitaxel_A2_R14_z01_yellow
,/Users/ashi/github/cm4ai_codefest2025/analysis/cell_crops/yellow/B2AI_1_Paclitaxel_A2_R14_z01_yellow_cell115.png,,,/Users/ashi/github/cm4ai_codefest2025/analysis/cell_crops,B2AI_1_Paclitaxel_A2_R14_z01_yellow_,115,B2AI_1_Paclitaxel_A2_R14_z01_yellow
,/Users/ashi/github/cm4ai_codefest2025/analysis/cell_crops/yellow/B2AI_1_Paclitaxel_A2_R14_z01_yellow_cell116.png,,,/Users/ashi/github/cm4ai_codefest2025/analysis/cell_crops,B2AI_1_Paclitaxel_A2_R14_z01_yellow_,116,B2AI_1_Paclitaxel_A2_R14_z01_yellow
,/Users/ashi/github/cm4ai_codefest2025/analysis/cell_crops/yellow/B2AI_1_Paclitaxel_A2_R14_z01_yellow_cell117.png,,,/Users/ashi/github/cm4ai_codefest2025/analysis/cell_crops,B2AI_1_Paclitaxel_A2_R14_z01_yellow_,117,B2AI_1_Paclitaxel_A2_R14_z01_yellow
,/Users/ashi/github/cm4ai_codefest2025/analysis/cell_crops/yellow/B2AI_1_Paclitaxel_A2_R14_z01_yellow_cell118.png,,,/Users/ashi/github/cm4ai_codefest2025/analysis/cell_crops,B2AI_1_Paclitaxel_A2_R14_z01_yellow_,118,B2AI_1_Paclitaxel_A2_R14_z01_yellow
,/Users/ashi/github/cm4ai_codefest2025/analysis/cell_crops/yellow/B2AI_1_Paclitaxel_A2_R14_z01_yellow_cell119.png,,,/Users/ashi/github/cm4ai_codefest2025/analysis/cell_crops,B2AI_1_Paclitaxel_A2_R14_z01_yellow_,119,B2AI_1_Paclitaxel_A2_R14_z01_yellow
,/Users/ashi/github/cm4ai_codefest2025/analysis/cell_crops/yellow/B2AI_1_Paclitaxel_A2_R14_z01_yellow_cell120.png,,,/Users/ashi/github/cm4ai_codefest2025/analysis/cell_crops,B2AI_1_Paclitaxel_A2_R14_z01_yellow_,120,B2AI_1_Paclitaxel_A2_R14_z01_yellow
,/Users/ashi/github/cm4ai_codefest2025/analysis/cell_crops/yellow/B2AI_1_Paclitaxel_A2_R14_z01_yellow_cell121.png,,,/Users/ashi/github/cm4ai_codefest2025/analysis/cell_crops,B2AI_1_Paclitaxel_A2_R14_z01_yellow_,121,B2AI_1_Paclitaxel_A2_R14_z01_yellow
,/Users/ashi/github/cm4ai_codefest2025/analysis/cell_crops/yellow/B2AI_1_Paclitaxel_A2_R14_z01_yellow_cell122.png,,,/Users/ashi/github/cm4ai_codefest2025/analysis/cell_crops,B2AI_1_Paclitaxel_A2_R14_z01_yellow_,122,B2AI_1_Paclitaxel_A2_R14_z01_yellow
,/Users/ashi/github/cm4ai_codefest2025/analysis/cell_crops/yellow/B2AI_1_Paclitaxel_A2_R14_z01_yellow_cell123.png,,,/Users/ashi/github/cm4ai_codefest2025/analysis/cell_crops,B2AI_1_Paclitaxel_A2_R14_z01_yellow_,123,B2AI_1_Paclitaxel_A2_R14_z01_yellow
,/Users/ashi/github/cm4ai_codefest2025/analysis/cell_crops/yellow/B2AI_1_Paclitaxel_A2_R14_z01_yellow_cell124.png,,,/Users/ashi/github/cm4ai_codefest2025/analysis/cell_crops,B2AI_1_Paclitaxel_A2_R14_z01_yellow_,124,B2AI_1_Paclitaxel_A2_R14_z01_yellow
,/Users/ashi/github/cm4ai_codefest2025/analysis/cell_crops/yellow/B2AI_1_Paclitaxel_A2_R14_z01_yellow_cell125.png,,,/Users/ashi/github/cm4ai_codefest2025/analysis/cell_crops,B2AI_1_Paclitaxel_A2_R14_z01_yellow_,125,B2AI_1_Paclitaxel_A2_R14_z01_yellow
,/Users/ashi/github/cm4ai_codefest2025/analysis/cell_crops/yellow/B2AI_1_Paclitaxel_A2_R14_z01_yellow_cell126.png,,,/Users/ashi/github/cm4ai_codefest2025/analysis/cell_crops,B2AI_1_Paclitaxel_A2_R14_z01_yellow_,126,B2AI_1_Paclitaxel_A2_R14_z01_yellow
,/Users/ashi/github/cm4ai_codefest2025/analysis/cell_crops/yellow/B2AI_1_Paclitaxel_A2_R14_z01_yellow_cell127.png,,,/Users/ashi/github/cm4ai_codefest2025/analysis/cell_crops,B2AI_1_Paclitaxel_A2_R14_z01_yellow_,127,B2AI_1_Paclitaxel_A2_R14_z01_yellow
,/Users/ashi/github/cm4ai_codefest2025/analysis/cell_crops/yellow/B2AI_1_Paclitaxel_A2_R14_z01_yellow_cell128.png,,,/Users/ashi/github/cm4ai_codefest2025/analysis/cell_crops,B2AI_1_Paclitaxel_A2_R14_z01_yellow_,128,B2AI_1_Paclitaxel_A2_R14_z01_yellow
,/Users/ashi/github/cm4ai_codefest2025/analysis/cell_crops/yellow/B2AI_1_Paclitaxel_A2_R14_z01_yellow_cell129.png,,,/Users/ashi/github/cm4ai_codefest2025/analysis/cell_crops,B2AI_1_Paclitaxel_A2_R14_z01_yellow_,129,B2AI_1_Paclitaxel_A2_R14_z01_yellow
,/Users/ashi/github/cm4ai_codefest2025/analysis/cell_crops/yellow/B2AI_1_Paclitaxel_A2_R14_z01_yellow_cell130.png,,,/Users/ashi/github/cm4ai_codefest2025/analysis/cell_crops,B2AI_1_Paclitaxel_A2_R14_z01_yellow_,130,B2AI_1_Paclitaxel_A2_R14_z01_yellow
,/Users/ashi/github/cm4ai_codefest2025/analysis/cell_crops/yellow/B2AI_1_Paclitaxel_A2_R14_z01_yellow_cell131.png,,,/Users/ashi/github/cm4ai_codefest2025/analysis/cell_crops,B2AI_1_Paclitaxel_A2_R14_z01_yellow_,131,B2AI_1_Paclitaxel_A2_R14_z01_yellow
,/Users/ashi/github/cm4ai_codefest2025/analysis/cell_crops/yellow/B2AI_1_Paclitaxel_A2_R14_z01_yellow_cell132.png,,,/Users/ashi/github/cm4ai_codefest2025/analysis/cell_crops,B2AI_1_Paclitaxel_A2_R14_z01_yellow_,132,B2AI_1_Paclitaxel_A2_R14_z01_yellow
,/Users/ashi/github/cm4ai_codefest2025/analysis/cell_crops/yellow/B2AI_1_Paclitaxel_A2_R14_z01_yellow_cell133.png,,,/Users/ashi/github/cm4ai_codefest2025/analysis/cell_crops,B2AI_1_Paclitaxel_A2_R14_z01_yellow_,133,B2AI_1_Paclitaxel_A2_R14_z01_yellow
,/Users/ashi/github/cm4ai_codefest2025/analysis/cell_crops/yellow/B2AI_1_Paclitaxel_A2_R14_z01_yellow_cell134.png,,,/Users/ashi/github/cm4ai_codefest2025/analysis/cell_crops,B2AI_1_Paclitaxel_A2_R14_z01_yellow_,134,B2AI_1_Paclitaxel_A2_R14_z01_yellow
,/Users/ashi/github/cm4ai_codefest2025/analysis/cell_crops/yellow/B2AI_1_Paclitaxel_A2_R14_z01_yellow_cell135.png,,,/Users/ashi/github/cm4ai_codefest2025/analysis/cell_crops,B2AI_1_Paclitaxel_A2_R14_z01_yellow_,135,B2AI_1_Paclitaxel_A2_R14_z01_yellow
,/Users/ashi/github/cm4ai_codefest2025/analysis/cell_crops/yellow/B2AI_1_Paclitaxel_A2_R14_z01_yellow_cell136.png,,,/Users/ashi/github/cm4ai_codefest2025/analysis/cell_crops,B2AI_1_Paclitaxel_A2_R14_z01_yellow_,136,B2AI_1_Paclitaxel_A2_R14_z01_yellow
,/Users/ashi/github/cm4ai_codefest2025/analysis/cell_crops/yellow/B2AI_1_Paclitaxel_A2_R14_z01_yellow_cell137.png,,,/Users/ashi/github/cm4ai_codefest2025/analysis/cell_crops,B2AI_1_Paclitaxel_A2_R14_z01_yellow_,137,B2AI_1_Paclitaxel_A2_R14_z01_yellow
,/Users/ashi/github/cm4ai_codefest2025/analysis/cell_crops/yellow/B2AI_1_Paclitaxel_A2_R14_z01_yellow_cell138.png,,,/Users/ashi/github/cm4ai_codefest2025/analysis/cell_crops,B2AI_1_Paclitaxel_A2_R14_z01_yellow_,138,B2AI_1_Paclitaxel_A2_R14_z01_yellow
,/Users/ashi/github/cm4ai_codefest2025/analysis/cell_crops/yellow/B2AI_1_Paclitaxel_A2_R14_z01_yellow_cell139.png,,,/Users/ashi/github/cm4ai_codefest2025/analysis/cell_crops,B2AI_1_Paclitaxel_A2_R14_z01_yellow_,139,B2AI_1_Paclitaxel_A2_R14_z01_yellow
,/Users/ashi/github/cm4ai_codefest2025/analysis/cell_crops/yellow/B2AI_1_Paclitaxel_A2_R14_z01_yellow_cell140.png,,,/Users/ashi/github/cm4ai_codefest2025/analysis/cell_crops,B2AI_1_Paclitaxel_A2_R14_z01_yellow_,140,B2AI_1_Paclitaxel_A2_R14_z01_yellow
,/Users/ashi/github/cm4ai_codefest2025/analysis/cell_crops/yellow/B2AI_1_Paclitaxel_A2_R14_z01_yellow_cell141.png,,,/Users/ashi/github/cm4ai_codefest2025/analysis/cell_crops,B2AI_1_Paclitaxel_A2_R14_z01_yellow_,141,B2AI_1_Paclitaxel_A2_R14_z01_yellow
,/Users/ashi/github/cm4ai_codefest2025/analysis/cell_crops/yellow/B2AI_1_Paclitaxel_A2_R14_z01_yellow_cell142.png,,,/Users/ashi/github/cm4ai_codefest2025/analysis/cell_crops,B2AI_1_Paclitaxel_A2_R14_z01_yellow_,142,B2AI_1_Paclitaxel_A2_R14_z01_yellow
,/Users/ashi/github/cm4ai_codefest2025/analysis/cell_crops/yellow/B2AI_1_Paclitaxel_A2_R14_z01_yellow_cell143.png,,,/Users/ashi/github/cm4ai_codefest2025/analysis/cell_crops,B2AI_1_Paclitaxel_A2_R14_z01_yellow_,143,B2AI_1_Paclitaxel_A2_R14_z01_yellow
,/Users/ashi/github/cm4ai_codefest2025/analysis/cell_crops/yellow/B2AI_1_Paclitaxel_A2_R14_z01_yellow_cell144.png,,,/Users/ashi/github/cm4ai_codefest2025/analysis/cell_crops,B2AI_1_Paclitaxel_A2_R14_z01_yellow_,144,B2AI_1_Paclitaxel_A2_R14_z01_yellow
,/Users/ashi/github/cm4ai_codefest2025/analysis/cell_crops/yellow/B2AI_1_Paclitaxel_A2_R14_z01_yellow_cell145.png,,,/Users/ashi/github/cm4ai_codefest2025/analysis/cell_crops,B2AI_1_Paclitaxel_A2_R14_z01_yellow_,145,B2AI_1_Paclitaxel_A2_R14_z01_yellow
,/Users/ashi/github/cm4ai_codefest2025/analysis/cell_crops/yellow/B2AI_1_Paclitaxel_A2_R14_z01_yellow_cell146.png,,,/Users/ashi/github/cm4ai_codefest2025/analysis/cell_crops,B2AI_1_Paclitaxel_A2_R14_z01_yellow_,146,B2AI_1_Paclitaxel_A2_R14_z01_yellow
,/Users/ashi/github/cm4ai_codefest2025/analysis/cell_crops/yellow/B2AI_1_Paclitaxel_A2_R14_z01_yellow_cell147.png,,,/Users/ashi/github/cm4ai_codefest2025/analysis/cell_crops,B2AI_1_Paclitaxel_A2_R14_z01_yellow_,147,B2AI_1_Paclitaxel_A2_R14_z01_yellow
,/Users/ashi/github/cm4ai_codefest2025/analysis/cell_crops/yellow/B2AI_1_Paclitaxel_A2_R14_z01_yellow_cell148.png,,,/Users/ashi/github/cm4ai_codefest2025/analysis/cell_crops,B2AI_1_Paclitaxel_A2_R14_z01_yellow_,148,B2AI_1_Paclitaxel_A2_R14_z01_yellow
,/Users/ashi/github/cm4ai_codefest2025/analysis/cell_crops/yellow/B2AI_1_Paclitaxel_A2_R14_z01_yellow_cell149.png,,,/Users/ashi/github/cm4ai_codefest2025/analysis/cell_crops,B2AI_1_Paclitaxel_A2_R14_z01_yellow_,149,B2AI_1_Paclitaxel_A2_R14_z01_yellow
,/Users/ashi/github/cm4ai_codefest2025/analysis/cell_crops/yellow/B2AI_1_Paclitaxel_A2_R14_z01_yellow_cell150.png,,,/Users/ashi/github/cm4ai_codefest2025/analysis/cell_crops,B2AI_1_Paclitaxel_A2_R14_z01_yellow_,150,B2AI_1_Paclitaxel_A2_R14_z01_yellow
,/Users/ashi/github/cm4ai_codefest2025/analysis/cell_crops/yellow/B2AI_1_Paclitaxel_A2_R14_z01_yellow_cell151.png,,,/Users/ashi/github/cm4ai_codefest2025/analysis/cell_crops,B2AI_1_Paclitaxel_A2_R14_z01_yellow_,151,B2AI_1_Paclitaxel_A2_R14_z01_yellow
,/Users/ashi/github/cm4ai_codefest2025/analysis/cell_crops/yellow/B2AI_1_Paclitaxel_A2_R14_z01_yellow_cell152.png,,,/Users/ashi/github/cm4ai_codefest2025/analysis/cell_crops,B2AI_1_Paclitaxel_A2_R14_z01_yellow_,152,B2AI_1_Paclitaxel_A2_R14_z01_yellow
,/Users/ashi/github/cm4ai_codefest2025/analysis/cell_crops/yellow/B2AI_1_Paclitaxel_A2_R14_z01_yellow_cell153.png,,,/Users/ashi/github/cm4ai_codefest2025/analysis/cell_crops,B2AI_1_Paclitaxel_A2_R14_z01_yellow_,153,B2AI_1_Paclitaxel_A2_R14_z01_yellow
,/Users/ashi/github/cm4ai_codefest2025/analysis/cell_crops/yellow/B2AI_1_Paclitaxel_A2_R14_z01_yellow_cell154.png,,,/Users/ashi/github/cm4ai_codefest2025/analysis/cell_crops,B2AI_1_Paclitaxel_A2_R14_z01_yellow_,154,B2AI_1_Paclitaxel_A2_R14_z01_yellow
,/Users/ashi/github/cm4ai_codefest2025/analysis/cell_crops/yellow/B2AI_1_Paclitaxel_A2_R14_z01_yellow_cell155.png,,,/Users/ashi/github/cm4ai_codefest2025/analysis/cell_crops,B2AI_1_Paclitaxel_A2_R14_z01_yellow_,155,B2AI_1_Paclitaxel_A2_R14_z01_yellow
,/Users/ashi/github/cm4ai_codefest2025/analysis/cell_crops/yellow/B2AI_1_Paclitaxel_A2_R14_z01_yellow_cell156.png,,,/Users/ashi/github/cm4ai_codefest2025/analysis/cell_crops,B2AI_1_Paclitaxel_A2_R14_z01_yellow_,156,B2AI_1_Paclitaxel_A2_R14_z01_yellow
,/Users/ashi/github/cm4ai_codefest2025/analysis/cell_crops/yellow/B2AI_1_Paclitaxel_A2_R14_z01_yellow_cell157.png,,,/Users/ashi/github/cm4ai_codefest2025/analysis/cell_crops,B2AI_1_Paclitaxel_A2_R14_z01_yellow_,157,B2AI_1_Paclitaxel_A2_R14_z01_yellow
,/Users/ashi/github/cm4ai_codefest2025/analysis/cell_crops/yellow/B2AI_1_Paclitaxel_A2_R14_z01_yellow_cell158.png,,,/Users/ashi/github/cm4ai_codefest2025/analysis/cell_crops,B2AI_1_Paclitaxel_A2_R14_z01_yellow_,158,B2AI_1_Paclitaxel_A2_R14_z01_yellow
,/Users/ashi/github/cm4ai_codefest2025/analysis/cell_crops/yellow/B2AI_1_Paclitaxel_A2_R14_z01_yellow_cell159.png,,,/Users/ashi/github/cm4ai_codefest2025/analysis/cell_crops,B2AI_1_Paclitaxel_A2_R14_z01_yellow_,159,B2AI_1_Paclitaxel_A2_R14_z01_yellow
,/Users/ashi/github/cm4ai_codefest2025/analysis/cell_crops/yellow/B2AI_1_Paclitaxel_A2_R14_z01_yellow_cell160.png,,,/Users/ashi/github/cm4ai_codefest2025/analysis/cell_crops,B2AI_1_Paclitaxel_A2_R14_z01_yellow_,160,B2AI_1_Paclitaxel_A2_R14_z01_yellow
,/Users/ashi/github/cm4ai_codefest2025/analysis/cell_crops/yellow/B2AI_1_Paclitaxel_A2_R14_z01_yellow_cell161.png,,,/Users/ashi/github/cm4ai_codefest2025/analysis/cell_crops,B2AI_1_Paclitaxel_A2_R14_z01_yellow_,161,B2AI_1_Paclitaxel_A2_R14_z01_yellow
,/Users/ashi/github/cm4ai_codefest2025/analysis/cell_crops/yellow/B2AI_1_Paclitaxel_A2_R14_z01_yellow_cell162.png,,,/Users/ashi/github/cm4ai_codefest2025/analysis/cell_crops,B2AI_1_Paclitaxel_A2_R14_z01_yellow_,162,B2AI_1_Paclitaxel_A2_R14_z01_yellow
,/Users/ashi/github/cm4ai_codefest2025/analysis/cell_crops/yellow/B2AI_1_Paclitaxel_A2_R14_z01_yellow_cell163.png,,,/Users/ashi/github/cm4ai_codefest2025/analysis/cell_crops,B2AI_1_Paclitaxel_A2_R14_z01_yellow_,163,B2AI_1_Paclitaxel_A2_R14_z01_yellow
,/Users/ashi/github/cm4ai_codefest2025/analysis/cell_crops/yellow/B2AI_1_Paclitaxel_A2_R14_z01_yellow_cell164.png,,,/Users/ashi/github/cm4ai_codefest2025/analysis/cell_crops,B2AI_1_Paclitaxel_A2_R14_z01_yellow_,164,B2AI_1_Paclitaxel_A2_R14_z01_yellow
,/Users/ashi/github/cm4ai_codefest2025/analysis/cell_crops/yellow/B2AI_1_Paclitaxel_A2_R14_z01_yellow_cell165.png,,,/Users/ashi/github/cm4ai_codefest2025/analysis/cell_crops,B2AI_1_Paclitaxel_A2_R14_z01_yellow_,165,B2AI_1_Paclitaxel_A2_R14_z01_yellow
,/Users/ashi/github/cm4ai_codefest2025/analysis/cell_crops/yellow/B2AI_1_Paclitaxel_A2_R14_z01_yellow_cell166.png,,,/Users/ashi/github/cm4ai_codefest2025/analysis/cell_crops,B2AI_1_Paclitaxel_A2_R14_z01_yellow_,166,B2AI_1_Paclitaxel_A2_R14_z01_yellow
,/Users/ashi/github/cm4ai_codefest2025/analysis/cell_crops/yellow/B2AI_1_Paclitaxel_A2_R14_z01_yellow_cell167.png,,,/Users/ashi/github/cm4ai_codefest2025/analysis/cell_crops,B2AI_1_Paclitaxel_A2_R14_z01_yellow_,167,B2AI_1_Paclitaxel_A2_R14_z01_yellow
,/Users/ashi/github/cm4ai_codefest2025/analysis/cell_crops/yellow/B2AI_1_Paclitaxel_A2_R14_z01_yellow_cell168.png,,,/Users/ashi/github/cm4ai_codefest2025/analysis/cell_crops,B2AI_1_Paclitaxel_A2_R14_z01_yellow_,168,B2AI_1_Paclitaxel_A2_R14_z01_yellow
,/Users/ashi/github/cm4ai_codefest2025/analysis/cell_crops/yellow/B2AI_1_Paclitaxel_A2_R14_z01_yellow_cell169.png,,,/Users/ashi/github/cm4ai_codefest2025/analysis/cell_crops,B2AI_1_Paclitaxel_A2_R14_z01_yellow_,169,B2AI_1_Paclitaxel_A2_R14_z01_yellow
,/Users/ashi/github/cm4ai_codefest2025/analysis/cell_crops/yellow/B2AI_1_Paclitaxel_A2_R14_z01_yellow_cell170.png,,,/Users/ashi/github/cm4ai_codefest2025/analysis/cell_crops,B2AI_1_Paclitaxel_A2_R14_z01_yellow_,170,B2AI_1_Paclitaxel_A2_R14_z01_yellow
,/Users/ashi/github/cm4ai_codefest2025/analysis/cell_crops/yellow/B2AI_1_Paclitaxel_A2_R14_z01_yellow_cell171.png,,,/Users/ashi/github/cm4ai_codefest2025/analysis/cell_crops,B2AI_1_Paclitaxel_A2_R14_z01_yellow_,171,B2AI_1_Paclitaxel_A2_R14_z01_yellow
,/Users/ashi/github/cm4ai_codefest2025/analysis/cell_crops/yellow/B2AI_1_Paclitaxel_A2_R14_z01_yellow_cell172.png,,,/Users/ashi/github/cm4ai_codefest2025/analysis/cell_crops,B2AI_1_Paclitaxel_A2_R14_z01_yellow_,172,B2AI_1_Paclitaxel_A2_R14_z01_yellow
,/Users/ashi/github/cm4ai_codefest2025/analysis/cell_crops/yellow/B2AI_1_Paclitaxel_A2_R14_z01_yellow_cell173.png,,,/Users/ashi/github/cm4ai_codefest2025/analysis/cell_crops,B2AI_1_Paclitaxel_A2_R14_z01_yellow_,173,B2AI_1_Paclitaxel_A2_R14_z01_yellow
,/Users/ashi/github/cm4ai_codefest2025/analysis/cell_crops/yellow/B2AI_1_Paclitaxel_A2_R14_z01_yellow_cell174.png,,,/Users/ashi/github/cm4ai_codefest2025/analysis/cell_crops,B2AI_1_Paclitaxel_A2_R14_z01_yellow_,174,B2AI_1_Paclitaxel_A2_R14_z01_yellow
,/Users/ashi/github/cm4ai_codefest2025/analysis/cell_crops/yellow/B2AI_1_Paclitaxel_A2_R14_z01_yellow_cell175.png,,,/Users/ashi/github/cm4ai_codefest2025/analysis/cell_crops,B2AI_1_Paclitaxel_A2_R14_z01_yellow_,175,B2AI_1_Paclitaxel_A2_R14_z01_yellow
,/Users/ashi/github/cm4ai_codefest2025/analysis/cell_crops/yellow/B2AI_1_Paclitaxel_A2_R14_z01_yellow_cell176.png,,,/Users/ashi/github/cm4ai_codefest2025/analysis/cell_crops,B2AI_1_Paclitaxel_A2_R14_z01_yellow_,176,B2AI_1_Paclitaxel_A2_R14_z01_yellow
,/Users/ashi/github/cm4ai_codefest2025/analysis/cell_crops/yellow/B2AI_1_Paclitaxel_A2_R14_z01_yellow_cell177.png,,,/Users/ashi/github/cm4ai_codefest2025/analysis/cell_crops,B2AI_1_Paclitaxel_A2_R14_z01_yellow_,177,B2AI_1_Paclitaxel_A2_R14_z01_yellow
,/Users/ashi/github/cm4ai_codefest2025/analysis/cell_crops/yellow/B2AI_1_Paclitaxel_A2_R14_z01_yellow_cell178.png,,,/Users/ashi/github/cm4ai_codefest2025/analysis/cell_crops,B2AI_1_Paclitaxel_A2_R14_z01_yellow_,178,B2AI_1_Paclitaxel_A2_R14_z01_yellow
,/Users/ashi/github/cm4ai_codefest2025/analysis/cell_crops/yellow/B2AI_1_Paclitaxel_A2_R14_z01_yellow_cell179.png,,,/Users/ashi/github/cm4ai_codefest2025/analysis/cell_crops,B2AI_1_Paclitaxel_A2_R14_z01_yellow_,179,B2AI_1_Paclitaxel_A2_R14_z01_yellow
,/Users/ashi/github/cm4ai_codefest2025/analysis/cell_crops/yellow/B2AI_1_Paclitaxel_A2_R14_z01_yellow_cell180.png,,,/Users/ashi/github/cm4ai_codefest2025/analysis/cell_crops,B2AI_1_Paclitaxel_A2_R14_z01_yellow_,180,B2AI_1_Paclitaxel_A2_R14_z01_yellow
,/Users/ashi/github/cm4ai_codefest2025/analysis/cell_crops/yellow/B2AI_1_Paclitaxel_A2_R14_z01_yellow_cell181.png,,,/Users/ashi/github/cm4ai_codefest2025/analysis/cell_crops,B2AI_1_Paclitaxel_A2_R14_z01_yellow_,181,B2AI_1_Paclitaxel_A2_R14_z01_yellow
,/Users/ashi/github/cm4ai_codefest2025/analysis/cell_crops/yellow/B2AI_1_Paclitaxel_A2_R14_z01_yellow_cell182.png,,,/Users/ashi/github/cm4ai_codefest2025/analysis/cell_crops,B2AI_1_Paclitaxel_A2_R14_z01_yellow_,182,B2AI_1_Paclitaxel_A2_R14_z01_yellow
,/Users/ashi/github/cm4ai_codefest2025/analysis/cell_crops/yellow/B2AI_1_Paclitaxel_A2_R14_z01_yellow_cell183.png,,,/Users/ashi/github/cm4ai_codefest2025/analysis/cell_crops,B2AI_1_Paclitaxel_A2_R14_z01_yellow_,183,B2AI_1_Paclitaxel_A2_R14_z01_yellow
,/Users/ashi/github/cm4ai_codefest2025/analysis/cell_crops/yellow/B2AI_1_Paclitaxel_A2_R14_z01_yellow_cell184.png,,,/Users/ashi/github/cm4ai_codefest2025/analysis/cell_crops,B2AI_1_Paclitaxel_A2_R14_z01_yellow_,184,B2AI_1_Paclitaxel_A2_R14_z01_yellow
,/Users/ashi/github/cm4ai_codefest2025/analysis/cell_crops/yellow/B2AI_1_Paclitaxel_A2_R14_z01_yellow_cell185.png,,,/Users/ashi/github/cm4ai_codefest2025/analysis/cell_crops,B2AI_1_Paclitaxel_A2_R14_z01_yellow_,185,B2AI_1_Paclitaxel_A2_R14_z01_yellow
,/Users/ashi/github/cm4ai_codefest2025/analysis/cell_crops/yellow/B2AI_1_Paclitaxel_A2_R14_z01_yellow_cell186.png,,,/Users/ashi/github/cm4ai_codefest2025/analysis/cell_crops,B2AI_1_Paclitaxel_A2_R14_z01_yellow_,186,B2AI_1_Paclitaxel_A2_R14_z01_yellow
,/Users/ashi/github/cm4ai_codefest2025/analysis/cell_crops/yellow/B2AI_1_Paclitaxel_A2_R14_z01_yellow_cell187.png,,,/Users/ashi/github/cm4ai_codefest2025/analysis/cell_crops,B2AI_1_Paclitaxel_A2_R14_z01_yellow_,187,B2AI_1_Paclitaxel_A2_R14_z01_yellow
,/Users/ashi/github/cm4ai_codefest2025/analysis/cell_crops/yellow/B2AI_1_Paclitaxel_A2_R14_z01_yellow_cell188.png,,,/Users/ashi/github/cm4ai_codefest2025/analysis/cell_crops,B2AI_1_Paclitaxel_A2_R14_z01_yellow_,188,B2AI_1_Paclitaxel_A2_R14_z01_yellow
,/Users/ashi/github/cm4ai_codefest2025/analysis/cell_crops/yellow/B2AI_1_Paclitaxel_A2_R14_z01_yellow_cell189.png,,,/Users/ashi/github/cm4ai_codefest2025/analysis/cell_crops,B2AI_1_Paclitaxel_A2_R14_z01_yellow_,189,B2AI_1_Paclitaxel_A2_R14_z01_yellow
,/Users/ashi/github/cm4ai_codefest2025/analysis/cell_crops/yellow/B2AI_1_Paclitaxel_A2_R14_z01_yellow_cell190.png,,,/Users/ashi/github/cm4ai_codefest2025/analysis/cell_crops,B2AI_1_Paclitaxel_A2_R14_z01_yellow_,190,B2AI_1_Paclitaxel_A2_R14_z01_yellow
,/Users/ashi/github/cm4ai_codefest2025/analysis/cell_crops/yellow/B2AI_1_Paclitaxel_A2_R14_z01_yellow_cell191.png,,,/Users/ashi/github/cm4ai_codefest2025/analysis/cell_crops,B2AI_1_Paclitaxel_A2_R14_z01_yellow_,191,B2AI_1_Paclitaxel_A2_R14_z01_yellow
,/Users/ashi/github/cm4ai_codefest2025/analysis/cell_crops/yellow/B2AI_1_Paclitaxel_A2_R14_z01_yellow_cell192.png,,,/Users/ashi/github/cm4ai_codefest2025/analysis/cell_crops,B2AI_1_Paclitaxel_A2_R14_z01_yellow_,192,B2AI_1_Paclitaxel_A2_R14_z01_yellow
,/Users/ashi/github/cm4ai_codefest2025/analysis/cell_crops/yellow/B2AI_1_Paclitaxel_A2_R14_z01_yellow_cell193.png,,,/Users/ashi/github/cm4ai_codefest2025/analysis/cell_crops,B2AI_1_Paclitaxel_A2_R14_z01_yellow_,193,B2AI_1_Paclitaxel_A2_R14_z01_yellow
,/Users/ashi/github/cm4ai_codefest2025/analysis/cell_crops/yellow/B2AI_1_Paclitaxel_A2_R14_z01_yellow_cell194.png,,,/Users/ashi/github/cm4ai_codefest2025/analysis/cell_crops,B2AI_1_Paclitaxel_A2_R14_z01_yellow_,194,B2AI_1_Paclitaxel_A2_R14_z01_yellow
,/Users/ashi/github/cm4ai_codefest2025/analysis/cell_crops/yellow/B2AI_1_Paclitaxel_A2_R14_z01_yellow_cell195.png,,,/Users/ashi/github/cm4ai_codefest2025/analysis/cell_crops,B2AI_1_Paclitaxel_A2_R14_z01_yellow_,195,B2AI_1_Paclitaxel_A2_R14_z01_yellow
,/Users/ashi/github/cm4ai_codefest2025/analysis/cell_crops/yellow/B2AI_1_Paclitaxel_A2_R14_z01_yellow_cell196.png,,,/Users/ashi/github/cm4ai_codefest2025/analysis/cell_crops,B2AI_1_Paclitaxel_A2_R14_z01_yellow_,196,B2AI_1_Paclitaxel_A2_R14_z01_yellow
,/Users/ashi/github/cm4ai_codefest2025/analysis/cell_crops/yellow/B2AI_1_Paclitaxel_A2_R14_z01_yellow_cell197.png,,,/Users/ashi/github/cm4ai_codefest2025/analysis/cell_crops,B2AI_1_Paclitaxel_A2_R14_z01_yellow_,197,B2AI_1_Paclitaxel_A2_R14_z01_yellow
,/Users/ashi/github/cm4ai_codefest2025/analysis/cell_crops/yellow/B2AI_1_Paclitaxel_A2_R14_z01_yellow_cell198.png,,,/Users/ashi/github/cm4ai_codefest2025/analysis/cell_crops,B2AI_1_Paclitaxel_A2_R14_z01_yellow_,198,B2AI_1_Paclitaxel_A2_R14_z01_yellow
,/Users/ashi/github/cm4ai_codefest2025/analysis/cell_crops/yellow/B2AI_1_Paclitaxel_A2_R14_z01_yellow_cell199.png,,,/Users/ashi/github/cm4ai_codefest2025/analysis/cell_crops,B2AI_1_Paclitaxel_A2_R14_z01_yellow_,199,B2AI_1_Paclitaxel_A2_R14_z01_yellow
,/Users/ashi/github/cm4ai_codefest2025/analysis/cell_crops/yellow/B2AI_1_Paclitaxel_A2_R14_z01_yellow_cell200.png,,,/Users/ashi/github/cm4ai_codefest2025/analysis/cell_crops,B2AI_1_Paclitaxel_A2_R14_z01_yellow_,200,B2AI_1_Paclitaxel_A2_R14_z01_yellow
,/Users/ashi/github/cm4ai_codefest2025/analysis/cell_crops/yellow/B2AI_1_Paclitaxel_A2_R14_z01_yellow_cell201.png,,,/Users/ashi/github/cm4ai_codefest2025/analysis/cell_crops,B2AI_1_Paclitaxel_A2_R14_z01_yellow_,201,B2AI_1_Paclitaxel_A2_R14_z01_yellow
,/Users/ashi/github/cm4ai_codefest2025/analysis/cell_crops/yellow/B2AI_1_Paclitaxel_A2_R14_z01_yellow_cell202.png,,,/Users/ashi/github/cm4ai_codefest2025/analysis/cell_crops,B2AI_1_Paclitaxel_A2_R14_z01_yellow_,202,B2AI_1_Paclitaxel_A2_R14_z01_yellow
,/Users/ashi/github/cm4ai_codefest2025/analysis/cell_crops/yellow/B2AI_1_Paclitaxel_A2_R14_z01_yellow_cell203.png,,,/Users/ashi/github/cm4ai_codefest2025/analysis/cell_crops,B2AI_1_Paclitaxel_A2_R14_z01_yellow_,203,B2AI_1_Paclitaxel_A2_R14_z01_yellow
,/Users/ashi/github/cm4ai_codefest2025/analysis/cell_crops/yellow/B2AI_1_Paclitaxel_A2_R14_z01_yellow_cell204.png,,,/Users/ashi/github/cm4ai_codefest2025/analysis/cell_crops,B2AI_1_Paclitaxel_A2_R14_z01_yellow_,204,B2AI_1_Paclitaxel_A2_R14_z01_yellow
,/Users/ashi/github/cm4ai_codefest2025/analysis/cell_crops/yellow/B2AI_1_Paclitaxel_A2_R14_z01_yellow_cell205.png,,,/Users/ashi/github/cm4ai_codefest2025/analysis/cell_crops,B2AI_1_Paclitaxel_A2_R14_z01_yellow_,205,B2AI_1_Paclitaxel_A2_R14_z01_yellow
,/Users/ashi/github/cm4ai_codefest2025/analysis/cell_crops/yellow/B2AI_1_Paclitaxel_A2_R14_z01_yellow_cell206.png,,,/Users/ashi/github/cm4ai_codefest2025/analysis/cell_crops,B2AI_1_Paclitaxel_A2_R14_z01_yellow_,206,B2AI_1_Paclitaxel_A2_R14_z01_yellow
,/Users/ashi/github/cm4ai_codefest2025/analysis/cell_crops/yellow/B2AI_1_Paclitaxel_A2_R14_z01_yellow_cell207.png,,,/Users/ashi/github/cm4ai_codefest2025/analysis/cell_crops,B2AI_1_Paclitaxel_A2_R14_z01_yellow_,207,B2AI_1_Paclitaxel_A2_R14_z01_yellow
,/Users/ashi/github/cm4ai_codefest2025/analysis/cell_crops/yellow/B2AI_1_Paclitaxel_A2_R14_z01_yellow_cell208.png,,,/Users/ashi/github/cm4ai_codefest2025/analysis/cell_crops,B2AI_1_Paclitaxel_A2_R14_z01_yellow_,208,B2AI_1_Paclitaxel_A2_R14_z01_yellow
,/Users/ashi/github/cm4ai_codefest2025/analysis/cell_crops/yellow/B2AI_1_Paclitaxel_A2_R14_z01_yellow_cell209.png,,,/Users/ashi/github/cm4ai_codefest2025/analysis/cell_crops,B2AI_1_Paclitaxel_A2_R14_z01_yellow_,209,B2AI_1_Paclitaxel_A2_R14_z01_yellow
,/Users/ashi/github/cm4ai_codefest2025/analysis/cell_crops/yellow/B2AI_1_Paclitaxel_A2_R14_z01_yellow_cell210.png,,,/Users/ashi/github/cm4ai_codefest2025/analysis/cell_crops,B2AI_1_Paclitaxel_A2_R14_z01_yellow_,210,B2AI_1_Paclitaxel_A2_R14_z01_yellow
,/Users/ashi/github/cm4ai_codefest2025/analysis/cell_crops/yellow/B2AI_1_Paclitaxel_A2_R14_z01_yellow_cell211.png,,,/Users/ashi/github/cm4ai_codefest2025/analysis/cell_crops,B2AI_1_Paclitaxel_A2_R14_z01_yellow_,211,B2AI_1_Paclitaxel_A2_R14_z01_yellow
,/Users/ashi/github/cm4ai_codefest2025/analysis/cell_crops/yellow/B2AI_1_Paclitaxel_A2_R14_z01_yellow_cell212.png,,,/Users/ashi/github/cm4ai_codefest2025/analysis/cell_crops,B2AI_1_Paclitaxel_A2_R14_z01_yellow_,212,B2AI_1_Paclitaxel_A2_R14_z01_yellow
,/Users/ashi/github/cm4ai_codefest2025/analysis/cell_crops/yellow/B2AI_1_Paclitaxel_A2_R14_z01_yellow_cell213.png,,,/Users/ashi/github/cm4ai_codefest2025/analysis/cell_crops,B2AI_1_Paclitaxel_A2_R14_z01_yellow_,213,B2AI_1_Paclitaxel_A2_R14_z01_yellow
,/Users/ashi/github/cm4ai_codefest2025/analysis/cell_crops/yellow/B2AI_1_Paclitaxel_A2_R14_z01_yellow_cell214.png,,,/Users/ashi/github/cm4ai_codefest2025/analysis/cell_crops,B2AI_1_Paclitaxel_A2_R14_z01_yellow_,214,B2AI_1_Paclitaxel_A2_R14_z01_yellow
,/Users/ashi/github/cm4ai_codefest2025/analysis/cell_crops/yellow/B2AI_1_Paclitaxel_A2_R14_z01_yellow_cell215.png,,,/Users/ashi/github/cm4ai_codefest2025/analysis/cell_crops,B2AI_1_Paclitaxel_A2_R14_z01_yellow_,215,B2AI_1_Paclitaxel_A2_R14_z01_yellow
,/Users/ashi/github/cm4ai_codefest2025/analysis/cell_crops/yellow/B2AI_1_Paclitaxel_A2_R14_z01_yellow_cell216.png,,,/Users/ashi/github/cm4ai_codefest2025/analysis/cell_crops,B2AI_1_Paclitaxel_A2_R14_z01_yellow_,216,B2AI_1_Paclitaxel_A2_R14_z01_yellow
,/Users/ashi/github/cm4ai_codefest2025/analysis/cell_crops/yellow/B2AI_1_Paclitaxel_A2_R14_z01_yellow_cell217.png,,,/Users/ashi/github/cm4ai_codefest2025/analysis/cell_crops,B2AI_1_Paclitaxel_A2_R14_z01_yellow_,217,B2AI_1_Paclitaxel_A2_R14_z01_yellow
,/Users/ashi/github/cm4ai_codefest2025/analysis/cell_crops/yellow/B2AI_1_Paclitaxel_A2_R14_z01_yellow_cell218.png,,,/Users/ashi/github/cm4ai_codefest2025/analysis/cell_crops,B2AI_1_Paclitaxel_A2_R14_z01_yellow_,218,B2AI_1_Paclitaxel_A2_R14_z01_yellow
,/Users/ashi/github/cm4ai_codefest2025/analysis/cell_crops/yellow/B2AI_1_Paclitaxel_A2_R14_z01_yellow_cell219.png,,,/Users/ashi/github/cm4ai_codefest2025/analysis/cell_crops,B2AI_1_Paclitaxel_A2_R14_z01_yellow_,219,B2AI_1_Paclitaxel_A2_R14_z01_yellow
,/Users/ashi/github/cm4ai_codefest2025/analysis/cell_crops/yellow/B2AI_1_Paclitaxel_A2_R14_z01_yellow_cell220.png,,,/Users/ashi/github/cm4ai_codefest2025/analysis/cell_crops,B2AI_1_Paclitaxel_A2_R14_z01_yellow_,220,B2AI_1_Paclitaxel_A2_R14_z01_yellow
,/Users/ashi/github/cm4ai_codefest2025/analysis/cell_crops/yellow/B2AI_1_Paclitaxel_A2_R14_z01_yellow_cell221.png,,,/Users/ashi/github/cm4ai_codefest2025/analysis/cell_crops,B2AI_1_Paclitaxel_A2_R14_z01_yellow_,221,B2AI_1_Paclitaxel_A2_R14_z01_yellow
,/Users/ashi/github/cm4ai_codefest2025/analysis/cell_crops/yellow/B2AI_1_Paclitaxel_A2_R14_z01_yellow_cell222.png,,,/Users/ashi/github/cm4ai_codefest2025/analysis/cell_crops,B2AI_1_Paclitaxel_A2_R14_z01_yellow_,222,B2AI_1_Paclitaxel_A2_R14_z01_yellow
,/Users/ashi/github/cm4ai_codefest2025/analysis/cell_crops/yellow/B2AI_1_Paclitaxel_A2_R14_z01_yellow_cell223.png,,,/Users/ashi/github/cm4ai_codefest2025/analysis/cell_crops,B2AI_1_Paclitaxel_A2_R14_z01_yellow_,223,B2AI_1_Paclitaxel_A2_R14_z01_yellow
,/Users/ashi/github/cm4ai_codefest2025/analysis/cell_crops/yellow/B2AI_1_Paclitaxel_A2_R14_z01_yellow_cell224.png,,,/Users/ashi/github/cm4ai_codefest2025/analysis/cell_crops,B2AI_1_Paclitaxel_A2_R14_z01_yellow_,224,B2AI_1_Paclitaxel_A2_R14_z01_yellow
,/Users/ashi/github/cm4ai_codefest2025/analysis/cell_crops/yellow/B2AI_1_Paclitaxel_A2_R14_z01_yellow_cell225.png,,,/Users/ashi/github/cm4ai_codefest2025/analysis/cell_crops,B2AI_1_Paclitaxel_A2_R14_z01_yellow_,225,B2AI_1_Paclitaxel_A2_R14_z01_yellow
,/Users/ashi/github/cm4ai_codefest2025/analysis/cell_crops/yellow/B2AI_1_Paclitaxel_A2_R14_z01_yellow_cell226.png,,,/Users/ashi/github/cm4ai_codefest2025/analysis/cell_crops,B2AI_1_Paclitaxel_A2_R14_z01_yellow_,226,B2AI_1_Paclitaxel_A2_R14_z01_yellow
,/Users/ashi/github/cm4ai_codefest2025/analysis/cell_crops/yellow/B2AI_1_Paclitaxel_A2_R14_z01_yellow_cell227.png,,,/Users/ashi/github/cm4ai_codefest2025/analysis/cell_crops,B2AI_1_Paclitaxel_A2_R14_z01_yellow_,227,B2AI_1_Paclitaxel_A2_R14_z01_yellow
,/Users/ashi/github/cm4ai_codefest2025/analysis/cell_crops/yellow/B2AI_1_Paclitaxel_A2_R14_z01_yellow_cell228.png,,,/Users/ashi/github/cm4ai_codefest2025/analysis/cell_crops,B2AI_1_Paclitaxel_A2_R14_z01_yellow_,228,B2AI_1_Paclitaxel_A2_R14_z01_yellow
,/Users/ashi/github/cm4ai_codefest2025/analysis/cell_crops/yellow/B2AI_1_Paclitaxel_A2_R14_z01_yellow_cell229.png,,,/Users/ashi/github/cm4ai_codefest2025/analysis/cell_crops,B2AI_1_Paclitaxel_A2_R14_z01_yellow_,229,B2AI_1_Paclitaxel_A2_R14_z01_yellow
,/Users/ashi/github/cm4ai_codefest2025/analysis/cell_crops/yellow/B2AI_1_Paclitaxel_A2_R14_z01_yellow_cell230.png,,,/Users/ashi/github/cm4ai_codefest2025/analysis/cell_crops,B2AI_1_Paclitaxel_A2_R14_z01_yellow_,230,B2AI_1_Paclitaxel_A2_R14_z01_yellow
,/Users/ashi/github/cm4ai_codefest2025/analysis/cell_crops/yellow/B2AI_1_Paclitaxel_A2_R14_z01_yellow_cell231.png,,,/Users/ashi/github/cm4ai_codefest2025/analysis/cell_crops,B2AI_1_Paclitaxel_A2_R14_z01_yellow_,231,B2AI_1_Paclitaxel_A2_R14_z01_yellow
,/Users/ashi/github/cm4ai_codefest2025/analysis/cell_crops/yellow/B2AI_1_Paclitaxel_A2_R14_z01_yellow_cell232.png,,,/Users/ashi/github/cm4ai_codefest2025/analysis/cell_crops,B2AI_1_Paclitaxel_A2_R14_z01_yellow_,232,B2AI_1_Paclitaxel_A2_R14_z01_yellow
,/Users/ashi/github/cm4ai_codefest2025/analysis/cell_crops/yellow/B2AI_1_Paclitaxel_A2_R14_z01_yellow_cell233.png,,,/Users/ashi/github/cm4ai_codefest2025/analysis/cell_crops,B2AI_1_Paclitaxel_A2_R14_z01_yellow_,233,B2AI_1_Paclitaxel_A2_R14_z01_yellow
,/Users/ashi/github/cm4ai_codefest2025/analysis/cell_crops/yellow/B2AI_1_Paclitaxel_A2_R14_z01_yellow_cell234.png,,,/Users/ashi/github/cm4ai_codefest2025/analysis/cell_crops,B2AI_1_Paclitaxel_A2_R14_z01_yellow_,234,B2AI_1_Paclitaxel_A2_R14_z01_yellow
,/Users/ashi/github/cm4ai_codefest2025/analysis/cell_crops/yellow/B2AI_1_Paclitaxel_A2_R14_z01_yellow_cell235.png,,,/Users/ashi/github/cm4ai_codefest2025/analysis/cell_crops,B2AI_1_Paclitaxel_A2_R14_z01_yellow_,235,B2AI_1_Paclitaxel_A2_R14_z01_yellow
,/Users/ashi/github/cm4ai_codefest2025/analysis/cell_crops/yellow/B2AI_1_Paclitaxel_A2_R14_z01_yellow_cell236.png,,,/Users/ashi/github/cm4ai_codefest2025/analysis/cell_crops,B2AI_1_Paclitaxel_A2_R14_z01_yellow_,236,B2AI_1_Paclitaxel_A2_R14_z01_yellow
,/Users/ashi/github/cm4ai_codefest2025/analysis/cell_crops/yellow/B2AI_1_Paclitaxel_A2_R14_z01_yellow_cell237.png,,,/Users/ashi/github/cm4ai_codefest2025/analysis/cell_crops,B2AI_1_Paclitaxel_A2_R14_z01_yellow_,237,B2AI_1_Paclitaxel_A2_R14_z01_yellow
,/Users/ashi/github/cm4ai_codefest2025/analysis/cell_crops/yellow/B2AI_1_Paclitaxel_A2_R14_z01_yellow_cell238.png,,,/Users/ashi/github/cm4ai_codefest2025/analysis/cell_crops,B2AI_1_Paclitaxel_A2_R14_z01_yellow_,238,B2AI_1_Paclitaxel_A2_R14_z01_yellow
,/Users/ashi/github/cm4ai_codefest2025/analysis/cell_crops/yellow/B2AI_1_Paclitaxel_A2_R14_z01_yellow_cell239.png,,,/Users/ashi/github/cm4ai_codefest2025/analysis/cell_crops,B2AI_1_Paclitaxel_A2_R14_z01_yellow_,239,B2AI_1_Paclitaxel_A2_R14_z01_yellow
,/Users/ashi/github/cm4ai_codefest2025/analysis/cell_crops/yellow/B2AI_1_Paclitaxel_A2_R14_z01_yellow_cell240.png,,,/Users/ashi/github/cm4ai_codefest2025/analysis/cell_crops,B2AI_1_Paclitaxel_A2_R14_z01_yellow_,240,B2AI_1_Paclitaxel_A2_R14_z01_yellow
,/Users/ashi/github/cm4ai_codefest2025/analysis/cell_crops/yellow/B2AI_1_Paclitaxel_A2_R14_z01_yellow_cell241.png,,,/Users/ashi/github/cm4ai_codefest2025/analysis/cell_crops,B2AI_1_Paclitaxel_A2_R14_z01_yellow_,241,B2AI_1_Paclitaxel_A2_R14_z01_yellow
,/Users/ashi/github/cm4ai_codefest2025/analysis/cell_crops/yellow/B2AI_1_Paclitaxel_A2_R14_z01_yellow_cell242.png,,,/Users/ashi/github/cm4ai_codefest2025/analysis/cell_crops,B2AI_1_Paclitaxel_A2_R14_z01_yellow_,242,B2AI_1_Paclitaxel_A2_R14_z01_yellow
,/Users/ashi/github/cm4ai_codefest2025/analysis/cell_crops/yellow/B2AI_1_Paclitaxel_A2_R14_z01_yellow_cell243.png,,,/Users/ashi/github/cm4ai_codefest2025/analysis/cell_crops,B2AI_1_Paclitaxel_A2_R14_z01_yellow_,243,B2AI_1_Paclitaxel_A2_R14_z01_yellow
,/Users/ashi/github/cm4ai_codefest2025/analysis/cell_crops/yellow/B2AI_1_Paclitaxel_A2_R14_z01_yellow_cell244.png,,,/Users/ashi/github/cm4ai_codefest2025/analysis/cell_crops,B2AI_1_Paclitaxel_A2_R14_z01_yellow_,244,B2AI_1_Paclitaxel_A2_R14_z01_yellow
,/Users/ashi/github/cm4ai_codefest2025/analysis/cell_crops/yellow/B2AI_1_Paclitaxel_A2_R14_z01_yellow_cell245.png,,,/Users/ashi/github/cm4ai_codefest2025/analysis/cell_crops,B2AI_1_Paclitaxel_A2_R14_z01_yellow_,245,B2AI_1_Paclitaxel_A2_R14_z01_yellow
,/Users/ashi/github/cm4ai_codefest2025/analysis/cell_crops/yellow/B2AI_1_Paclitaxel_A2_R14_z01_yellow_cell246.png,,,/Users/ashi/github/cm4ai_codefest2025/analysis/cell_crops,B2AI_1_Paclitaxel_A2_R14_z01_yellow_,246,B2AI_1_Paclitaxel_A2_R14_z01_yellow
,/Users/ashi/github/cm4ai_codefest2025/analysis/cell_crops/yellow/B2AI_1_Paclitaxel_A2_R14_z01_yellow_cell247.png,,,/Users/ashi/github/cm4ai_codefest2025/analysis/cell_crops,B2AI_1_Paclitaxel_A2_R14_z01_yellow_,247,B2AI_1_Paclitaxel_A2_R14_z01_yellow
,/Users/ashi/github/cm4ai_codefest2025/analysis/cell_crops/yellow/B2AI_1_Paclitaxel_A2_R14_z01_yellow_cell248.png,,,/Users/ashi/github/cm4ai_codefest2025/analysis/cell_crops,B2AI_1_Paclitaxel_A2_R14_z01_yellow_,248,B2AI_1_Paclitaxel_A2_R14_z01_yellow
,/Users/ashi/github/cm4ai_codefest2025/analysis/cell_crops/yellow/B2AI_1_Paclitaxel_A2_R14_z01_yellow_cell249.png,,,/Users/ashi/github/cm4ai_codefest2025/analysis/cell_crops,B2AI_1_Paclitaxel_A2_R14_z01_yellow_,249,B2AI_1_Paclitaxel_A2_R14_z01_yellow
,/Users/ashi/github/cm4ai_codefest2025/analysis/cell_crops/yellow/B2AI_1_Paclitaxel_A2_R14_z01_yellow_cell250.png,,,/Users/ashi/github/cm4ai_codefest2025/analysis/cell_crops,B2AI_1_Paclitaxel_A2_R14_z01_yellow_,250,B2AI_1_Paclitaxel_A2_R14_z01_yellow
,/Users/ashi/github/cm4ai_codefest2025/analysis/cell_crops/yellow/B2AI_1_Paclitaxel_A2_R14_z01_yellow_cell251.png,,,/Users/ashi/github/cm4ai_codefest2025/analysis/cell_crops,B2AI_1_Paclitaxel_A2_R14_z01_yellow_,251,B2AI_1_Paclitaxel_A2_R14_z01_yellow
,/Users/ashi/github/cm4ai_codefest2025/analysis/cell_crops/yellow/B2AI_1_Paclitaxel_A2_R14_z01_yellow_cell252.png,,,/Users/ashi/github/cm4ai_codefest2025/analysis/cell_crops,B2AI_1_Paclitaxel_A2_R14_z01_yellow_,252,B2AI_1_Paclitaxel_A2_R14_z01_yellow
,/Users/ashi/github/cm4ai_codefest2025/analysis/cell_crops/yellow/B2AI_1_Paclitaxel_A2_R14_z01_yellow_cell253.png,,,/Users/ashi/github/cm4ai_codefest2025/analysis/cell_crops,B2AI_1_Paclitaxel_A2_R14_z01_yellow_,253,B2AI_1_Paclitaxel_A2_R14_z01_yellow
,/Users/ashi/github/cm4ai_codefest2025/analysis/cell_crops/yellow/B2AI_1_Paclitaxel_A2_R14_z01_yellow_cell254.png,,,/Users/ashi/github/cm4ai_codefest2025/analysis/cell_crops,B2AI_1_Paclitaxel_A2_R14_z01_yellow_,254,B2AI_1_Paclitaxel_A2_R14_z01_yellow
,/Users/ashi/github/cm4ai_codefest2025/analysis/cell_crops/yellow/B2AI_1_Paclitaxel_A2_R14_z01_yellow_cell255.png,,,/Users/ashi/github/cm4ai_codefest2025/analysis/cell_crops,B2AI_1_Paclitaxel_A2_R14_z01_yellow_,255,B2AI_1_Paclitaxel_A2_R14_z01_yellow
,/Users/ashi/github/cm4ai_codefest2025/analysis/cell_crops/yellow/B2AI_1_Paclitaxel_A2_R14_z01_yellow_cell256.png,,,/Users/ashi/github/cm4ai_codefest2025/analysis/cell_crops,B2AI_1_Paclitaxel_A2_R14_z01_yellow_,256,B2AI_1_Paclitaxel_A2_R14_z01_yellow
,/Users/ashi/github/cm4ai_codefest2025/analysis/cell_crops/yellow/B2AI_1_Paclitaxel_A2_R17_z01_yellow_cell1.png,,,/Users/ashi/github/cm4ai_codefest2025/analysis/cell_crops,B2AI_1_Paclitaxel_A2_R17_z01_yellow_,1,B2AI_1_Paclitaxel_A2_R17_z01_yellow
,/Users/ashi/github/cm4ai_codefest2025/analysis/cell_crops/yellow/B2AI_1_Paclitaxel_A2_R17_z01_yellow_cell2.png,,,/Users/ashi/github/cm4ai_codefest2025/analysis/cell_crops,B2AI_1_Paclitaxel_A2_R17_z01_yellow_,2,B2AI_1_Paclitaxel_A2_R17_z01_yellow
,/Users/ashi/github/cm4ai_codefest2025/analysis/cell_crops/yellow/B2AI_1_Paclitaxel_A2_R17_z01_yellow_cell3.png,,,/Users/ashi/github/cm4ai_codefest2025/analysis/cell_crops,B2AI_1_Paclitaxel_A2_R17_z01_yellow_,3,B2AI_1_Paclitaxel_A2_R17_z01_yellow
,/Users/ashi/github/cm4ai_codefest2025/analysis/cell_crops/yellow/B2AI_1_Paclitaxel_A2_R17_z01_yellow_cell4.png,,,/Users/ashi/github/cm4ai_codefest2025/analysis/cell_crops,B2AI_1_Paclitaxel_A2_R17_z01_yellow_,4,B2AI_1_Paclitaxel_A2_R17_z01_yellow
,/Users/ashi/github/cm4ai_codefest2025/analysis/cell_crops/yellow/B2AI_1_Paclitaxel_A2_R17_z01_yellow_cell5.png,,,/Users/ashi/github/cm4ai_codefest2025/analysis/cell_crops,B2AI_1_Paclitaxel_A2_R17_z01_yellow_,5,B2AI_1_Paclitaxel_A2_R17_z01_yellow
,/Users/ashi/github/cm4ai_codefest2025/analysis/cell_crops/yellow/B2AI_1_Paclitaxel_A2_R17_z01_yellow_cell6.png,,,/Users/ashi/github/cm4ai_codefest2025/analysis/cell_crops,B2AI_1_Paclitaxel_A2_R17_z01_yellow_,6,B2AI_1_Paclitaxel_A2_R17_z01_yellow
,/Users/ashi/github/cm4ai_codefest2025/analysis/cell_crops/yellow/B2AI_1_Paclitaxel_A2_R17_z01_yellow_cell7.png,,,/Users/ashi/github/cm4ai_codefest2025/analysis/cell_crops,B2AI_1_Paclitaxel_A2_R17_z01_yellow_,7,B2AI_1_Paclitaxel_A2_R17_z01_yellow
,/Users/ashi/github/cm4ai_codefest2025/analysis/cell_crops/yellow/B2AI_1_Paclitaxel_A2_R17_z01_yellow_cell8.png,,,/Users/ashi/github/cm4ai_codefest2025/analysis/cell_crops,B2AI_1_Paclitaxel_A2_R17_z01_yellow_,8,B2AI_1_Paclitaxel_A2_R17_z01_yellow
,/Users/ashi/github/cm4ai_codefest2025/analysis/cell_crops/yellow/B2AI_1_Paclitaxel_A2_R17_z01_yellow_cell9.png,,,/Users/ashi/github/cm4ai_codefest2025/analysis/cell_crops,B2AI_1_Paclitaxel_A2_R17_z01_yellow_,9,B2AI_1_Paclitaxel_A2_R17_z01_yellow
,/Users/ashi/github/cm4ai_codefest2025/analysis/cell_crops/yellow/B2AI_1_Paclitaxel_A2_R17_z01_yellow_cell10.png,,,/Users/ashi/github/cm4ai_codefest2025/analysis/cell_crops,B2AI_1_Paclitaxel_A2_R17_z01_yellow_,10,B2AI_1_Paclitaxel_A2_R17_z01_yellow
,/Users/ashi/github/cm4ai_codefest2025/analysis/cell_crops/yellow/B2AI_1_Paclitaxel_A2_R17_z01_yellow_cell11.png,,,/Users/ashi/github/cm4ai_codefest2025/analysis/cell_crops,B2AI_1_Paclitaxel_A2_R17_z01_yellow_,11,B2AI_1_Paclitaxel_A2_R17_z01_yellow
,/Users/ashi/github/cm4ai_codefest2025/analysis/cell_crops/yellow/B2AI_1_Paclitaxel_A2_R17_z01_yellow_cell12.png,,,/Users/ashi/github/cm4ai_codefest2025/analysis/cell_crops,B2AI_1_Paclitaxel_A2_R17_z01_yellow_,12,B2AI_1_Paclitaxel_A2_R17_z01_yellow
,/Users/ashi/github/cm4ai_codefest2025/analysis/cell_crops/yellow/B2AI_1_Paclitaxel_A2_R17_z01_yellow_cell13.png,,,/Users/ashi/github/cm4ai_codefest2025/analysis/cell_crops,B2AI_1_Paclitaxel_A2_R17_z01_yellow_,13,B2AI_1_Paclitaxel_A2_R17_z01_yellow
,/Users/ashi/github/cm4ai_codefest2025/analysis/cell_crops/yellow/B2AI_1_Paclitaxel_A2_R17_z01_yellow_cell14.png,,,/Users/ashi/github/cm4ai_codefest2025/analysis/cell_crops,B2AI_1_Paclitaxel_A2_R17_z01_yellow_,14,B2AI_1_Paclitaxel_A2_R17_z01_yellow
,/Users/ashi/github/cm4ai_codefest2025/analysis/cell_crops/yellow/B2AI_1_Paclitaxel_A2_R17_z01_yellow_cell15.png,,,/Users/ashi/github/cm4ai_codefest2025/analysis/cell_crops,B2AI_1_Paclitaxel_A2_R17_z01_yellow_,15,B2AI_1_Paclitaxel_A2_R17_z01_yellow
,/Users/ashi/github/cm4ai_codefest2025/analysis/cell_crops/yellow/B2AI_1_Paclitaxel_A2_R17_z01_yellow_cell16.png,,,/Users/ashi/github/cm4ai_codefest2025/analysis/cell_crops,B2AI_1_Paclitaxel_A2_R17_z01_yellow_,16,B2AI_1_Paclitaxel_A2_R17_z01_yellow
,/Users/ashi/github/cm4ai_codefest2025/analysis/cell_crops/yellow/B2AI_1_Paclitaxel_A2_R17_z01_yellow_cell17.png,,,/Users/ashi/github/cm4ai_codefest2025/analysis/cell_crops,B2AI_1_Paclitaxel_A2_R17_z01_yellow_,17,B2AI_1_Paclitaxel_A2_R17_z01_yellow
,/Users/ashi/github/cm4ai_codefest2025/analysis/cell_crops/yellow/B2AI_1_Paclitaxel_A2_R17_z01_yellow_cell18.png,,,/Users/ashi/github/cm4ai_codefest2025/analysis/cell_crops,B2AI_1_Paclitaxel_A2_R17_z01_yellow_,18,B2AI_1_Paclitaxel_A2_R17_z01_yellow
,/Users/ashi/github/cm4ai_codefest2025/analysis/cell_crops/yellow/B2AI_1_Paclitaxel_A2_R17_z01_yellow_cell19.png,,,/Users/ashi/github/cm4ai_codefest2025/analysis/cell_crops,B2AI_1_Paclitaxel_A2_R17_z01_yellow_,19,B2AI_1_Paclitaxel_A2_R17_z01_yellow
,/Users/ashi/github/cm4ai_codefest2025/analysis/cell_crops/yellow/B2AI_1_Paclitaxel_A2_R17_z01_yellow_cell20.png,,,/Users/ashi/github/cm4ai_codefest2025/analysis/cell_crops,B2AI_1_Paclitaxel_A2_R17_z01_yellow_,20,B2AI_1_Paclitaxel_A2_R17_z01_yellow
,/Users/ashi/github/cm4ai_codefest2025/analysis/cell_crops/yellow/B2AI_1_Paclitaxel_A2_R17_z01_yellow_cell21.png,,,/Users/ashi/github/cm4ai_codefest2025/analysis/cell_crops,B2AI_1_Paclitaxel_A2_R17_z01_yellow_,21,B2AI_1_Paclitaxel_A2_R17_z01_yellow
,/Users/ashi/github/cm4ai_codefest2025/analysis/cell_crops/yellow/B2AI_1_Paclitaxel_A2_R17_z01_yellow_cell22.png,,,/Users/ashi/github/cm4ai_codefest2025/analysis/cell_crops,B2AI_1_Paclitaxel_A2_R17_z01_yellow_,22,B2AI_1_Paclitaxel_A2_R17_z01_yellow
,/Users/ashi/github/cm4ai_codefest2025/analysis/cell_crops/yellow/B2AI_1_Paclitaxel_A2_R17_z01_yellow_cell23.png,,,/Users/ashi/github/cm4ai_codefest2025/analysis/cell_crops,B2AI_1_Paclitaxel_A2_R17_z01_yellow_,23,B2AI_1_Paclitaxel_A2_R17_z01_yellow
,/Users/ashi/github/cm4ai_codefest2025/analysis/cell_crops/yellow/B2AI_1_Paclitaxel_A2_R17_z01_yellow_cell24.png,,,/Users/ashi/github/cm4ai_codefest2025/analysis/cell_crops,B2AI_1_Paclitaxel_A2_R17_z01_yellow_,24,B2AI_1_Paclitaxel_A2_R17_z01_yellow
,/Users/ashi/github/cm4ai_codefest2025/analysis/cell_crops/yellow/B2AI_1_Paclitaxel_A2_R17_z01_yellow_cell25.png,,,/Users/ashi/github/cm4ai_codefest2025/analysis/cell_crops,B2AI_1_Paclitaxel_A2_R17_z01_yellow_,25,B2AI_1_Paclitaxel_A2_R17_z01_yellow
,/Users/ashi/github/cm4ai_codefest2025/analysis/cell_crops/yellow/B2AI_1_Paclitaxel_A2_R17_z01_yellow_cell26.png,,,/Users/ashi/github/cm4ai_codefest2025/analysis/cell_crops,B2AI_1_Paclitaxel_A2_R17_z01_yellow_,26,B2AI_1_Paclitaxel_A2_R17_z01_yellow
,/Users/ashi/github/cm4ai_codefest2025/analysis/cell_crops/yellow/B2AI_1_Paclitaxel_A2_R17_z01_yellow_cell27.png,,,/Users/ashi/github/cm4ai_codefest2025/analysis/cell_crops,B2AI_1_Paclitaxel_A2_R17_z01_yellow_,27,B2AI_1_Paclitaxel_A2_R17_z01_yellow
,/Users/ashi/github/cm4ai_codefest2025/analysis/cell_crops/yellow/B2AI_1_Paclitaxel_A2_R17_z01_yellow_cell28.png,,,/Users/ashi/github/cm4ai_codefest2025/analysis/cell_crops,B2AI_1_Paclitaxel_A2_R17_z01_yellow_,28,B2AI_1_Paclitaxel_A2_R17_z01_yellow
,/Users/ashi/github/cm4ai_codefest2025/analysis/cell_crops/yellow/B2AI_1_Paclitaxel_A2_R17_z01_yellow_cell29.png,,,/Users/ashi/github/cm4ai_codefest2025/analysis/cell_crops,B2AI_1_Paclitaxel_A2_R17_z01_yellow_,29,B2AI_1_Paclitaxel_A2_R17_z01_yellow
,/Users/ashi/github/cm4ai_codefest2025/analysis/cell_crops/yellow/B2AI_1_Paclitaxel_A2_R17_z01_yellow_cell30.png,,,/Users/ashi/github/cm4ai_codefest2025/analysis/cell_crops,B2AI_1_Paclitaxel_A2_R17_z01_yellow_,30,B2AI_1_Paclitaxel_A2_R17_z01_yellow
,/Users/ashi/github/cm4ai_codefest2025/analysis/cell_crops/yellow/B2AI_1_Paclitaxel_A2_R17_z01_yellow_cell31.png,,,/Users/ashi/github/cm4ai_codefest2025/analysis/cell_crops,B2AI_1_Paclitaxel_A2_R17_z01_yellow_,31,B2AI_1_Paclitaxel_A2_R17_z01_yellow
,/Users/ashi/github/cm4ai_codefest2025/analysis/cell_crops/yellow/B2AI_1_Paclitaxel_A2_R17_z01_yellow_cell32.png,,,/Users/ashi/github/cm4ai_codefest2025/analysis/cell_crops,B2AI_1_Paclitaxel_A2_R17_z01_yellow_,32,B2AI_1_Paclitaxel_A2_R17_z01_yellow
,/Users/ashi/github/cm4ai_codefest2025/analysis/cell_crops/yellow/B2AI_1_Paclitaxel_A2_R17_z01_yellow_cell33.png,,,/Users/ashi/github/cm4ai_codefest2025/analysis/cell_crops,B2AI_1_Paclitaxel_A2_R17_z01_yellow_,33,B2AI_1_Paclitaxel_A2_R17_z01_yellow
,/Users/ashi/github/cm4ai_codefest2025/analysis/cell_crops/yellow/B2AI_1_Paclitaxel_A2_R17_z01_yellow_cell34.png,,,/Users/ashi/github/cm4ai_codefest2025/analysis/cell_crops,B2AI_1_Paclitaxel_A2_R17_z01_yellow_,34,B2AI_1_Paclitaxel_A2_R17_z01_yellow
,/Users/ashi/github/cm4ai_codefest2025/analysis/cell_crops/yellow/B2AI_1_Paclitaxel_A2_R17_z01_yellow_cell35.png,,,/Users/ashi/github/cm4ai_codefest2025/analysis/cell_crops,B2AI_1_Paclitaxel_A2_R17_z01_yellow_,35,B2AI_1_Paclitaxel_A2_R17_z01_yellow
,/Users/ashi/github/cm4ai_codefest2025/analysis/cell_crops/yellow/B2AI_1_Paclitaxel_A2_R17_z01_yellow_cell36.png,,,/Users/ashi/github/cm4ai_codefest2025/analysis/cell_crops,B2AI_1_Paclitaxel_A2_R17_z01_yellow_,36,B2AI_1_Paclitaxel_A2_R17_z01_yellow
,/Users/ashi/github/cm4ai_codefest2025/analysis/cell_crops/yellow/B2AI_1_Paclitaxel_A2_R17_z01_yellow_cell37.png,,,/Users/ashi/github/cm4ai_codefest2025/analysis/cell_crops,B2AI_1_Paclitaxel_A2_R17_z01_yellow_,37,B2AI_1_Paclitaxel_A2_R17_z01_yellow
,/Users/ashi/github/cm4ai_codefest2025/analysis/cell_crops/yellow/B2AI_1_Paclitaxel_A2_R17_z01_yellow_cell38.png,,,/Users/ashi/github/cm4ai_codefest2025/analysis/cell_crops,B2AI_1_Paclitaxel_A2_R17_z01_yellow_,38,B2AI_1_Paclitaxel_A2_R17_z01_yellow
,/Users/ashi/github/cm4ai_codefest2025/analysis/cell_crops/yellow/B2AI_1_Paclitaxel_A2_R17_z01_yellow_cell39.png,,,/Users/ashi/github/cm4ai_codefest2025/analysis/cell_crops,B2AI_1_Paclitaxel_A2_R17_z01_yellow_,39,B2AI_1_Paclitaxel_A2_R17_z01_yellow
,/Users/ashi/github/cm4ai_codefest2025/analysis/cell_crops/yellow/B2AI_1_Paclitaxel_A2_R17_z01_yellow_cell40.png,,,/Users/ashi/github/cm4ai_codefest2025/analysis/cell_crops,B2AI_1_Paclitaxel_A2_R17_z01_yellow_,40,B2AI_1_Paclitaxel_A2_R17_z01_yellow
,/Users/ashi/github/cm4ai_codefest2025/analysis/cell_crops/yellow/B2AI_1_Paclitaxel_A2_R17_z01_yellow_cell41.png,,,/Users/ashi/github/cm4ai_codefest2025/analysis/cell_crops,B2AI_1_Paclitaxel_A2_R17_z01_yellow_,41,B2AI_1_Paclitaxel_A2_R17_z01_yellow
,/Users/ashi/github/cm4ai_codefest2025/analysis/cell_crops/yellow/B2AI_1_Paclitaxel_A2_R17_z01_yellow_cell42.png,,,/Users/ashi/github/cm4ai_codefest2025/analysis/cell_crops,B2AI_1_Paclitaxel_A2_R17_z01_yellow_,42,B2AI_1_Paclitaxel_A2_R17_z01_yellow
,/Users/ashi/github/cm4ai_codefest2025/analysis/cell_crops/yellow/B2AI_1_Paclitaxel_A2_R17_z01_yellow_cell43.png,,,/Users/ashi/github/cm4ai_codefest2025/analysis/cell_crops,B2AI_1_Paclitaxel_A2_R17_z01_yellow_,43,B2AI_1_Paclitaxel_A2_R17_z01_yellow
,/Users/ashi/github/cm4ai_codefest2025/analysis/cell_crops/yellow/B2AI_1_Paclitaxel_A2_R17_z01_yellow_cell44.png,,,/Users/ashi/github/cm4ai_codefest2025/analysis/cell_crops,B2AI_1_Paclitaxel_A2_R17_z01_yellow_,44,B2AI_1_Paclitaxel_A2_R17_z01_yellow
,/Users/ashi/github/cm4ai_codefest2025/analysis/cell_crops/yellow/B2AI_1_Paclitaxel_A2_R17_z01_yellow_cell45.png,,,/Users/ashi/github/cm4ai_codefest2025/analysis/cell_crops,B2AI_1_Paclitaxel_A2_R17_z01_yellow_,45,B2AI_1_Paclitaxel_A2_R17_z01_yellow
,/Users/ashi/github/cm4ai_codefest2025/analysis/cell_crops/yellow/B2AI_1_Paclitaxel_A2_R17_z01_yellow_cell46.png,,,/Users/ashi/github/cm4ai_codefest2025/analysis/cell_crops,B2AI_1_Paclitaxel_A2_R17_z01_yellow_,46,B2AI_1_Paclitaxel_A2_R17_z01_yellow
,/Users/ashi/github/cm4ai_codefest2025/analysis/cell_crops/yellow/B2AI_1_Paclitaxel_A2_R17_z01_yellow_cell47.png,,,/Users/ashi/github/cm4ai_codefest2025/analysis/cell_crops,B2AI_1_Paclitaxel_A2_R17_z01_yellow_,47,B2AI_1_Paclitaxel_A2_R17_z01_yellow
,/Users/ashi/github/cm4ai_codefest2025/analysis/cell_crops/yellow/B2AI_1_Paclitaxel_A2_R17_z01_yellow_cell48.png,,,/Users/ashi/github/cm4ai_codefest2025/analysis/cell_crops,B2AI_1_Paclitaxel_A2_R17_z01_yellow_,48,B2AI_1_Paclitaxel_A2_R17_z01_yellow
,/Users/ashi/github/cm4ai_codefest2025/analysis/cell_crops/yellow/B2AI_1_Paclitaxel_A2_R17_z01_yellow_cell49.png,,,/Users/ashi/github/cm4ai_codefest2025/analysis/cell_crops,B2AI_1_Paclitaxel_A2_R17_z01_yellow_,49,B2AI_1_Paclitaxel_A2_R17_z01_yellow
,/Users/ashi/github/cm4ai_codefest2025/analysis/cell_crops/yellow/B2AI_1_Paclitaxel_A2_R17_z01_yellow_cell50.png,,,/Users/ashi/github/cm4ai_codefest2025/analysis/cell_crops,B2AI_1_Paclitaxel_A2_R17_z01_yellow_,50,B2AI_1_Paclitaxel_A2_R17_z01_yellow
,/Users/ashi/github/cm4ai_codefest2025/analysis/cell_crops/yellow/B2AI_1_Paclitaxel_A2_R17_z01_yellow_cell51.png,,,/Users/ashi/github/cm4ai_codefest2025/analysis/cell_crops,B2AI_1_Paclitaxel_A2_R17_z01_yellow_,51,B2AI_1_Paclitaxel_A2_R17_z01_yellow
,/Users/ashi/github/cm4ai_codefest2025/analysis/cell_crops/yellow/B2AI_1_Paclitaxel_A2_R17_z01_yellow_cell52.png,,,/Users/ashi/github/cm4ai_codefest2025/analysis/cell_crops,B2AI_1_Paclitaxel_A2_R17_z01_yellow_,52,B2AI_1_Paclitaxel_A2_R17_z01_yellow
,/Users/ashi/github/cm4ai_codefest2025/analysis/cell_crops/yellow/B2AI_1_Paclitaxel_A2_R17_z01_yellow_cell53.png,,,/Users/ashi/github/cm4ai_codefest2025/analysis/cell_crops,B2AI_1_Paclitaxel_A2_R17_z01_yellow_,53,B2AI_1_Paclitaxel_A2_R17_z01_yellow
,/Users/ashi/github/cm4ai_codefest2025/analysis/cell_crops/yellow/B2AI_1_Paclitaxel_A2_R17_z01_yellow_cell54.png,,,/Users/ashi/github/cm4ai_codefest2025/analysis/cell_crops,B2AI_1_Paclitaxel_A2_R17_z01_yellow_,54,B2AI_1_Paclitaxel_A2_R17_z01_yellow
,/Users/ashi/github/cm4ai_codefest2025/analysis/cell_crops/yellow/B2AI_1_Paclitaxel_A2_R17_z01_yellow_cell55.png,,,/Users/ashi/github/cm4ai_codefest2025/analysis/cell_crops,B2AI_1_Paclitaxel_A2_R17_z01_yellow_,55,B2AI_1_Paclitaxel_A2_R17_z01_yellow
,/Users/ashi/github/cm4ai_codefest2025/analysis/cell_crops/yellow/B2AI_1_Paclitaxel_A2_R17_z01_yellow_cell56.png,,,/Users/ashi/github/cm4ai_codefest2025/analysis/cell_crops,B2AI_1_Paclitaxel_A2_R17_z01_yellow_,56,B2AI_1_Paclitaxel_A2_R17_z01_yellow
,/Users/ashi/github/cm4ai_codefest2025/analysis/cell_crops/yellow/B2AI_1_Paclitaxel_A2_R17_z01_yellow_cell57.png,,,/Users/ashi/github/cm4ai_codefest2025/analysis/cell_crops,B2AI_1_Paclitaxel_A2_R17_z01_yellow_,57,B2AI_1_Paclitaxel_A2_R17_z01_yellow
,/Users/ashi/github/cm4ai_codefest2025/analysis/cell_crops/yellow/B2AI_1_Paclitaxel_A2_R17_z01_yellow_cell58.png,,,/Users/ashi/github/cm4ai_codefest2025/analysis/cell_crops,B2AI_1_Paclitaxel_A2_R17_z01_yellow_,58,B2AI_1_Paclitaxel_A2_R17_z01_yellow
,/Users/ashi/github/cm4ai_codefest2025/analysis/cell_crops/yellow/B2AI_1_Paclitaxel_A2_R17_z01_yellow_cell59.png,,,/Users/ashi/github/cm4ai_codefest2025/analysis/cell_crops,B2AI_1_Paclitaxel_A2_R17_z01_yellow_,59,B2AI_1_Paclitaxel_A2_R17_z01_yellow
,/Users/ashi/github/cm4ai_codefest2025/analysis/cell_crops/yellow/B2AI_1_Paclitaxel_A2_R17_z01_yellow_cell60.png,,,/Users/ashi/github/cm4ai_codefest2025/analysis/cell_crops,B2AI_1_Paclitaxel_A2_R17_z01_yellow_,60,B2AI_1_Paclitaxel_A2_R17_z01_yellow
,/Users/ashi/github/cm4ai_codefest2025/analysis/cell_crops/yellow/B2AI_1_Paclitaxel_A2_R17_z01_yellow_cell61.png,,,/Users/ashi/github/cm4ai_codefest2025/analysis/cell_crops,B2AI_1_Paclitaxel_A2_R17_z01_yellow_,61,B2AI_1_Paclitaxel_A2_R17_z01_yellow
,/Users/ashi/github/cm4ai_codefest2025/analysis/cell_crops/yellow/B2AI_1_Paclitaxel_A2_R17_z01_yellow_cell62.png,,,/Users/ashi/github/cm4ai_codefest2025/analysis/cell_crops,B2AI_1_Paclitaxel_A2_R17_z01_yellow_,62,B2AI_1_Paclitaxel_A2_R17_z01_yellow
,/Users/ashi/github/cm4ai_codefest2025/analysis/cell_crops/yellow/B2AI_1_Paclitaxel_A2_R17_z01_yellow_cell63.png,,,/Users/ashi/github/cm4ai_codefest2025/analysis/cell_crops,B2AI_1_Paclitaxel_A2_R17_z01_yellow_,63,B2AI_1_Paclitaxel_A2_R17_z01_yellow
,/Users/ashi/github/cm4ai_codefest2025/analysis/cell_crops/yellow/B2AI_1_Paclitaxel_A2_R17_z01_yellow_cell64.png,,,/Users/ashi/github/cm4ai_codefest2025/analysis/cell_crops,B2AI_1_Paclitaxel_A2_R17_z01_yellow_,64,B2AI_1_Paclitaxel_A2_R17_z01_yellow
,/Users/ashi/github/cm4ai_codefest2025/analysis/cell_crops/yellow/B2AI_1_Paclitaxel_A2_R17_z01_yellow_cell65.png,,,/Users/ashi/github/cm4ai_codefest2025/analysis/cell_crops,B2AI_1_Paclitaxel_A2_R17_z01_yellow_,65,B2AI_1_Paclitaxel_A2_R17_z01_yellow
,/Users/ashi/github/cm4ai_codefest2025/analysis/cell_crops/yellow/B2AI_1_Paclitaxel_A2_R17_z01_yellow_cell66.png,,,/Users/ashi/github/cm4ai_codefest2025/analysis/cell_crops,B2AI_1_Paclitaxel_A2_R17_z01_yellow_,66,B2AI_1_Paclitaxel_A2_R17_z01_yellow
,/Users/ashi/github/cm4ai_codefest2025/analysis/cell_crops/yellow/B2AI_1_Paclitaxel_A2_R17_z01_yellow_cell67.png,,,/Users/ashi/github/cm4ai_codefest2025/analysis/cell_crops,B2AI_1_Paclitaxel_A2_R17_z01_yellow_,67,B2AI_1_Paclitaxel_A2_R17_z01_yellow
,/Users/ashi/github/cm4ai_codefest2025/analysis/cell_crops/yellow/B2AI_1_Paclitaxel_A2_R17_z01_yellow_cell68.png,,,/Users/ashi/github/cm4ai_codefest2025/analysis/cell_crops,B2AI_1_Paclitaxel_A2_R17_z01_yellow_,68,B2AI_1_Paclitaxel_A2_R17_z01_yellow
,/Users/ashi/github/cm4ai_codefest2025/analysis/cell_crops/yellow/B2AI_1_Paclitaxel_A2_R17_z01_yellow_cell69.png,,,/Users/ashi/github/cm4ai_codefest2025/analysis/cell_crops,B2AI_1_Paclitaxel_A2_R17_z01_yellow_,69,B2AI_1_Paclitaxel_A2_R17_z01_yellow
,/Users/ashi/github/cm4ai_codefest2025/analysis/cell_crops/yellow/B2AI_1_Paclitaxel_A2_R17_z01_yellow_cell70.png,,,/Users/ashi/github/cm4ai_codefest2025/analysis/cell_crops,B2AI_1_Paclitaxel_A2_R17_z01_yellow_,70,B2AI_1_Paclitaxel_A2_R17_z01_yellow
,/Users/ashi/github/cm4ai_codefest2025/analysis/cell_crops/yellow/B2AI_1_Paclitaxel_A2_R17_z01_yellow_cell71.png,,,/Users/ashi/github/cm4ai_codefest2025/analysis/cell_crops,B2AI_1_Paclitaxel_A2_R17_z01_yellow_,71,B2AI_1_Paclitaxel_A2_R17_z01_yellow
,/Users/ashi/github/cm4ai_codefest2025/analysis/cell_crops/yellow/B2AI_1_Paclitaxel_A2_R17_z01_yellow_cell72.png,,,/Users/ashi/github/cm4ai_codefest2025/analysis/cell_crops,B2AI_1_Paclitaxel_A2_R17_z01_yellow_,72,B2AI_1_Paclitaxel_A2_R17_z01_yellow
,/Users/ashi/github/cm4ai_codefest2025/analysis/cell_crops/yellow/B2AI_1_Paclitaxel_A2_R17_z01_yellow_cell73.png,,,/Users/ashi/github/cm4ai_codefest2025/analysis/cell_crops,B2AI_1_Paclitaxel_A2_R17_z01_yellow_,73,B2AI_1_Paclitaxel_A2_R17_z01_yellow
,/Users/ashi/github/cm4ai_codefest2025/analysis/cell_crops/yellow/B2AI_1_Paclitaxel_A2_R17_z01_yellow_cell74.png,,,/Users/ashi/github/cm4ai_codefest2025/analysis/cell_crops,B2AI_1_Paclitaxel_A2_R17_z01_yellow_,74,B2AI_1_Paclitaxel_A2_R17_z01_yellow
,/Users/ashi/github/cm4ai_codefest2025/analysis/cell_crops/yellow/B2AI_1_Paclitaxel_A2_R17_z01_yellow_cell75.png,,,/Users/ashi/github/cm4ai_codefest2025/analysis/cell_crops,B2AI_1_Paclitaxel_A2_R17_z01_yellow_,75,B2AI_1_Paclitaxel_A2_R17_z01_yellow
,/Users/ashi/github/cm4ai_codefest2025/analysis/cell_crops/yellow/B2AI_1_Paclitaxel_A2_R17_z01_yellow_cell76.png,,,/Users/ashi/github/cm4ai_codefest2025/analysis/cell_crops,B2AI_1_Paclitaxel_A2_R17_z01_yellow_,76,B2AI_1_Paclitaxel_A2_R17_z01_yellow
,/Users/ashi/github/cm4ai_codefest2025/analysis/cell_crops/yellow/B2AI_1_Paclitaxel_A2_R17_z01_yellow_cell77.png,,,/Users/ashi/github/cm4ai_codefest2025/analysis/cell_crops,B2AI_1_Paclitaxel_A2_R17_z01_yellow_,77,B2AI_1_Paclitaxel_A2_R17_z01_yellow
,/Users/ashi/github/cm4ai_codefest2025/analysis/cell_crops/yellow/B2AI_1_Paclitaxel_A2_R17_z01_yellow_cell78.png,,,/Users/ashi/github/cm4ai_codefest2025/analysis/cell_crops,B2AI_1_Paclitaxel_A2_R17_z01_yellow_,78,B2AI_1_Paclitaxel_A2_R17_z01_yellow
,/Users/ashi/github/cm4ai_codefest2025/analysis/cell_crops/yellow/B2AI_1_Paclitaxel_A2_R17_z01_yellow_cell79.png,,,/Users/ashi/github/cm4ai_codefest2025/analysis/cell_crops,B2AI_1_Paclitaxel_A2_R17_z01_yellow_,79,B2AI_1_Paclitaxel_A2_R17_z01_yellow
,/Users/ashi/github/cm4ai_codefest2025/analysis/cell_crops/yellow/B2AI_1_Paclitaxel_A2_R17_z01_yellow_cell80.png,,,/Users/ashi/github/cm4ai_codefest2025/analysis/cell_crops,B2AI_1_Paclitaxel_A2_R17_z01_yellow_,80,B2AI_1_Paclitaxel_A2_R17_z01_yellow
,/Users/ashi/github/cm4ai_codefest2025/analysis/cell_crops/yellow/B2AI_1_Paclitaxel_A2_R17_z01_yellow_cell81.png,,,/Users/ashi/github/cm4ai_codefest2025/analysis/cell_crops,B2AI_1_Paclitaxel_A2_R17_z01_yellow_,81,B2AI_1_Paclitaxel_A2_R17_z01_yellow
,/Users/ashi/github/cm4ai_codefest2025/analysis/cell_crops/yellow/B2AI_1_Paclitaxel_A2_R17_z01_yellow_cell82.png,,,/Users/ashi/github/cm4ai_codefest2025/analysis/cell_crops,B2AI_1_Paclitaxel_A2_R17_z01_yellow_,82,B2AI_1_Paclitaxel_A2_R17_z01_yellow
,/Users/ashi/github/cm4ai_codefest2025/analysis/cell_crops/yellow/B2AI_1_Paclitaxel_A2_R17_z01_yellow_cell83.png,,,/Users/ashi/github/cm4ai_codefest2025/analysis/cell_crops,B2AI_1_Paclitaxel_A2_R17_z01_yellow_,83,B2AI_1_Paclitaxel_A2_R17_z01_yellow
,/Users/ashi/github/cm4ai_codefest2025/analysis/cell_crops/yellow/B2AI_1_Paclitaxel_A2_R17_z01_yellow_cell84.png,,,/Users/ashi/github/cm4ai_codefest2025/analysis/cell_crops,B2AI_1_Paclitaxel_A2_R17_z01_yellow_,84,B2AI_1_Paclitaxel_A2_R17_z01_yellow
,/Users/ashi/github/cm4ai_codefest2025/analysis/cell_crops/yellow/B2AI_1_Paclitaxel_A2_R17_z01_yellow_cell85.png,,,/Users/ashi/github/cm4ai_codefest2025/analysis/cell_crops,B2AI_1_Paclitaxel_A2_R17_z01_yellow_,85,B2AI_1_Paclitaxel_A2_R17_z01_yellow
,/Users/ashi/github/cm4ai_codefest2025/analysis/cell_crops/yellow/B2AI_1_Paclitaxel_A2_R17_z01_yellow_cell86.png,,,/Users/ashi/github/cm4ai_codefest2025/analysis/cell_crops,B2AI_1_Paclitaxel_A2_R17_z01_yellow_,86,B2AI_1_Paclitaxel_A2_R17_z01_yellow
,/Users/ashi/github/cm4ai_codefest2025/analysis/cell_crops/yellow/B2AI_1_Paclitaxel_A2_R17_z01_yellow_cell87.png,,,/Users/ashi/github/cm4ai_codefest2025/analysis/cell_crops,B2AI_1_Paclitaxel_A2_R17_z01_yellow_,87,B2AI_1_Paclitaxel_A2_R17_z01_yellow
,/Users/ashi/github/cm4ai_codefest2025/analysis/cell_crops/yellow/B2AI_1_Paclitaxel_A2_R17_z01_yellow_cell88.png,,,/Users/ashi/github/cm4ai_codefest2025/analysis/cell_crops,B2AI_1_Paclitaxel_A2_R17_z01_yellow_,88,B2AI_1_Paclitaxel_A2_R17_z01_yellow
,/Users/ashi/github/cm4ai_codefest2025/analysis/cell_crops/yellow/B2AI_1_Paclitaxel_A2_R17_z01_yellow_cell89.png,,,/Users/ashi/github/cm4ai_codefest2025/analysis/cell_crops,B2AI_1_Paclitaxel_A2_R17_z01_yellow_,89,B2AI_1_Paclitaxel_A2_R17_z01_yellow
,/Users/ashi/github/cm4ai_codefest2025/analysis/cell_crops/yellow/B2AI_1_Paclitaxel_A2_R17_z01_yellow_cell90.png,,,/Users/ashi/github/cm4ai_codefest2025/analysis/cell_crops,B2AI_1_Paclitaxel_A2_R17_z01_yellow_,90,B2AI_1_Paclitaxel_A2_R17_z01_yellow
,/Users/ashi/github/cm4ai_codefest2025/analysis/cell_crops/yellow/B2AI_1_Paclitaxel_A2_R17_z01_yellow_cell91.png,,,/Users/ashi/github/cm4ai_codefest2025/analysis/cell_crops,B2AI_1_Paclitaxel_A2_R17_z01_yellow_,91,B2AI_1_Paclitaxel_A2_R17_z01_yellow
,/Users/ashi/github/cm4ai_codefest2025/analysis/cell_crops/yellow/B2AI_1_Paclitaxel_A2_R17_z01_yellow_cell92.png,,,/Users/ashi/github/cm4ai_codefest2025/analysis/cell_crops,B2AI_1_Paclitaxel_A2_R17_z01_yellow_,92,B2AI_1_Paclitaxel_A2_R17_z01_yellow
,/Users/ashi/github/cm4ai_codefest2025/analysis/cell_crops/yellow/B2AI_1_Paclitaxel_A2_R17_z01_yellow_cell93.png,,,/Users/ashi/github/cm4ai_codefest2025/analysis/cell_crops,B2AI_1_Paclitaxel_A2_R17_z01_yellow_,93,B2AI_1_Paclitaxel_A2_R17_z01_yellow
,/Users/ashi/github/cm4ai_codefest2025/analysis/cell_crops/yellow/B2AI_1_Paclitaxel_A2_R17_z01_yellow_cell94.png,,,/Users/ashi/github/cm4ai_codefest2025/analysis/cell_crops,B2AI_1_Paclitaxel_A2_R17_z01_yellow_,94,B2AI_1_Paclitaxel_A2_R17_z01_yellow
,/Users/ashi/github/cm4ai_codefest2025/analysis/cell_crops/yellow/B2AI_1_Paclitaxel_A2_R17_z01_yellow_cell95.png,,,/Users/ashi/github/cm4ai_codefest2025/analysis/cell_crops,B2AI_1_Paclitaxel_A2_R17_z01_yellow_,95,B2AI_1_Paclitaxel_A2_R17_z01_yellow
,/Users/ashi/github/cm4ai_codefest2025/analysis/cell_crops/yellow/B2AI_1_Paclitaxel_A2_R17_z01_yellow_cell96.png,,,/Users/ashi/github/cm4ai_codefest2025/analysis/cell_crops,B2AI_1_Paclitaxel_A2_R17_z01_yellow_,96,B2AI_1_Paclitaxel_A2_R17_z01_yellow
,/Users/ashi/github/cm4ai_codefest2025/analysis/cell_crops/yellow/B2AI_1_Paclitaxel_A2_R17_z01_yellow_cell97.png,,,/Users/ashi/github/cm4ai_codefest2025/analysis/cell_crops,B2AI_1_Paclitaxel_A2_R17_z01_yellow_,97,B2AI_1_Paclitaxel_A2_R17_z01_yellow
,/Users/ashi/github/cm4ai_codefest2025/analysis/cell_crops/yellow/B2AI_1_Paclitaxel_A2_R17_z01_yellow_cell98.png,,,/Users/ashi/github/cm4ai_codefest2025/analysis/cell_crops,B2AI_1_Paclitaxel_A2_R17_z01_yellow_,98,B2AI_1_Paclitaxel_A2_R17_z01_yellow
,/Users/ashi/github/cm4ai_codefest2025/analysis/cell_crops/yellow/B2AI_1_Paclitaxel_A2_R17_z01_yellow_cell99.png,,,/Users/ashi/github/cm4ai_codefest2025/analysis/cell_crops,B2AI_1_Paclitaxel_A2_R17_z01_yellow_,99,B2AI_1_Paclitaxel_A2_R17_z01_yellow
,/Users/ashi/github/cm4ai_codefest2025/analysis/cell_crops/yellow/B2AI_1_Paclitaxel_A2_R17_z01_yellow_cell100.png,,,/Users/ashi/github/cm4ai_codefest2025/analysis/cell_crops,B2AI_1_Paclitaxel_A2_R17_z01_yellow_,100,B2AI_1_Paclitaxel_A2_R17_z01_yellow
,/Users/ashi/github/cm4ai_codefest2025/analysis/cell_crops/yellow/B2AI_1_Paclitaxel_A2_R17_z01_yellow_cell101.png,,,/Users/ashi/github/cm4ai_codefest2025/analysis/cell_crops,B2AI_1_Paclitaxel_A2_R17_z01_yellow_,101,B2AI_1_Paclitaxel_A2_R17_z01_yellow
,/Users/ashi/github/cm4ai_codefest2025/analysis/cell_crops/yellow/B2AI_1_Paclitaxel_A2_R17_z01_yellow_cell102.png,,,/Users/ashi/github/cm4ai_codefest2025/analysis/cell_crops,B2AI_1_Paclitaxel_A2_R17_z01_yellow_,102,B2AI_1_Paclitaxel_A2_R17_z01_yellow
,/Users/ashi/github/cm4ai_codefest2025/analysis/cell_crops/yellow/B2AI_1_Paclitaxel_A2_R17_z01_yellow_cell103.png,,,/Users/ashi/github/cm4ai_codefest2025/analysis/cell_crops,B2AI_1_Paclitaxel_A2_R17_z01_yellow_,103,B2AI_1_Paclitaxel_A2_R17_z01_yellow
,/Users/ashi/github/cm4ai_codefest2025/analysis/cell_crops/yellow/B2AI_1_Paclitaxel_A2_R17_z01_yellow_cell104.png,,,/Users/ashi/github/cm4ai_codefest2025/analysis/cell_crops,B2AI_1_Paclitaxel_A2_R17_z01_yellow_,104,B2AI_1_Paclitaxel_A2_R17_z01_yellow
,/Users/ashi/github/cm4ai_codefest2025/analysis/cell_crops/yellow/B2AI_1_Paclitaxel_A2_R17_z01_yellow_cell105.png,,,/Users/ashi/github/cm4ai_codefest2025/analysis/cell_crops,B2AI_1_Paclitaxel_A2_R17_z01_yellow_,105,B2AI_1_Paclitaxel_A2_R17_z01_yellow
,/Users/ashi/github/cm4ai_codefest2025/analysis/cell_crops/yellow/B2AI_1_Paclitaxel_A2_R17_z01_yellow_cell106.png,,,/Users/ashi/github/cm4ai_codefest2025/analysis/cell_crops,B2AI_1_Paclitaxel_A2_R17_z01_yellow_,106,B2AI_1_Paclitaxel_A2_R17_z01_yellow
,/Users/ashi/github/cm4ai_codefest2025/analysis/cell_crops/yellow/B2AI_1_Paclitaxel_A2_R17_z01_yellow_cell107.png,,,/Users/ashi/github/cm4ai_codefest2025/analysis/cell_crops,B2AI_1_Paclitaxel_A2_R17_z01_yellow_,107,B2AI_1_Paclitaxel_A2_R17_z01_yellow
,/Users/ashi/github/cm4ai_codefest2025/analysis/cell_crops/yellow/B2AI_1_Paclitaxel_A2_R17_z01_yellow_cell108.png,,,/Users/ashi/github/cm4ai_codefest2025/analysis/cell_crops,B2AI_1_Paclitaxel_A2_R17_z01_yellow_,108,B2AI_1_Paclitaxel_A2_R17_z01_yellow
,/Users/ashi/github/cm4ai_codefest2025/analysis/cell_crops/yellow/B2AI_1_Paclitaxel_A2_R17_z01_yellow_cell109.png,,,/Users/ashi/github/cm4ai_codefest2025/analysis/cell_crops,B2AI_1_Paclitaxel_A2_R17_z01_yellow_,109,B2AI_1_Paclitaxel_A2_R17_z01_yellow
,/Users/ashi/github/cm4ai_codefest2025/analysis/cell_crops/yellow/B2AI_1_Paclitaxel_A2_R17_z01_yellow_cell110.png,,,/Users/ashi/github/cm4ai_codefest2025/analysis/cell_crops,B2AI_1_Paclitaxel_A2_R17_z01_yellow_,110,B2AI_1_Paclitaxel_A2_R17_z01_yellow
,/Users/ashi/github/cm4ai_codefest2025/analysis/cell_crops/yellow/B2AI_1_Paclitaxel_A2_R17_z01_yellow_cell111.png,,,/Users/ashi/github/cm4ai_codefest2025/analysis/cell_crops,B2AI_1_Paclitaxel_A2_R17_z01_yellow_,111,B2AI_1_Paclitaxel_A2_R17_z01_yellow
,/Users/ashi/github/cm4ai_codefest2025/analysis/cell_crops/yellow/B2AI_1_Paclitaxel_A2_R17_z01_yellow_cell112.png,,,/Users/ashi/github/cm4ai_codefest2025/analysis/cell_crops,B2AI_1_Paclitaxel_A2_R17_z01_yellow_,112,B2AI_1_Paclitaxel_A2_R17_z01_yellow
,/Users/ashi/github/cm4ai_codefest2025/analysis/cell_crops/yellow/B2AI_1_Paclitaxel_A2_R17_z01_yellow_cell113.png,,,/Users/ashi/github/cm4ai_codefest2025/analysis/cell_crops,B2AI_1_Paclitaxel_A2_R17_z01_yellow_,113,B2AI_1_Paclitaxel_A2_R17_z01_yellow
,/Users/ashi/github/cm4ai_codefest2025/analysis/cell_crops/yellow/B2AI_1_Paclitaxel_A2_R17_z01_yellow_cell114.png,,,/Users/ashi/github/cm4ai_codefest2025/analysis/cell_crops,B2AI_1_Paclitaxel_A2_R17_z01_yellow_,114,B2AI_1_Paclitaxel_A2_R17_z01_yellow
,/Users/ashi/github/cm4ai_codefest2025/analysis/cell_crops/yellow/B2AI_1_Paclitaxel_A2_R17_z01_yellow_cell115.png,,,/Users/ashi/github/cm4ai_codefest2025/analysis/cell_crops,B2AI_1_Paclitaxel_A2_R17_z01_yellow_,115,B2AI_1_Paclitaxel_A2_R17_z01_yellow
,/Users/ashi/github/cm4ai_codefest2025/analysis/cell_crops/yellow/B2AI_1_Paclitaxel_A2_R17_z01_yellow_cell116.png,,,/Users/ashi/github/cm4ai_codefest2025/analysis/cell_crops,B2AI_1_Paclitaxel_A2_R17_z01_yellow_,116,B2AI_1_Paclitaxel_A2_R17_z01_yellow
,/Users/ashi/github/cm4ai_codefest2025/analysis/cell_crops/yellow/B2AI_1_Paclitaxel_A2_R17_z01_yellow_cell117.png,,,/Users/ashi/github/cm4ai_codefest2025/analysis/cell_crops,B2AI_1_Paclitaxel_A2_R17_z01_yellow_,117,B2AI_1_Paclitaxel_A2_R17_z01_yellow
,/Users/ashi/github/cm4ai_codefest2025/analysis/cell_crops/yellow/B2AI_1_Paclitaxel_A2_R17_z01_yellow_cell118.png,,,/Users/ashi/github/cm4ai_codefest2025/analysis/cell_crops,B2AI_1_Paclitaxel_A2_R17_z01_yellow_,118,B2AI_1_Paclitaxel_A2_R17_z01_yellow
,/Users/ashi/github/cm4ai_codefest2025/analysis/cell_crops/yellow/B2AI_1_Paclitaxel_A2_R17_z01_yellow_cell119.png,,,/Users/ashi/github/cm4ai_codefest2025/analysis/cell_crops,B2AI_1_Paclitaxel_A2_R17_z01_yellow_,119,B2AI_1_Paclitaxel_A2_R17_z01_yellow
,/Users/ashi/github/cm4ai_codefest2025/analysis/cell_crops/yellow/B2AI_1_Paclitaxel_A2_R17_z01_yellow_cell120.png,,,/Users/ashi/github/cm4ai_codefest2025/analysis/cell_crops,B2AI_1_Paclitaxel_A2_R17_z01_yellow_,120,B2AI_1_Paclitaxel_A2_R17_z01_yellow
,/Users/ashi/github/cm4ai_codefest2025/analysis/cell_crops/yellow/B2AI_1_Paclitaxel_A2_R17_z01_yellow_cell121.png,,,/Users/ashi/github/cm4ai_codefest2025/analysis/cell_crops,B2AI_1_Paclitaxel_A2_R17_z01_yellow_,121,B2AI_1_Paclitaxel_A2_R17_z01_yellow
,/Users/ashi/github/cm4ai_codefest2025/analysis/cell_crops/yellow/B2AI_1_Paclitaxel_A2_R17_z01_yellow_cell122.png,,,/Users/ashi/github/cm4ai_codefest2025/analysis/cell_crops,B2AI_1_Paclitaxel_A2_R17_z01_yellow_,122,B2AI_1_Paclitaxel_A2_R17_z01_yellow
,/Users/ashi/github/cm4ai_codefest2025/analysis/cell_crops/yellow/B2AI_1_Paclitaxel_A2_R17_z01_yellow_cell123.png,,,/Users/ashi/github/cm4ai_codefest2025/analysis/cell_crops,B2AI_1_Paclitaxel_A2_R17_z01_yellow_,123,B2AI_1_Paclitaxel_A2_R17_z01_yellow
,/Users/ashi/github/cm4ai_codefest2025/analysis/cell_crops/yellow/B2AI_1_Paclitaxel_A2_R17_z01_yellow_cell124.png,,,/Users/ashi/github/cm4ai_codefest2025/analysis/cell_crops,B2AI_1_Paclitaxel_A2_R17_z01_yellow_,124,B2AI_1_Paclitaxel_A2_R17_z01_yellow
,/Users/ashi/github/cm4ai_codefest2025/analysis/cell_crops/yellow/B2AI_1_Paclitaxel_A2_R17_z01_yellow_cell125.png,,,/Users/ashi/github/cm4ai_codefest2025/analysis/cell_crops,B2AI_1_Paclitaxel_A2_R17_z01_yellow_,125,B2AI_1_Paclitaxel_A2_R17_z01_yellow
,/Users/ashi/github/cm4ai_codefest2025/analysis/cell_crops/yellow/B2AI_1_Paclitaxel_A2_R17_z01_yellow_cell126.png,,,/Users/ashi/github/cm4ai_codefest2025/analysis/cell_crops,B2AI_1_Paclitaxel_A2_R17_z01_yellow_,126,B2AI_1_Paclitaxel_A2_R17_z01_yellow
,/Users/ashi/github/cm4ai_codefest2025/analysis/cell_crops/yellow/B2AI_1_Paclitaxel_A2_R17_z01_yellow_cell127.png,,,/Users/ashi/github/cm4ai_codefest2025/analysis/cell_crops,B2AI_1_Paclitaxel_A2_R17_z01_yellow_,127,B2AI_1_Paclitaxel_A2_R17_z01_yellow
,/Users/ashi/github/cm4ai_codefest2025/analysis/cell_crops/yellow/B2AI_1_Paclitaxel_A2_R17_z01_yellow_cell128.png,,,/Users/ashi/github/cm4ai_codefest2025/analysis/cell_crops,B2AI_1_Paclitaxel_A2_R17_z01_yellow_,128,B2AI_1_Paclitaxel_A2_R17_z01_yellow
,/Users/ashi/github/cm4ai_codefest2025/analysis/cell_crops/yellow/B2AI_1_Paclitaxel_A2_R17_z01_yellow_cell129.png,,,/Users/ashi/github/cm4ai_codefest2025/analysis/cell_crops,B2AI_1_Paclitaxel_A2_R17_z01_yellow_,129,B2AI_1_Paclitaxel_A2_R17_z01_yellow
,/Users/ashi/github/cm4ai_codefest2025/analysis/cell_crops/yellow/B2AI_1_Paclitaxel_A2_R17_z01_yellow_cell130.png,,,/Users/ashi/github/cm4ai_codefest2025/analysis/cell_crops,B2AI_1_Paclitaxel_A2_R17_z01_yellow_,130,B2AI_1_Paclitaxel_A2_R17_z01_yellow
,/Users/ashi/github/cm4ai_codefest2025/analysis/cell_crops/yellow/B2AI_1_Paclitaxel_A2_R17_z01_yellow_cell131.png,,,/Users/ashi/github/cm4ai_codefest2025/analysis/cell_crops,B2AI_1_Paclitaxel_A2_R17_z01_yellow_,131,B2AI_1_Paclitaxel_A2_R17_z01_yellow
,/Users/ashi/github/cm4ai_codefest2025/analysis/cell_crops/yellow/B2AI_1_Paclitaxel_A2_R17_z01_yellow_cell132.png,,,/Users/ashi/github/cm4ai_codefest2025/analysis/cell_crops,B2AI_1_Paclitaxel_A2_R17_z01_yellow_,132,B2AI_1_Paclitaxel_A2_R17_z01_yellow
,/Users/ashi/github/cm4ai_codefest2025/analysis/cell_crops/yellow/B2AI_1_Paclitaxel_A2_R17_z01_yellow_cell133.png,,,/Users/ashi/github/cm4ai_codefest2025/analysis/cell_crops,B2AI_1_Paclitaxel_A2_R17_z01_yellow_,133,B2AI_1_Paclitaxel_A2_R17_z01_yellow
,/Users/ashi/github/cm4ai_codefest2025/analysis/cell_crops/yellow/B2AI_1_Paclitaxel_A2_R17_z01_yellow_cell134.png,,,/Users/ashi/github/cm4ai_codefest2025/analysis/cell_crops,B2AI_1_Paclitaxel_A2_R17_z01_yellow_,134,B2AI_1_Paclitaxel_A2_R17_z01_yellow
,/Users/ashi/github/cm4ai_codefest2025/analysis/cell_crops/yellow/B2AI_1_Paclitaxel_A2_R17_z01_yellow_cell135.png,,,/Users/ashi/github/cm4ai_codefest2025/analysis/cell_crops,B2AI_1_Paclitaxel_A2_R17_z01_yellow_,135,B2AI_1_Paclitaxel_A2_R17_z01_yellow
,/Users/ashi/github/cm4ai_codefest2025/analysis/cell_crops/yellow/B2AI_1_Paclitaxel_A2_R17_z01_yellow_cell136.png,,,/Users/ashi/github/cm4ai_codefest2025/analysis/cell_crops,B2AI_1_Paclitaxel_A2_R17_z01_yellow_,136,B2AI_1_Paclitaxel_A2_R17_z01_yellow
,/Users/ashi/github/cm4ai_codefest2025/analysis/cell_crops/yellow/B2AI_1_Paclitaxel_A2_R17_z01_yellow_cell137.png,,,/Users/ashi/github/cm4ai_codefest2025/analysis/cell_crops,B2AI_1_Paclitaxel_A2_R17_z01_yellow_,137,B2AI_1_Paclitaxel_A2_R17_z01_yellow
,/Users/ashi/github/cm4ai_codefest2025/analysis/cell_crops/yellow/B2AI_1_Paclitaxel_A2_R17_z01_yellow_cell138.png,,,/Users/ashi/github/cm4ai_codefest2025/analysis/cell_crops,B2AI_1_Paclitaxel_A2_R17_z01_yellow_,138,B2AI_1_Paclitaxel_A2_R17_z01_yellow
,/Users/ashi/github/cm4ai_codefest2025/analysis/cell_crops/yellow/B2AI_1_Paclitaxel_A2_R17_z01_yellow_cell139.png,,,/Users/ashi/github/cm4ai_codefest2025/analysis/cell_crops,B2AI_1_Paclitaxel_A2_R17_z01_yellow_,139,B2AI_1_Paclitaxel_A2_R17_z01_yellow
,/Users/ashi/github/cm4ai_codefest2025/analysis/cell_crops/yellow/B2AI_1_Paclitaxel_A2_R17_z01_yellow_cell140.png,,,/Users/ashi/github/cm4ai_codefest2025/analysis/cell_crops,B2AI_1_Paclitaxel_A2_R17_z01_yellow_,140,B2AI_1_Paclitaxel_A2_R17_z01_yellow
,/Users/ashi/github/cm4ai_codefest2025/analysis/cell_crops/yellow/B2AI_1_Paclitaxel_A2_R17_z01_yellow_cell141.png,,,/Users/ashi/github/cm4ai_codefest2025/analysis/cell_crops,B2AI_1_Paclitaxel_A2_R17_z01_yellow_,141,B2AI_1_Paclitaxel_A2_R17_z01_yellow
,/Users/ashi/github/cm4ai_codefest2025/analysis/cell_crops/yellow/B2AI_1_Paclitaxel_A2_R17_z01_yellow_cell142.png,,,/Users/ashi/github/cm4ai_codefest2025/analysis/cell_crops,B2AI_1_Paclitaxel_A2_R17_z01_yellow_,142,B2AI_1_Paclitaxel_A2_R17_z01_yellow
,/Users/ashi/github/cm4ai_codefest2025/analysis/cell_crops/yellow/B2AI_1_Paclitaxel_A2_R17_z01_yellow_cell143.png,,,/Users/ashi/github/cm4ai_codefest2025/analysis/cell_crops,B2AI_1_Paclitaxel_A2_R17_z01_yellow_,143,B2AI_1_Paclitaxel_A2_R17_z01_yellow
,/Users/ashi/github/cm4ai_codefest2025/analysis/cell_crops/yellow/B2AI_1_Paclitaxel_A2_R17_z01_yellow_cell144.png,,,/Users/ashi/github/cm4ai_codefest2025/analysis/cell_crops,B2AI_1_Paclitaxel_A2_R17_z01_yellow_,144,B2AI_1_Paclitaxel_A2_R17_z01_yellow
,/Users/ashi/github/cm4ai_codefest2025/analysis/cell_crops/yellow/B2AI_1_Paclitaxel_A2_R17_z01_yellow_cell145.png,,,/Users/ashi/github/cm4ai_codefest2025/analysis/cell_crops,B2AI_1_Paclitaxel_A2_R17_z01_yellow_,145,B2AI_1_Paclitaxel_A2_R17_z01_yellow
,/Users/ashi/github/cm4ai_codefest2025/analysis/cell_crops/yellow/B2AI_1_Paclitaxel_A2_R17_z01_yellow_cell146.png,,,/Users/ashi/github/cm4ai_codefest2025/analysis/cell_crops,B2AI_1_Paclitaxel_A2_R17_z01_yellow_,146,B2AI_1_Paclitaxel_A2_R17_z01_yellow
,/Users/ashi/github/cm4ai_codefest2025/analysis/cell_crops/yellow/B2AI_1_Paclitaxel_A2_R17_z01_yellow_cell147.png,,,/Users/ashi/github/cm4ai_codefest2025/analysis/cell_crops,B2AI_1_Paclitaxel_A2_R17_z01_yellow_,147,B2AI_1_Paclitaxel_A2_R17_z01_yellow
,/Users/ashi/github/cm4ai_codefest2025/analysis/cell_crops/yellow/B2AI_1_Paclitaxel_A2_R17_z01_yellow_cell148.png,,,/Users/ashi/github/cm4ai_codefest2025/analysis/cell_crops,B2AI_1_Paclitaxel_A2_R17_z01_yellow_,148,B2AI_1_Paclitaxel_A2_R17_z01_yellow
,/Users/ashi/github/cm4ai_codefest2025/analysis/cell_crops/yellow/B2AI_1_Paclitaxel_A2_R17_z01_yellow_cell149.png,,,/Users/ashi/github/cm4ai_codefest2025/analysis/cell_crops,B2AI_1_Paclitaxel_A2_R17_z01_yellow_,149,B2AI_1_Paclitaxel_A2_R17_z01_yellow
,/Users/ashi/github/cm4ai_codefest2025/analysis/cell_crops/yellow/B2AI_1_Paclitaxel_A2_R17_z01_yellow_cell150.png,,,/Users/ashi/github/cm4ai_codefest2025/analysis/cell_crops,B2AI_1_Paclitaxel_A2_R17_z01_yellow_,150,B2AI_1_Paclitaxel_A2_R17_z01_yellow
,/Users/ashi/github/cm4ai_codefest2025/analysis/cell_crops/yellow/B2AI_1_Paclitaxel_A2_R17_z01_yellow_cell151.png,,,/Users/ashi/github/cm4ai_codefest2025/analysis/cell_crops,B2AI_1_Paclitaxel_A2_R17_z01_yellow_,151,B2AI_1_Paclitaxel_A2_R17_z01_yellow
,/Users/ashi/github/cm4ai_codefest2025/analysis/cell_crops/yellow/B2AI_1_Paclitaxel_A2_R17_z01_yellow_cell152.png,,,/Users/ashi/github/cm4ai_codefest2025/analysis/cell_crops,B2AI_1_Paclitaxel_A2_R17_z01_yellow_,152,B2AI_1_Paclitaxel_A2_R17_z01_yellow
,/Users/ashi/github/cm4ai_codefest2025/analysis/cell_crops/yellow/B2AI_1_Paclitaxel_A2_R17_z01_yellow_cell153.png,,,/Users/ashi/github/cm4ai_codefest2025/analysis/cell_crops,B2AI_1_Paclitaxel_A2_R17_z01_yellow_,153,B2AI_1_Paclitaxel_A2_R17_z01_yellow
,/Users/ashi/github/cm4ai_codefest2025/analysis/cell_crops/yellow/B2AI_1_Paclitaxel_A2_R17_z01_yellow_cell154.png,,,/Users/ashi/github/cm4ai_codefest2025/analysis/cell_crops,B2AI_1_Paclitaxel_A2_R17_z01_yellow_,154,B2AI_1_Paclitaxel_A2_R17_z01_yellow
,/Users/ashi/github/cm4ai_codefest2025/analysis/cell_crops/yellow/B2AI_1_Paclitaxel_A2_R17_z01_yellow_cell155.png,,,/Users/ashi/github/cm4ai_codefest2025/analysis/cell_crops,B2AI_1_Paclitaxel_A2_R17_z01_yellow_,155,B2AI_1_Paclitaxel_A2_R17_z01_yellow
,/Users/ashi/github/cm4ai_codefest2025/analysis/cell_crops/yellow/B2AI_1_Paclitaxel_A2_R17_z01_yellow_cell156.png,,,/Users/ashi/github/cm4ai_codefest2025/analysis/cell_crops,B2AI_1_Paclitaxel_A2_R17_z01_yellow_,156,B2AI_1_Paclitaxel_A2_R17_z01_yellow
,/Users/ashi/github/cm4ai_codefest2025/analysis/cell_crops/yellow/B2AI_1_Paclitaxel_A2_R17_z01_yellow_cell157.png,,,/Users/ashi/github/cm4ai_codefest2025/analysis/cell_crops,B2AI_1_Paclitaxel_A2_R17_z01_yellow_,157,B2AI_1_Paclitaxel_A2_R17_z01_yellow
,/Users/ashi/github/cm4ai_codefest2025/analysis/cell_crops/yellow/B2AI_1_Paclitaxel_A2_R17_z01_yellow_cell158.png,,,/Users/ashi/github/cm4ai_codefest2025/analysis/cell_crops,B2AI_1_Paclitaxel_A2_R17_z01_yellow_,158,B2AI_1_Paclitaxel_A2_R17_z01_yellow
,/Users/ashi/github/cm4ai_codefest2025/analysis/cell_crops/yellow/B2AI_1_Paclitaxel_A2_R17_z01_yellow_cell159.png,,,/Users/ashi/github/cm4ai_codefest2025/analysis/cell_crops,B2AI_1_Paclitaxel_A2_R17_z01_yellow_,159,B2AI_1_Paclitaxel_A2_R17_z01_yellow
,/Users/ashi/github/cm4ai_codefest2025/analysis/cell_crops/yellow/B2AI_1_Paclitaxel_A2_R17_z01_yellow_cell160.png,,,/Users/ashi/github/cm4ai_codefest2025/analysis/cell_crops,B2AI_1_Paclitaxel_A2_R17_z01_yellow_,160,B2AI_1_Paclitaxel_A2_R17_z01_yellow
,/Users/ashi/github/cm4ai_codefest2025/analysis/cell_crops/yellow/B2AI_1_Paclitaxel_A2_R17_z01_yellow_cell161.png,,,/Users/ashi/github/cm4ai_codefest2025/analysis/cell_crops,B2AI_1_Paclitaxel_A2_R17_z01_yellow_,161,B2AI_1_Paclitaxel_A2_R17_z01_yellow
,/Users/ashi/github/cm4ai_codefest2025/analysis/cell_crops/yellow/B2AI_1_Paclitaxel_A2_R17_z01_yellow_cell162.png,,,/Users/ashi/github/cm4ai_codefest2025/analysis/cell_crops,B2AI_1_Paclitaxel_A2_R17_z01_yellow_,162,B2AI_1_Paclitaxel_A2_R17_z01_yellow
,/Users/ashi/github/cm4ai_codefest2025/analysis/cell_crops/yellow/B2AI_1_Paclitaxel_A2_R17_z01_yellow_cell163.png,,,/Users/ashi/github/cm4ai_codefest2025/analysis/cell_crops,B2AI_1_Paclitaxel_A2_R17_z01_yellow_,163,B2AI_1_Paclitaxel_A2_R17_z01_yellow
,/Users/ashi/github/cm4ai_codefest2025/analysis/cell_crops/yellow/B2AI_1_Paclitaxel_A2_R17_z01_yellow_cell164.png,,,/Users/ashi/github/cm4ai_codefest2025/analysis/cell_crops,B2AI_1_Paclitaxel_A2_R17_z01_yellow_,164,B2AI_1_Paclitaxel_A2_R17_z01_yellow
,/Users/ashi/github/cm4ai_codefest2025/analysis/cell_crops/yellow/B2AI_1_Paclitaxel_A2_R17_z01_yellow_cell165.png,,,/Users/ashi/github/cm4ai_codefest2025/analysis/cell_crops,B2AI_1_Paclitaxel_A2_R17_z01_yellow_,165,B2AI_1_Paclitaxel_A2_R17_z01_yellow
,/Users/ashi/github/cm4ai_codefest2025/analysis/cell_crops/yellow/B2AI_1_Paclitaxel_A2_R17_z01_yellow_cell166.png,,,/Users/ashi/github/cm4ai_codefest2025/analysis/cell_crops,B2AI_1_Paclitaxel_A2_R17_z01_yellow_,166,B2AI_1_Paclitaxel_A2_R17_z01_yellow
,/Users/ashi/github/cm4ai_codefest2025/analysis/cell_crops/yellow/B2AI_1_Paclitaxel_A2_R17_z01_yellow_cell167.png,,,/Users/ashi/github/cm4ai_codefest2025/analysis/cell_crops,B2AI_1_Paclitaxel_A2_R17_z01_yellow_,167,B2AI_1_Paclitaxel_A2_R17_z01_yellow
,/Users/ashi/github/cm4ai_codefest2025/analysis/cell_crops/yellow/B2AI_1_Paclitaxel_A2_R17_z01_yellow_cell168.png,,,/Users/ashi/github/cm4ai_codefest2025/analysis/cell_crops,B2AI_1_Paclitaxel_A2_R17_z01_yellow_,168,B2AI_1_Paclitaxel_A2_R17_z01_yellow
,/Users/ashi/github/cm4ai_codefest2025/analysis/cell_crops/yellow/B2AI_1_Paclitaxel_A2_R17_z01_yellow_cell169.png,,,/Users/ashi/github/cm4ai_codefest2025/analysis/cell_crops,B2AI_1_Paclitaxel_A2_R17_z01_yellow_,169,B2AI_1_Paclitaxel_A2_R17_z01_yellow
,/Users/ashi/github/cm4ai_codefest2025/analysis/cell_crops/yellow/B2AI_1_Paclitaxel_A2_R17_z01_yellow_cell170.png,,,/Users/ashi/github/cm4ai_codefest2025/analysis/cell_crops,B2AI_1_Paclitaxel_A2_R17_z01_yellow_,170,B2AI_1_Paclitaxel_A2_R17_z01_yellow
,/Users/ashi/github/cm4ai_codefest2025/analysis/cell_crops/yellow/B2AI_1_Paclitaxel_A2_R17_z01_yellow_cell171.png,,,/Users/ashi/github/cm4ai_codefest2025/analysis/cell_crops,B2AI_1_Paclitaxel_A2_R17_z01_yellow_,171,B2AI_1_Paclitaxel_A2_R17_z01_yellow
,/Users/ashi/github/cm4ai_codefest2025/analysis/cell_crops/yellow/B2AI_1_Paclitaxel_A2_R17_z01_yellow_cell172.png,,,/Users/ashi/github/cm4ai_codefest2025/analysis/cell_crops,B2AI_1_Paclitaxel_A2_R17_z01_yellow_,172,B2AI_1_Paclitaxel_A2_R17_z01_yellow
,/Users/ashi/github/cm4ai_codefest2025/analysis/cell_crops/yellow/B2AI_1_Paclitaxel_A2_R17_z01_yellow_cell173.png,,,/Users/ashi/github/cm4ai_codefest2025/analysis/cell_crops,B2AI_1_Paclitaxel_A2_R17_z01_yellow_,173,B2AI_1_Paclitaxel_A2_R17_z01_yellow
,/Users/ashi/github/cm4ai_codefest2025/analysis/cell_crops/yellow/B2AI_1_Paclitaxel_A2_R17_z01_yellow_cell174.png,,,/Users/ashi/github/cm4ai_codefest2025/analysis/cell_crops,B2AI_1_Paclitaxel_A2_R17_z01_yellow_,174,B2AI_1_Paclitaxel_A2_R17_z01_yellow
,/Users/ashi/github/cm4ai_codefest2025/analysis/cell_crops/yellow/B2AI_1_Paclitaxel_A2_R17_z01_yellow_cell175.png,,,/Users/ashi/github/cm4ai_codefest2025/analysis/cell_crops,B2AI_1_Paclitaxel_A2_R17_z01_yellow_,175,B2AI_1_Paclitaxel_A2_R17_z01_yellow
,/Users/ashi/github/cm4ai_codefest2025/analysis/cell_crops/yellow/B2AI_1_Paclitaxel_A2_R17_z01_yellow_cell176.png,,,/Users/ashi/github/cm4ai_codefest2025/analysis/cell_crops,B2AI_1_Paclitaxel_A2_R17_z01_yellow_,176,B2AI_1_Paclitaxel_A2_R17_z01_yellow
,/Users/ashi/github/cm4ai_codefest2025/analysis/cell_crops/yellow/B2AI_1_Paclitaxel_A2_R17_z01_yellow_cell177.png,,,/Users/ashi/github/cm4ai_codefest2025/analysis/cell_crops,B2AI_1_Paclitaxel_A2_R17_z01_yellow_,177,B2AI_1_Paclitaxel_A2_R17_z01_yellow
,/Users/ashi/github/cm4ai_codefest2025/analysis/cell_crops/yellow/B2AI_1_Paclitaxel_A2_R17_z01_yellow_cell178.png,,,/Users/ashi/github/cm4ai_codefest2025/analysis/cell_crops,B2AI_1_Paclitaxel_A2_R17_z01_yellow_,178,B2AI_1_Paclitaxel_A2_R17_z01_yellow
,/Users/ashi/github/cm4ai_codefest2025/analysis/cell_crops/yellow/B2AI_1_Paclitaxel_A2_R17_z01_yellow_cell179.png,,,/Users/ashi/github/cm4ai_codefest2025/analysis/cell_crops,B2AI_1_Paclitaxel_A2_R17_z01_yellow_,179,B2AI_1_Paclitaxel_A2_R17_z01_yellow
,/Users/ashi/github/cm4ai_codefest2025/analysis/cell_crops/yellow/B2AI_1_Paclitaxel_A2_R17_z01_yellow_cell180.png,,,/Users/ashi/github/cm4ai_codefest2025/analysis/cell_crops,B2AI_1_Paclitaxel_A2_R17_z01_yellow_,180,B2AI_1_Paclitaxel_A2_R17_z01_yellow
,/Users/ashi/github/cm4ai_codefest2025/analysis/cell_crops/yellow/B2AI_1_Paclitaxel_A2_R17_z01_yellow_cell181.png,,,/Users/ashi/github/cm4ai_codefest2025/analysis/cell_crops,B2AI_1_Paclitaxel_A2_R17_z01_yellow_,181,B2AI_1_Paclitaxel_A2_R17_z01_yellow
,/Users/ashi/github/cm4ai_codefest2025/analysis/cell_crops/yellow/B2AI_1_Paclitaxel_A2_R17_z01_yellow_cell182.png,,,/Users/ashi/github/cm4ai_codefest2025/analysis/cell_crops,B2AI_1_Paclitaxel_A2_R17_z01_yellow_,182,B2AI_1_Paclitaxel_A2_R17_z01_yellow
,/Users/ashi/github/cm4ai_codefest2025/analysis/cell_crops/yellow/B2AI_1_Paclitaxel_A2_R17_z01_yellow_cell183.png,,,/Users/ashi/github/cm4ai_codefest2025/analysis/cell_crops,B2AI_1_Paclitaxel_A2_R17_z01_yellow_,183,B2AI_1_Paclitaxel_A2_R17_z01_yellow
,/Users/ashi/github/cm4ai_codefest2025/analysis/cell_crops/yellow/B2AI_1_Paclitaxel_A2_R17_z01_yellow_cell184.png,,,/Users/ashi/github/cm4ai_codefest2025/analysis/cell_crops,B2AI_1_Paclitaxel_A2_R17_z01_yellow_,184,B2AI_1_Paclitaxel_A2_R17_z01_yellow
,/Users/ashi/github/cm4ai_codefest2025/analysis/cell_crops/yellow/B2AI_1_Paclitaxel_A2_R17_z01_yellow_cell185.png,,,/Users/ashi/github/cm4ai_codefest2025/analysis/cell_crops,B2AI_1_Paclitaxel_A2_R17_z01_yellow_,185,B2AI_1_Paclitaxel_A2_R17_z01_yellow
,/Users/ashi/github/cm4ai_codefest2025/analysis/cell_crops/yellow/B2AI_1_Paclitaxel_A2_R17_z01_yellow_cell186.png,,,/Users/ashi/github/cm4ai_codefest2025/analysis/cell_crops,B2AI_1_Paclitaxel_A2_R17_z01_yellow_,186,B2AI_1_Paclitaxel_A2_R17_z01_yellow
,/Users/ashi/github/cm4ai_codefest2025/analysis/cell_crops/yellow/B2AI_1_Paclitaxel_A2_R17_z01_yellow_cell187.png,,,/Users/ashi/github/cm4ai_codefest2025/analysis/cell_crops,B2AI_1_Paclitaxel_A2_R17_z01_yellow_,187,B2AI_1_Paclitaxel_A2_R17_z01_yellow
,/Users/ashi/github/cm4ai_codefest2025/analysis/cell_crops/yellow/B2AI_1_Paclitaxel_A2_R17_z01_yellow_cell188.png,,,/Users/ashi/github/cm4ai_codefest2025/analysis/cell_crops,B2AI_1_Paclitaxel_A2_R17_z01_yellow_,188,B2AI_1_Paclitaxel_A2_R17_z01_yellow
,/Users/ashi/github/cm4ai_codefest2025/analysis/cell_crops/yellow/B2AI_1_Paclitaxel_A2_R17_z01_yellow_cell189.png,,,/Users/ashi/github/cm4ai_codefest2025/analysis/cell_crops,B2AI_1_Paclitaxel_A2_R17_z01_yellow_,189,B2AI_1_Paclitaxel_A2_R17_z01_yellow
,/Users/ashi/github/cm4ai_codefest2025/analysis/cell_crops/yellow/B2AI_1_Paclitaxel_A2_R17_z01_yellow_cell190.png,,,/Users/ashi/github/cm4ai_codefest2025/analysis/cell_crops,B2AI_1_Paclitaxel_A2_R17_z01_yellow_,190,B2AI_1_Paclitaxel_A2_R17_z01_yellow
,/Users/ashi/github/cm4ai_codefest2025/analysis/cell_crops/yellow/B2AI_1_Paclitaxel_A2_R17_z01_yellow_cell191.png,,,/Users/ashi/github/cm4ai_codefest2025/analysis/cell_crops,B2AI_1_Paclitaxel_A2_R17_z01_yellow_,191,B2AI_1_Paclitaxel_A2_R17_z01_yellow
,/Users/ashi/github/cm4ai_codefest2025/analysis/cell_crops/yellow/B2AI_1_Paclitaxel_A2_R17_z01_yellow_cell192.png,,,/Users/ashi/github/cm4ai_codefest2025/analysis/cell_crops,B2AI_1_Paclitaxel_A2_R17_z01_yellow_,192,B2AI_1_Paclitaxel_A2_R17_z01_yellow
,/Users/ashi/github/cm4ai_codefest2025/analysis/cell_crops/yellow/B2AI_1_Paclitaxel_A2_R17_z01_yellow_cell193.png,,,/Users/ashi/github/cm4ai_codefest2025/analysis/cell_crops,B2AI_1_Paclitaxel_A2_R17_z01_yellow_,193,B2AI_1_Paclitaxel_A2_R17_z01_yellow
,/Users/ashi/github/cm4ai_codefest2025/analysis/cell_crops/yellow/B2AI_1_Paclitaxel_A2_R17_z01_yellow_cell194.png,,,/Users/ashi/github/cm4ai_codefest2025/analysis/cell_crops,B2AI_1_Paclitaxel_A2_R17_z01_yellow_,194,B2AI_1_Paclitaxel_A2_R17_z01_yellow
,/Users/ashi/github/cm4ai_codefest2025/analysis/cell_crops/yellow/B2AI_1_Paclitaxel_A2_R17_z01_yellow_cell195.png,,,/Users/ashi/github/cm4ai_codefest2025/analysis/cell_crops,B2AI_1_Paclitaxel_A2_R17_z01_yellow_,195,B2AI_1_Paclitaxel_A2_R17_z01_yellow
,/Users/ashi/github/cm4ai_codefest2025/analysis/cell_crops/yellow/B2AI_1_Paclitaxel_A2_R17_z01_yellow_cell196.png,,,/Users/ashi/github/cm4ai_codefest2025/analysis/cell_crops,B2AI_1_Paclitaxel_A2_R17_z01_yellow_,196,B2AI_1_Paclitaxel_A2_R17_z01_yellow
,/Users/ashi/github/cm4ai_codefest2025/analysis/cell_crops/yellow/B2AI_1_Paclitaxel_A2_R17_z01_yellow_cell197.png,,,/Users/ashi/github/cm4ai_codefest2025/analysis/cell_crops,B2AI_1_Paclitaxel_A2_R17_z01_yellow_,197,B2AI_1_Paclitaxel_A2_R17_z01_yellow
,/Users/ashi/github/cm4ai_codefest2025/analysis/cell_crops/yellow/B2AI_1_Paclitaxel_A2_R17_z01_yellow_cell198.png,,,/Users/ashi/github/cm4ai_codefest2025/analysis/cell_crops,B2AI_1_Paclitaxel_A2_R17_z01_yellow_,198,B2AI_1_Paclitaxel_A2_R17_z01_yellow
,/Users/ashi/github/cm4ai_codefest2025/analysis/cell_crops/yellow/B2AI_1_Paclitaxel_A2_R17_z01_yellow_cell199.png,,,/Users/ashi/github/cm4ai_codefest2025/analysis/cell_crops,B2AI_1_Paclitaxel_A2_R17_z01_yellow_,199,B2AI_1_Paclitaxel_A2_R17_z01_yellow
,/Users/ashi/github/cm4ai_codefest2025/analysis/cell_crops/yellow/B2AI_1_Paclitaxel_A2_R17_z01_yellow_cell200.png,,,/Users/ashi/github/cm4ai_codefest2025/analysis/cell_crops,B2AI_1_Paclitaxel_A2_R17_z01_yellow_,200,B2AI_1_Paclitaxel_A2_R17_z01_yellow
,/Users/ashi/github/cm4ai_codefest2025/analysis/cell_crops/yellow/B2AI_1_Paclitaxel_A2_R17_z01_yellow_cell201.png,,,/Users/ashi/github/cm4ai_codefest2025/analysis/cell_crops,B2AI_1_Paclitaxel_A2_R17_z01_yellow_,201,B2AI_1_Paclitaxel_A2_R17_z01_yellow
,/Users/ashi/github/cm4ai_codefest2025/analysis/cell_crops/yellow/B2AI_1_Paclitaxel_A2_R17_z01_yellow_cell202.png,,,/Users/ashi/github/cm4ai_codefest2025/analysis/cell_crops,B2AI_1_Paclitaxel_A2_R17_z01_yellow_,202,B2AI_1_Paclitaxel_A2_R17_z01_yellow
,/Users/ashi/github/cm4ai_codefest2025/analysis/cell_crops/yellow/B2AI_1_Paclitaxel_A2_R17_z01_yellow_cell203.png,,,/Users/ashi/github/cm4ai_codefest2025/analysis/cell_crops,B2AI_1_Paclitaxel_A2_R17_z01_yellow_,203,B2AI_1_Paclitaxel_A2_R17_z01_yellow
,/Users/ashi/github/cm4ai_codefest2025/analysis/cell_crops/yellow/B2AI_1_Paclitaxel_A2_R17_z01_yellow_cell204.png,,,/Users/ashi/github/cm4ai_codefest2025/analysis/cell_crops,B2AI_1_Paclitaxel_A2_R17_z01_yellow_,204,B2AI_1_Paclitaxel_A2_R17_z01_yellow
,/Users/ashi/github/cm4ai_codefest2025/analysis/cell_crops/yellow/B2AI_1_Paclitaxel_A2_R17_z01_yellow_cell205.png,,,/Users/ashi/github/cm4ai_codefest2025/analysis/cell_crops,B2AI_1_Paclitaxel_A2_R17_z01_yellow_,205,B2AI_1_Paclitaxel_A2_R17_z01_yellow
,/Users/ashi/github/cm4ai_codefest2025/analysis/cell_crops/yellow/B2AI_1_Paclitaxel_A2_R17_z01_yellow_cell206.png,,,/Users/ashi/github/cm4ai_codefest2025/analysis/cell_crops,B2AI_1_Paclitaxel_A2_R17_z01_yellow_,206,B2AI_1_Paclitaxel_A2_R17_z01_yellow
,/Users/ashi/github/cm4ai_codefest2025/analysis/cell_crops/yellow/B2AI_1_Paclitaxel_A2_R17_z01_yellow_cell207.png,,,/Users/ashi/github/cm4ai_codefest2025/analysis/cell_crops,B2AI_1_Paclitaxel_A2_R17_z01_yellow_,207,B2AI_1_Paclitaxel_A2_R17_z01_yellow
,/Users/ashi/github/cm4ai_codefest2025/analysis/cell_crops/yellow/B2AI_1_Paclitaxel_A2_R17_z01_yellow_cell208.png,,,/Users/ashi/github/cm4ai_codefest2025/analysis/cell_crops,B2AI_1_Paclitaxel_A2_R17_z01_yellow_,208,B2AI_1_Paclitaxel_A2_R17_z01_yellow
,/Users/ashi/github/cm4ai_codefest2025/analysis/cell_crops/yellow/B2AI_1_Paclitaxel_A2_R17_z01_yellow_cell209.png,,,/Users/ashi/github/cm4ai_codefest2025/analysis/cell_crops,B2AI_1_Paclitaxel_A2_R17_z01_yellow_,209,B2AI_1_Paclitaxel_A2_R17_z01_yellow
,/Users/ashi/github/cm4ai_codefest2025/analysis/cell_crops/yellow/B2AI_1_Paclitaxel_A2_R17_z01_yellow_cell210.png,,,/Users/ashi/github/cm4ai_codefest2025/analysis/cell_crops,B2AI_1_Paclitaxel_A2_R17_z01_yellow_,210,B2AI_1_Paclitaxel_A2_R17_z01_yellow
,/Users/ashi/github/cm4ai_codefest2025/analysis/cell_crops/yellow/B2AI_1_Paclitaxel_A2_R17_z01_yellow_cell211.png,,,/Users/ashi/github/cm4ai_codefest2025/analysis/cell_crops,B2AI_1_Paclitaxel_A2_R17_z01_yellow_,211,B2AI_1_Paclitaxel_A2_R17_z01_yellow
,/Users/ashi/github/cm4ai_codefest2025/analysis/cell_crops/yellow/B2AI_1_Paclitaxel_A2_R17_z01_yellow_cell212.png,,,/Users/ashi/github/cm4ai_codefest2025/analysis/cell_crops,B2AI_1_Paclitaxel_A2_R17_z01_yellow_,212,B2AI_1_Paclitaxel_A2_R17_z01_yellow
,/Users/ashi/github/cm4ai_codefest2025/analysis/cell_crops/yellow/B2AI_1_Paclitaxel_A2_R17_z01_yellow_cell213.png,,,/Users/ashi/github/cm4ai_codefest2025/analysis/cell_crops,B2AI_1_Paclitaxel_A2_R17_z01_yellow_,213,B2AI_1_Paclitaxel_A2_R17_z01_yellow
,/Users/ashi/github/cm4ai_codefest2025/analysis/cell_crops/yellow/B2AI_1_Paclitaxel_A2_R17_z01_yellow_cell214.png,,,/Users/ashi/github/cm4ai_codefest2025/analysis/cell_crops,B2AI_1_Paclitaxel_A2_R17_z01_yellow_,214,B2AI_1_Paclitaxel_A2_R17_z01_yellow
,/Users/ashi/github/cm4ai_codefest2025/analysis/cell_crops/yellow/B2AI_1_Paclitaxel_A2_R17_z01_yellow_cell215.png,,,/Users/ashi/github/cm4ai_codefest2025/analysis/cell_crops,B2AI_1_Paclitaxel_A2_R17_z01_yellow_,215,B2AI_1_Paclitaxel_A2_R17_z01_yellow
,/Users/ashi/github/cm4ai_codefest2025/analysis/cell_crops/yellow/B2AI_1_Paclitaxel_A2_R17_z01_yellow_cell216.png,,,/Users/ashi/github/cm4ai_codefest2025/analysis/cell_crops,B2AI_1_Paclitaxel_A2_R17_z01_yellow_,216,B2AI_1_Paclitaxel_A2_R17_z01_yellow
,/Users/ashi/github/cm4ai_codefest2025/analysis/cell_crops/yellow/B2AI_1_Paclitaxel_A2_R17_z01_yellow_cell217.png,,,/Users/ashi/github/cm4ai_codefest2025/analysis/cell_crops,B2AI_1_Paclitaxel_A2_R17_z01_yellow_,217,B2AI_1_Paclitaxel_A2_R17_z01_yellow
,/Users/ashi/github/cm4ai_codefest2025/analysis/cell_crops/yellow/B2AI_1_Paclitaxel_A2_R17_z01_yellow_cell218.png,,,/Users/ashi/github/cm4ai_codefest2025/analysis/cell_crops,B2AI_1_Paclitaxel_A2_R17_z01_yellow_,218,B2AI_1_Paclitaxel_A2_R17_z01_yellow
,/Users/ashi/github/cm4ai_codefest2025/analysis/cell_crops/yellow/B2AI_1_Paclitaxel_A2_R17_z01_yellow_cell219.png,,,/Users/ashi/github/cm4ai_codefest2025/analysis/cell_crops,B2AI_1_Paclitaxel_A2_R17_z01_yellow_,219,B2AI_1_Paclitaxel_A2_R17_z01_yellow
,/Users/ashi/github/cm4ai_codefest2025/analysis/cell_crops/yellow/B2AI_1_Paclitaxel_A2_R17_z01_yellow_cell220.png,,,/Users/ashi/github/cm4ai_codefest2025/analysis/cell_crops,B2AI_1_Paclitaxel_A2_R17_z01_yellow_,220,B2AI_1_Paclitaxel_A2_R17_z01_yellow
,/Users/ashi/github/cm4ai_codefest2025/analysis/cell_crops/yellow/B2AI_1_Paclitaxel_A2_R17_z01_yellow_cell221.png,,,/Users/ashi/github/cm4ai_codefest2025/analysis/cell_crops,B2AI_1_Paclitaxel_A2_R17_z01_yellow_,221,B2AI_1_Paclitaxel_A2_R17_z01_yellow
,/Users/ashi/github/cm4ai_codefest2025/analysis/cell_crops/yellow/B2AI_1_Paclitaxel_A2_R17_z01_yellow_cell222.png,,,/Users/ashi/github/cm4ai_codefest2025/analysis/cell_crops,B2AI_1_Paclitaxel_A2_R17_z01_yellow_,222,B2AI_1_Paclitaxel_A2_R17_z01_yellow
,/Users/ashi/github/cm4ai_codefest2025/analysis/cell_crops/yellow/B2AI_1_Paclitaxel_A2_R17_z01_yellow_cell223.png,,,/Users/ashi/github/cm4ai_codefest2025/analysis/cell_crops,B2AI_1_Paclitaxel_A2_R17_z01_yellow_,223,B2AI_1_Paclitaxel_A2_R17_z01_yellow
,/Users/ashi/github/cm4ai_codefest2025/analysis/cell_crops/yellow/B2AI_1_Paclitaxel_A2_R17_z01_yellow_cell224.png,,,/Users/ashi/github/cm4ai_codefest2025/analysis/cell_crops,B2AI_1_Paclitaxel_A2_R17_z01_yellow_,224,B2AI_1_Paclitaxel_A2_R17_z01_yellow
,/Users/ashi/github/cm4ai_codefest2025/analysis/cell_crops/yellow/B2AI_1_Paclitaxel_A2_R17_z01_yellow_cell225.png,,,/Users/ashi/github/cm4ai_codefest2025/analysis/cell_crops,B2AI_1_Paclitaxel_A2_R17_z01_yellow_,225,B2AI_1_Paclitaxel_A2_R17_z01_yellow
,/Users/ashi/github/cm4ai_codefest2025/analysis/cell_crops/yellow/B2AI_1_Paclitaxel_A2_R17_z01_yellow_cell226.png,,,/Users/ashi/github/cm4ai_codefest2025/analysis/cell_crops,B2AI_1_Paclitaxel_A2_R17_z01_yellow_,226,B2AI_1_Paclitaxel_A2_R17_z01_yellow
,/Users/ashi/github/cm4ai_codefest2025/analysis/cell_crops/yellow/B2AI_1_Paclitaxel_A2_R17_z01_yellow_cell227.png,,,/Users/ashi/github/cm4ai_codefest2025/analysis/cell_crops,B2AI_1_Paclitaxel_A2_R17_z01_yellow_,227,B2AI_1_Paclitaxel_A2_R17_z01_yellow
,/Users/ashi/github/cm4ai_codefest2025/analysis/cell_crops/yellow/B2AI_1_Paclitaxel_A2_R17_z01_yellow_cell228.png,,,/Users/ashi/github/cm4ai_codefest2025/analysis/cell_crops,B2AI_1_Paclitaxel_A2_R17_z01_yellow_,228,B2AI_1_Paclitaxel_A2_R17_z01_yellow
,/Users/ashi/github/cm4ai_codefest2025/analysis/cell_crops/yellow/B2AI_1_Paclitaxel_A2_R17_z01_yellow_cell229.png,,,/Users/ashi/github/cm4ai_codefest2025/analysis/cell_crops,B2AI_1_Paclitaxel_A2_R17_z01_yellow_,229,B2AI_1_Paclitaxel_A2_R17_z01_yellow
,/Users/ashi/github/cm4ai_codefest2025/analysis/cell_crops/yellow/B2AI_1_Paclitaxel_A2_R17_z01_yellow_cell230.png,,,/Users/ashi/github/cm4ai_codefest2025/analysis/cell_crops,B2AI_1_Paclitaxel_A2_R17_z01_yellow_,230,B2AI_1_Paclitaxel_A2_R17_z01_yellow
,/Users/ashi/github/cm4ai_codefest2025/analysis/cell_crops/yellow/B2AI_1_Paclitaxel_A2_R17_z01_yellow_cell231.png,,,/Users/ashi/github/cm4ai_codefest2025/analysis/cell_crops,B2AI_1_Paclitaxel_A2_R17_z01_yellow_,231,B2AI_1_Paclitaxel_A2_R17_z01_yellow
,/Users/ashi/github/cm4ai_codefest2025/analysis/cell_crops/yellow/B2AI_1_Paclitaxel_A2_R17_z01_yellow_cell232.png,,,/Users/ashi/github/cm4ai_codefest2025/analysis/cell_crops,B2AI_1_Paclitaxel_A2_R17_z01_yellow_,232,B2AI_1_Paclitaxel_A2_R17_z01_yellow
,/Users/ashi/github/cm4ai_codefest2025/analysis/cell_crops/yellow/B2AI_1_Paclitaxel_A2_R17_z01_yellow_cell233.png,,,/Users/ashi/github/cm4ai_codefest2025/analysis/cell_crops,B2AI_1_Paclitaxel_A2_R17_z01_yellow_,233,B2AI_1_Paclitaxel_A2_R17_z01_yellow
,/Users/ashi/github/cm4ai_codefest2025/analysis/cell_crops/yellow/B2AI_1_Paclitaxel_A2_R17_z01_yellow_cell234.png,,,/Users/ashi/github/cm4ai_codefest2025/analysis/cell_crops,B2AI_1_Paclitaxel_A2_R17_z01_yellow_,234,B2AI_1_Paclitaxel_A2_R17_z01_yellow
,/Users/ashi/github/cm4ai_codefest2025/analysis/cell_crops/yellow/B2AI_1_Paclitaxel_A2_R17_z01_yellow_cell235.png,,,/Users/ashi/github/cm4ai_codefest2025/analysis/cell_crops,B2AI_1_Paclitaxel_A2_R17_z01_yellow_,235,B2AI_1_Paclitaxel_A2_R17_z01_yellow
,/Users/ashi/github/cm4ai_codefest2025/analysis/cell_crops/yellow/B2AI_1_Paclitaxel_A2_R17_z01_yellow_cell236.png,,,/Users/ashi/github/cm4ai_codefest2025/analysis/cell_crops,B2AI_1_Paclitaxel_A2_R17_z01_yellow_,236,B2AI_1_Paclitaxel_A2_R17_z01_yellow
,/Users/ashi/github/cm4ai_codefest2025/analysis/cell_crops/yellow/B2AI_1_Paclitaxel_A2_R17_z01_yellow_cell237.png,,,/Users/ashi/github/cm4ai_codefest2025/analysis/cell_crops,B2AI_1_Paclitaxel_A2_R17_z01_yellow_,237,B2AI_1_Paclitaxel_A2_R17_z01_yellow
,/Users/ashi/github/cm4ai_codefest2025/analysis/cell_crops/yellow/B2AI_1_Paclitaxel_A2_R17_z01_yellow_cell238.png,,,/Users/ashi/github/cm4ai_codefest2025/analysis/cell_crops,B2AI_1_Paclitaxel_A2_R17_z01_yellow_,238,B2AI_1_Paclitaxel_A2_R17_z01_yellow
,/Users/ashi/github/cm4ai_codefest2025/analysis/cell_crops/yellow/B2AI_1_Paclitaxel_A2_R17_z01_yellow_cell239.png,,,/Users/ashi/github/cm4ai_codefest2025/analysis/cell_crops,B2AI_1_Paclitaxel_A2_R17_z01_yellow_,239,B2AI_1_Paclitaxel_A2_R17_z01_yellow
,/Users/ashi/github/cm4ai_codefest2025/analysis/cell_crops/yellow/B2AI_1_Paclitaxel_A2_R17_z01_yellow_cell240.png,,,/Users/ashi/github/cm4ai_codefest2025/analysis/cell_crops,B2AI_1_Paclitaxel_A2_R17_z01_yellow_,240,B2AI_1_Paclitaxel_A2_R17_z01_yellow
,/Users/ashi/github/cm4ai_codefest2025/analysis/cell_crops/yellow/B2AI_1_Paclitaxel_A2_R17_z01_yellow_cell241.png,,,/Users/ashi/github/cm4ai_codefest2025/analysis/cell_crops,B2AI_1_Paclitaxel_A2_R17_z01_yellow_,241,B2AI_1_Paclitaxel_A2_R17_z01_yellow
,/Users/ashi/github/cm4ai_codefest2025/analysis/cell_crops/yellow/B2AI_1_Paclitaxel_A2_R17_z01_yellow_cell242.png,,,/Users/ashi/github/cm4ai_codefest2025/analysis/cell_crops,B2AI_1_Paclitaxel_A2_R17_z01_yellow_,242,B2AI_1_Paclitaxel_A2_R17_z01_yellow
,/Users/ashi/github/cm4ai_codefest2025/analysis/cell_crops/yellow/B2AI_1_Paclitaxel_A2_R17_z01_yellow_cell243.png,,,/Users/ashi/github/cm4ai_codefest2025/analysis/cell_crops,B2AI_1_Paclitaxel_A2_R17_z01_yellow_,243,B2AI_1_Paclitaxel_A2_R17_z01_yellow
,/Users/ashi/github/cm4ai_codefest2025/analysis/cell_crops/yellow/B2AI_1_Paclitaxel_A2_R17_z01_yellow_cell244.png,,,/Users/ashi/github/cm4ai_codefest2025/analysis/cell_crops,B2AI_1_Paclitaxel_A2_R17_z01_yellow_,244,B2AI_1_Paclitaxel_A2_R17_z01_yellow
,/Users/ashi/github/cm4ai_codefest2025/analysis/cell_crops/yellow/B2AI_1_Paclitaxel_A2_R17_z01_yellow_cell245.png,,,/Users/ashi/github/cm4ai_codefest2025/analysis/cell_crops,B2AI_1_Paclitaxel_A2_R17_z01_yellow_,245,B2AI_1_Paclitaxel_A2_R17_z01_yellow
,/Users/ashi/github/cm4ai_codefest2025/analysis/cell_crops/yellow/B2AI_1_Paclitaxel_A2_R17_z01_yellow_cell246.png,,,/Users/ashi/github/cm4ai_codefest2025/analysis/cell_crops,B2AI_1_Paclitaxel_A2_R17_z01_yellow_,246,B2AI_1_Paclitaxel_A2_R17_z01_yellow
,/Users/ashi/github/cm4ai_codefest2025/analysis/cell_crops/yellow/B2AI_1_Paclitaxel_A2_R17_z01_yellow_cell247.png,,,/Users/ashi/github/cm4ai_codefest2025/analysis/cell_crops,B2AI_1_Paclitaxel_A2_R17_z01_yellow_,247,B2AI_1_Paclitaxel_A2_R17_z01_yellow
,/Users/ashi/github/cm4ai_codefest2025/analysis/cell_crops/yellow/B2AI_1_Paclitaxel_A2_R17_z01_yellow_cell248.png,,,/Users/ashi/github/cm4ai_codefest2025/analysis/cell_crops,B2AI_1_Paclitaxel_A2_R17_z01_yellow_,248,B2AI_1_Paclitaxel_A2_R17_z01_yellow
,/Users/ashi/github/cm4ai_codefest2025/analysis/cell_crops/yellow/B2AI_1_Paclitaxel_A2_R17_z01_yellow_cell249.png,,,/Users/ashi/github/cm4ai_codefest2025/analysis/cell_crops,B2AI_1_Paclitaxel_A2_R17_z01_yellow_,249,B2AI_1_Paclitaxel_A2_R17_z01_yellow
,/Users/ashi/github/cm4ai_codefest2025/analysis/cell_crops/yellow/B2AI_1_Paclitaxel_A2_R17_z01_yellow_cell250.png,,,/Users/ashi/github/cm4ai_codefest2025/analysis/cell_crops,B2AI_1_Paclitaxel_A2_R17_z01_yellow_,250,B2AI_1_Paclitaxel_A2_R17_z01_yellow
,/Users/ashi/github/cm4ai_codefest2025/analysis/cell_crops/yellow/B2AI_1_Paclitaxel_A2_R17_z01_yellow_cell251.png,,,/Users/ashi/github/cm4ai_codefest2025/analysis/cell_crops,B2AI_1_Paclitaxel_A2_R17_z01_yellow_,251,B2AI_1_Paclitaxel_A2_R17_z01_yellow
,/Users/ashi/github/cm4ai_codefest2025/analysis/cell_crops/yellow/B2AI_1_Paclitaxel_A2_R17_z01_yellow_cell252.png,,,/Users/ashi/github/cm4ai_codefest2025/analysis/cell_crops,B2AI_1_Paclitaxel_A2_R17_z01_yellow_,252,B2AI_1_Paclitaxel_A2_R17_z01_yellow
,/Users/ashi/github/cm4ai_codefest2025/analysis/cell_crops/yellow/B2AI_1_Paclitaxel_A2_R17_z01_yellow_cell253.png,,,/Users/ashi/github/cm4ai_codefest2025/analysis/cell_crops,B2AI_1_Paclitaxel_A2_R17_z01_yellow_,253,B2AI_1_Paclitaxel_A2_R17_z01_yellow
,/Users/ashi/github/cm4ai_codefest2025/analysis/cell_crops/yellow/B2AI_1_Paclitaxel_A2_R17_z01_yellow_cell254.png,,,/Users/ashi/github/cm4ai_codefest2025/analysis/cell_crops,B2AI_1_Paclitaxel_A2_R17_z01_yellow_,254,B2AI_1_Paclitaxel_A2_R17_z01_yellow
,/Users/ashi/github/cm4ai_codefest2025/analysis/cell_crops/yellow/B2AI_1_Paclitaxel_A2_R17_z01_yellow_cell255.png,,,/Users/ashi/github/cm4ai_codefest2025/analysis/cell_crops,B2AI_1_Paclitaxel_A2_R17_z01_yellow_,255,B2AI_1_Paclitaxel_A2_R17_z01_yellow
,/Users/ashi/github/cm4ai_codefest2025/analysis/cell_crops/yellow/B2AI_1_Paclitaxel_A2_R17_z01_yellow_cell256.png,,,/Users/ashi/github/cm4ai_codefest2025/analysis/cell_crops,B2AI_1_Paclitaxel_A2_R17_z01_yellow_,256,B2AI_1_Paclitaxel_A2_R17_z01_yellow
,/Users/ashi/github/cm4ai_codefest2025/analysis/cell_crops/yellow/B2AI_1_Paclitaxel_A2_R17_z01_yellow_cell257.png,,,/Users/ashi/github/cm4ai_codefest2025/analysis/cell_crops,B2AI_1_Paclitaxel_A2_R17_z01_yellow_,257,B2AI_1_Paclitaxel_A2_R17_z01_yellow
,/Users/ashi/github/cm4ai_codefest2025/analysis/cell_crops/yellow/B2AI_1_Paclitaxel_A2_R17_z01_yellow_cell258.png,,,/Users/ashi/github/cm4ai_codefest2025/analysis/cell_crops,B2AI_1_Paclitaxel_A2_R17_z01_yellow_,258,B2AI_1_Paclitaxel_A2_R17_z01_yellow
,/Users/ashi/github/cm4ai_codefest2025/analysis/cell_crops/yellow/B2AI_1_Paclitaxel_A2_R17_z01_yellow_cell259.png,,,/Users/ashi/github/cm4ai_codefest2025/analysis/cell_crops,B2AI_1_Paclitaxel_A2_R17_z01_yellow_,259,B2AI_1_Paclitaxel_A2_R17_z01_yellow
,/Users/ashi/github/cm4ai_codefest2025/analysis/cell_crops/yellow/B2AI_1_Paclitaxel_A2_R17_z01_yellow_cell260.png,,,/Users/ashi/github/cm4ai_codefest2025/analysis/cell_crops,B2AI_1_Paclitaxel_A2_R17_z01_yellow_,260,B2AI_1_Paclitaxel_A2_R17_z01_yellow
,/Users/ashi/github/cm4ai_codefest2025/analysis/cell_crops/yellow/B2AI_1_Paclitaxel_A2_R17_z01_yellow_cell261.png,,,/Users/ashi/github/cm4ai_codefest2025/analysis/cell_crops,B2AI_1_Paclitaxel_A2_R17_z01_yellow_,261,B2AI_1_Paclitaxel_A2_R17_z01_yellow
,/Users/ashi/github/cm4ai_codefest2025/analysis/cell_crops/yellow/B2AI_1_Paclitaxel_A2_R17_z01_yellow_cell262.png,,,/Users/ashi/github/cm4ai_codefest2025/analysis/cell_crops,B2AI_1_Paclitaxel_A2_R17_z01_yellow_,262,B2AI_1_Paclitaxel_A2_R17_z01_yellow
,/Users/ashi/github/cm4ai_codefest2025/analysis/cell_crops/yellow/B2AI_1_Paclitaxel_A2_R17_z01_yellow_cell263.png,,,/Users/ashi/github/cm4ai_codefest2025/analysis/cell_crops,B2AI_1_Paclitaxel_A2_R17_z01_yellow_,263,B2AI_1_Paclitaxel_A2_R17_z01_yellow
,/Users/ashi/github/cm4ai_codefest2025/analysis/cell_crops/yellow/B2AI_1_Paclitaxel_A2_R17_z01_yellow_cell264.png,,,/Users/ashi/github/cm4ai_codefest2025/analysis/cell_crops,B2AI_1_Paclitaxel_A2_R17_z01_yellow_,264,B2AI_1_Paclitaxel_A2_R17_z01_yellow
,/Users/ashi/github/cm4ai_codefest2025/analysis/cell_crops/yellow/B2AI_1_Paclitaxel_A2_R17_z01_yellow_cell265.png,,,/Users/ashi/github/cm4ai_codefest2025/analysis/cell_crops,B2AI_1_Paclitaxel_A2_R17_z01_yellow_,265,B2AI_1_Paclitaxel_A2_R17_z01_yellow
,/Users/ashi/github/cm4ai_codefest2025/analysis/cell_crops/yellow/B2AI_1_Paclitaxel_A2_R17_z01_yellow_cell266.png,,,/Users/ashi/github/cm4ai_codefest2025/analysis/cell_crops,B2AI_1_Paclitaxel_A2_R17_z01_yellow_,266,B2AI_1_Paclitaxel_A2_R17_z01_yellow
,/Users/ashi/github/cm4ai_codefest2025/analysis/cell_crops/yellow/B2AI_1_Paclitaxel_A2_R17_z01_yellow_cell267.png,,,/Users/ashi/github/cm4ai_codefest2025/analysis/cell_crops,B2AI_1_Paclitaxel_A2_R17_z01_yellow_,267,B2AI_1_Paclitaxel_A2_R17_z01_yellow
,/Users/ashi/github/cm4ai_codefest2025/analysis/cell_crops/yellow/B2AI_1_Paclitaxel_A2_R17_z01_yellow_cell268.png,,,/Users/ashi/github/cm4ai_codefest2025/analysis/cell_crops,B2AI_1_Paclitaxel_A2_R17_z01_yellow_,268,B2AI_1_Paclitaxel_A2_R17_z01_yellow
,/Users/ashi/github/cm4ai_codefest2025/analysis/cell_crops/yellow/B2AI_1_Paclitaxel_A2_R17_z01_yellow_cell269.png,,,/Users/ashi/github/cm4ai_codefest2025/analysis/cell_crops,B2AI_1_Paclitaxel_A2_R17_z01_yellow_,269,B2AI_1_Paclitaxel_A2_R17_z01_yellow
,/Users/ashi/github/cm4ai_codefest2025/analysis/cell_crops/yellow/B2AI_1_Paclitaxel_A2_R17_z01_yellow_cell270.png,,,/Users/ashi/github/cm4ai_codefest2025/analysis/cell_crops,B2AI_1_Paclitaxel_A2_R17_z01_yellow_,270,B2AI_1_Paclitaxel_A2_R17_z01_yellow
,/Users/ashi/github/cm4ai_codefest2025/analysis/cell_crops/yellow/B2AI_1_Paclitaxel_A2_R17_z01_yellow_cell271.png,,,/Users/ashi/github/cm4ai_codefest2025/analysis/cell_crops,B2AI_1_Paclitaxel_A2_R17_z01_yellow_,271,B2AI_1_Paclitaxel_A2_R17_z01_yellow
,/Users/ashi/github/cm4ai_codefest2025/analysis/cell_crops/yellow/B2AI_1_Paclitaxel_A2_R17_z01_yellow_cell272.png,,,/Users/ashi/github/cm4ai_codefest2025/analysis/cell_crops,B2AI_1_Paclitaxel_A2_R17_z01_yellow_,272,B2AI_1_Paclitaxel_A2_R17_z01_yellow
,/Users/ashi/github/cm4ai_codefest2025/analysis/cell_crops/yellow/B2AI_1_Paclitaxel_A2_R17_z01_yellow_cell273.png,,,/Users/ashi/github/cm4ai_codefest2025/analysis/cell_crops,B2AI_1_Paclitaxel_A2_R17_z01_yellow_,273,B2AI_1_Paclitaxel_A2_R17_z01_yellow
,/Users/ashi/github/cm4ai_codefest2025/analysis/cell_crops/yellow/B2AI_1_Paclitaxel_A2_R17_z01_yellow_cell274.png,,,/Users/ashi/github/cm4ai_codefest2025/analysis/cell_crops,B2AI_1_Paclitaxel_A2_R17_z01_yellow_,274,B2AI_1_Paclitaxel_A2_R17_z01_yellow
,/Users/ashi/github/cm4ai_codefest2025/analysis/cell_crops/yellow/B2AI_1_Paclitaxel_A2_R17_z01_yellow_cell275.png,,,/Users/ashi/github/cm4ai_codefest2025/analysis/cell_crops,B2AI_1_Paclitaxel_A2_R17_z01_yellow_,275,B2AI_1_Paclitaxel_A2_R17_z01_yellow
,/Users/ashi/github/cm4ai_codefest2025/analysis/cell_crops/yellow/B2AI_1_Paclitaxel_A2_R17_z01_yellow_cell276.png,,,/Users/ashi/github/cm4ai_codefest2025/analysis/cell_crops,B2AI_1_Paclitaxel_A2_R17_z01_yellow_,276,B2AI_1_Paclitaxel_A2_R17_z01_yellow
,/Users/ashi/github/cm4ai_codefest2025/analysis/cell_crops/yellow/B2AI_1_Paclitaxel_A2_R17_z01_yellow_cell277.png,,,/Users/ashi/github/cm4ai_codefest2025/analysis/cell_crops,B2AI_1_Paclitaxel_A2_R17_z01_yellow_,277,B2AI_1_Paclitaxel_A2_R17_z01_yellow
,/Users/ashi/github/cm4ai_codefest2025/analysis/cell_crops/yellow/B2AI_1_Paclitaxel_A2_R17_z01_yellow_cell278.png,,,/Users/ashi/github/cm4ai_codefest2025/analysis/cell_crops,B2AI_1_Paclitaxel_A2_R17_z01_yellow_,278,B2AI_1_Paclitaxel_A2_R17_z01_yellow
,/Users/ashi/github/cm4ai_codefest2025/analysis/cell_crops/yellow/B2AI_1_Paclitaxel_A2_R17_z01_yellow_cell279.png,,,/Users/ashi/github/cm4ai_codefest2025/analysis/cell_crops,B2AI_1_Paclitaxel_A2_R17_z01_yellow_,279,B2AI_1_Paclitaxel_A2_R17_z01_yellow
,/Users/ashi/github/cm4ai_codefest2025/analysis/cell_crops/yellow/B2AI_1_Paclitaxel_A2_R17_z01_yellow_cell280.png,,,/Users/ashi/github/cm4ai_codefest2025/analysis/cell_crops,B2AI_1_Paclitaxel_A2_R17_z01_yellow_,280,B2AI_1_Paclitaxel_A2_R17_z01_yellow
,/Users/ashi/github/cm4ai_codefest2025/analysis/cell_crops/yellow/B2AI_1_Paclitaxel_A2_R17_z01_yellow_cell281.png,,,/Users/ashi/github/cm4ai_codefest2025/analysis/cell_crops,B2AI_1_Paclitaxel_A2_R17_z01_yellow_,281,B2AI_1_Paclitaxel_A2_R17_z01_yellow
,/Users/ashi/github/cm4ai_codefest2025/analysis/cell_crops/yellow/B2AI_1_Paclitaxel_A2_R17_z01_yellow_cell282.png,,,/Users/ashi/github/cm4ai_codefest2025/analysis/cell_crops,B2AI_1_Paclitaxel_A2_R17_z01_yellow_,282,B2AI_1_Paclitaxel_A2_R17_z01_yellow
,/Users/ashi/github/cm4ai_codefest2025/analysis/cell_crops/yellow/B2AI_1_Paclitaxel_A2_R17_z01_yellow_cell283.png,,,/Users/ashi/github/cm4ai_codefest2025/analysis/cell_crops,B2AI_1_Paclitaxel_A2_R17_z01_yellow_,283,B2AI_1_Paclitaxel_A2_R17_z01_yellow
,/Users/ashi/github/cm4ai_codefest2025/analysis/cell_crops/yellow/B2AI_1_Paclitaxel_A2_R17_z01_yellow_cell284.png,,,/Users/ashi/github/cm4ai_codefest2025/analysis/cell_crops,B2AI_1_Paclitaxel_A2_R17_z01_yellow_,284,B2AI_1_Paclitaxel_A2_R17_z01_yellow
,/Users/ashi/github/cm4ai_codefest2025/analysis/cell_crops/yellow/B2AI_1_Paclitaxel_A2_R17_z01_yellow_cell285.png,,,/Users/ashi/github/cm4ai_codefest2025/analysis/cell_crops,B2AI_1_Paclitaxel_A2_R17_z01_yellow_,285,B2AI_1_Paclitaxel_A2_R17_z01_yellow
,/Users/ashi/github/cm4ai_codefest2025/analysis/cell_crops/yellow/B2AI_1_Paclitaxel_A2_R17_z01_yellow_cell286.png,,,/Users/ashi/github/cm4ai_codefest2025/analysis/cell_crops,B2AI_1_Paclitaxel_A2_R17_z01_yellow_,286,B2AI_1_Paclitaxel_A2_R17_z01_yellow
,/Users/ashi/github/cm4ai_codefest2025/analysis/cell_crops/yellow/B2AI_1_Paclitaxel_A2_R17_z01_yellow_cell287.png,,,/Users/ashi/github/cm4ai_codefest2025/analysis/cell_crops,B2AI_1_Paclitaxel_A2_R17_z01_yellow_,287,B2AI_1_Paclitaxel_A2_R17_z01_yellow
,/Users/ashi/github/cm4ai_codefest2025/analysis/cell_crops/yellow/B2AI_1_Paclitaxel_A2_R17_z01_yellow_cell288.png,,,/Users/ashi/github/cm4ai_codefest2025/analysis/cell_crops,B2AI_1_Paclitaxel_A2_R17_z01_yellow_,288,B2AI_1_Paclitaxel_A2_R17_z01_yellow
,/Users/ashi/github/cm4ai_codefest2025/analysis/cell_crops/yellow/B2AI_1_Paclitaxel_A2_R17_z01_yellow_cell289.png,,,/Users/ashi/github/cm4ai_codefest2025/analysis/cell_crops,B2AI_1_Paclitaxel_A2_R17_z01_yellow_,289,B2AI_1_Paclitaxel_A2_R17_z01_yellow
,/Users/ashi/github/cm4ai_codefest2025/analysis/cell_crops/yellow/B2AI_1_Paclitaxel_A2_R17_z01_yellow_cell290.png,,,/Users/ashi/github/cm4ai_codefest2025/analysis/cell_crops,B2AI_1_Paclitaxel_A2_R17_z01_yellow_,290,B2AI_1_Paclitaxel_A2_R17_z01_yellow
,/Users/ashi/github/cm4ai_codefest2025/analysis/cell_crops/yellow/B2AI_1_Paclitaxel_A2_R17_z01_yellow_cell291.png,,,/Users/ashi/github/cm4ai_codefest2025/analysis/cell_crops,B2AI_1_Paclitaxel_A2_R17_z01_yellow_,291,B2AI_1_Paclitaxel_A2_R17_z01_yellow
,/Users/ashi/github/cm4ai_codefest2025/analysis/cell_crops/yellow/B2AI_1_Paclitaxel_A2_R17_z01_yellow_cell292.png,,,/Users/ashi/github/cm4ai_codefest2025/analysis/cell_crops,B2AI_1_Paclitaxel_A2_R17_z01_yellow_,292,B2AI_1_Paclitaxel_A2_R17_z01_yellow
,/Users/ashi/github/cm4ai_codefest2025/analysis/cell_crops/yellow/B2AI_1_Paclitaxel_A2_R17_z01_yellow_cell293.png,,,/Users/ashi/github/cm4ai_codefest2025/analysis/cell_crops,B2AI_1_Paclitaxel_A2_R17_z01_yellow_,293,B2AI_1_Paclitaxel_A2_R17_z01_yellow
,/Users/ashi/github/cm4ai_codefest2025/analysis/cell_crops/yellow/B2AI_1_Paclitaxel_A2_R17_z01_yellow_cell294.png,,,/Users/ashi/github/cm4ai_codefest2025/analysis/cell_crops,B2AI_1_Paclitaxel_A2_R17_z01_yellow_,294,B2AI_1_Paclitaxel_A2_R17_z01_yellow
,/Users/ashi/github/cm4ai_codefest2025/analysis/cell_crops/yellow/B2AI_1_Paclitaxel_A2_R17_z01_yellow_cell295.png,,,/Users/ashi/github/cm4ai_codefest2025/analysis/cell_crops,B2AI_1_Paclitaxel_A2_R17_z01_yellow_,295,B2AI_1_Paclitaxel_A2_R17_z01_yellow
,/Users/ashi/github/cm4ai_codefest2025/analysis/cell_crops/yellow/B2AI_1_Paclitaxel_A2_R17_z01_yellow_cell296.png,,,/Users/ashi/github/cm4ai_codefest2025/analysis/cell_crops,B2AI_1_Paclitaxel_A2_R17_z01_yellow_,296,B2AI_1_Paclitaxel_A2_R17_z01_yellow
,/Users/ashi/github/cm4ai_codefest2025/analysis/cell_crops/yellow/B2AI_1_Paclitaxel_A2_R17_z01_yellow_cell297.png,,,/Users/ashi/github/cm4ai_codefest2025/analysis/cell_crops,B2AI_1_Paclitaxel_A2_R17_z01_yellow_,297,B2AI_1_Paclitaxel_A2_R17_z01_yellow
,/Users/ashi/github/cm4ai_codefest2025/analysis/cell_crops/yellow/B2AI_1_Paclitaxel_A2_R17_z01_yellow_cell298.png,,,/Users/ashi/github/cm4ai_codefest2025/analysis/cell_crops,B2AI_1_Paclitaxel_A2_R17_z01_yellow_,298,B2AI_1_Paclitaxel_A2_R17_z01_yellow
,/Users/ashi/github/cm4ai_codefest2025/analysis/cell_crops/yellow/B2AI_1_Paclitaxel_A2_R17_z01_yellow_cell299.png,,,/Users/ashi/github/cm4ai_codefest2025/analysis/cell_crops,B2AI_1_Paclitaxel_A2_R17_z01_yellow_,299,B2AI_1_Paclitaxel_A2_R17_z01_yellow
,/Users/ashi/github/cm4ai_codefest2025/analysis/cell_crops/yellow/B2AI_1_Paclitaxel_A2_R17_z01_yellow_cell300.png,,,/Users/ashi/github/cm4ai_codefest2025/analysis/cell_crops,B2AI_1_Paclitaxel_A2_R17_z01_yellow_,300,B2AI_1_Paclitaxel_A2_R17_z01_yellow
,/Users/ashi/github/cm4ai_codefest2025/analysis/cell_crops/yellow/B2AI_1_Paclitaxel_A2_R17_z01_yellow_cell301.png,,,/Users/ashi/github/cm4ai_codefest2025/analysis/cell_crops,B2AI_1_Paclitaxel_A2_R17_z01_yellow_,301,B2AI_1_Paclitaxel_A2_R17_z01_yellow
,/Users/ashi/github/cm4ai_codefest2025/analysis/cell_crops/yellow/B2AI_1_Paclitaxel_A2_R17_z01_yellow_cell302.png,,,/Users/ashi/github/cm4ai_codefest2025/analysis/cell_crops,B2AI_1_Paclitaxel_A2_R17_z01_yellow_,302,B2AI_1_Paclitaxel_A2_R17_z01_yellow
,/Users/ashi/github/cm4ai_codefest2025/analysis/cell_crops/yellow/B2AI_1_Paclitaxel_A2_R17_z01_yellow_cell303.png,,,/Users/ashi/github/cm4ai_codefest2025/analysis/cell_crops,B2AI_1_Paclitaxel_A2_R17_z01_yellow_,303,B2AI_1_Paclitaxel_A2_R17_z01_yellow
,/Users/ashi/github/cm4ai_codefest2025/analysis/cell_crops/yellow/B2AI_1_Paclitaxel_A2_R17_z01_yellow_cell304.png,,,/Users/ashi/github/cm4ai_codefest2025/analysis/cell_crops,B2AI_1_Paclitaxel_A2_R17_z01_yellow_,304,B2AI_1_Paclitaxel_A2_R17_z01_yellow
,/Users/ashi/github/cm4ai_codefest2025/analysis/cell_crops/yellow/B2AI_1_Paclitaxel_A2_R17_z01_yellow_cell305.png,,,/Users/ashi/github/cm4ai_codefest2025/analysis/cell_crops,B2AI_1_Paclitaxel_A2_R17_z01_yellow_,305,B2AI_1_Paclitaxel_A2_R17_z01_yellow
,/Users/ashi/github/cm4ai_codefest2025/analysis/cell_crops/yellow/B2AI_1_Paclitaxel_A2_R17_z01_yellow_cell306.png,,,/Users/ashi/github/cm4ai_codefest2025/analysis/cell_crops,B2AI_1_Paclitaxel_A2_R17_z01_yellow_,306,B2AI_1_Paclitaxel_A2_R17_z01_yellow
,/Users/ashi/github/cm4ai_codefest2025/analysis/cell_crops/yellow/B2AI_1_Paclitaxel_A2_R17_z01_yellow_cell307.png,,,/Users/ashi/github/cm4ai_codefest2025/analysis/cell_crops,B2AI_1_Paclitaxel_A2_R17_z01_yellow_,307,B2AI_1_Paclitaxel_A2_R17_z01_yellow
,/Users/ashi/github/cm4ai_codefest2025/analysis/cell_crops/yellow/B2AI_1_Paclitaxel_A2_R17_z01_yellow_cell308.png,,,/Users/ashi/github/cm4ai_codefest2025/analysis/cell_crops,B2AI_1_Paclitaxel_A2_R17_z01_yellow_,308,B2AI_1_Paclitaxel_A2_R17_z01_yellow
,/Users/ashi/github/cm4ai_codefest2025/analysis/cell_crops/yellow/B2AI_1_Paclitaxel_A2_R17_z01_yellow_cell309.png,,,/Users/ashi/github/cm4ai_codefest2025/analysis/cell_crops,B2AI_1_Paclitaxel_A2_R17_z01_yellow_,309,B2AI_1_Paclitaxel_A2_R17_z01_yellow
,/Users/ashi/github/cm4ai_codefest2025/analysis/cell_crops/yellow/B2AI_1_Paclitaxel_A2_R17_z01_yellow_cell310.png,,,/Users/ashi/github/cm4ai_codefest2025/analysis/cell_crops,B2AI_1_Paclitaxel_A2_R17_z01_yellow_,310,B2AI_1_Paclitaxel_A2_R17_z01_yellow
,/Users/ashi/github/cm4ai_codefest2025/analysis/cell_crops/yellow/B2AI_1_Paclitaxel_A2_R17_z01_yellow_cell311.png,,,/Users/ashi/github/cm4ai_codefest2025/analysis/cell_crops,B2AI_1_Paclitaxel_A2_R17_z01_yellow_,311,B2AI_1_Paclitaxel_A2_R17_z01_yellow
,/Users/ashi/github/cm4ai_codefest2025/analysis/cell_crops/yellow/B2AI_1_Paclitaxel_A2_R17_z01_yellow_cell312.png,,,/Users/ashi/github/cm4ai_codefest2025/analysis/cell_crops,B2AI_1_Paclitaxel_A2_R17_z01_yellow_,312,B2AI_1_Paclitaxel_A2_R17_z01_yellow
,/Users/ashi/github/cm4ai_codefest2025/analysis/cell_crops/yellow/B2AI_1_Paclitaxel_A2_R17_z01_yellow_cell313.png,,,/Users/ashi/github/cm4ai_codefest2025/analysis/cell_crops,B2AI_1_Paclitaxel_A2_R17_z01_yellow_,313,B2AI_1_Paclitaxel_A2_R17_z01_yellow
,/Users/ashi/github/cm4ai_codefest2025/analysis/cell_crops/yellow/B2AI_1_Paclitaxel_A2_R17_z01_yellow_cell314.png,,,/Users/ashi/github/cm4ai_codefest2025/analysis/cell_crops,B2AI_1_Paclitaxel_A2_R17_z01_yellow_,314,B2AI_1_Paclitaxel_A2_R17_z01_yellow
,/Users/ashi/github/cm4ai_codefest2025/analysis/cell_crops/yellow/B2AI_1_Paclitaxel_A2_R17_z01_yellow_cell315.png,,,/Users/ashi/github/cm4ai_codefest2025/analysis/cell_crops,B2AI_1_Paclitaxel_A2_R17_z01_yellow_,315,B2AI_1_Paclitaxel_A2_R17_z01_yellow
,/Users/ashi/github/cm4ai_codefest2025/analysis/cell_crops/yellow/B2AI_1_Paclitaxel_A2_R17_z01_yellow_cell316.png,,,/Users/ashi/github/cm4ai_codefest2025/analysis/cell_crops,B2AI_1_Paclitaxel_A2_R17_z01_yellow_,316,B2AI_1_Paclitaxel_A2_R17_z01_yellow
,/Users/ashi/github/cm4ai_codefest2025/analysis/cell_crops/yellow/B2AI_1_Paclitaxel_A2_R17_z01_yellow_cell317.png,,,/Users/ashi/github/cm4ai_codefest2025/analysis/cell_crops,B2AI_1_Paclitaxel_A2_R17_z01_yellow_,317,B2AI_1_Paclitaxel_A2_R17_z01_yellow
,/Users/ashi/github/cm4ai_codefest2025/analysis/cell_crops/yellow/B2AI_1_Paclitaxel_A2_R17_z01_yellow_cell318.png,,,/Users/ashi/github/cm4ai_codefest2025/analysis/cell_crops,B2AI_1_Paclitaxel_A2_R17_z01_yellow_,318,B2AI_1_Paclitaxel_A2_R17_z01_yellow
,/Users/ashi/github/cm4ai_codefest2025/analysis/cell_crops/yellow/B2AI_1_Paclitaxel_A2_R17_z01_yellow_cell319.png,,,/Users/ashi/github/cm4ai_codefest2025/analysis/cell_crops,B2AI_1_Paclitaxel_A2_R17_z01_yellow_,319,B2AI_1_Paclitaxel_A2_R17_z01_yellow
,/Users/ashi/github/cm4ai_codefest2025/analysis/cell_crops/yellow/B2AI_1_Paclitaxel_A2_R17_z01_yellow_cell320.png,,,/Users/ashi/github/cm4ai_codefest2025/analysis/cell_crops,B2AI_1_Paclitaxel_A2_R17_z01_yellow_,320,B2AI_1_Paclitaxel_A2_R17_z01_yellow
,/Users/ashi/github/cm4ai_codefest2025/analysis/cell_crops/yellow/B2AI_1_Paclitaxel_A2_R17_z01_yellow_cell321.png,,,/Users/ashi/github/cm4ai_codefest2025/analysis/cell_crops,B2AI_1_Paclitaxel_A2_R17_z01_yellow_,321,B2AI_1_Paclitaxel_A2_R17_z01_yellow
,/Users/ashi/github/cm4ai_codefest2025/analysis/cell_crops/yellow/B2AI_1_Paclitaxel_A2_R17_z01_yellow_cell322.png,,,/Users/ashi/github/cm4ai_codefest2025/analysis/cell_crops,B2AI_1_Paclitaxel_A2_R17_z01_yellow_,322,B2AI_1_Paclitaxel_A2_R17_z01_yellow
,/Users/ashi/github/cm4ai_codefest2025/analysis/cell_crops/yellow/B2AI_1_Paclitaxel_A2_R17_z01_yellow_cell323.png,,,/Users/ashi/github/cm4ai_codefest2025/analysis/cell_crops,B2AI_1_Paclitaxel_A2_R17_z01_yellow_,323,B2AI_1_Paclitaxel_A2_R17_z01_yellow
,/Users/ashi/github/cm4ai_codefest2025/analysis/cell_crops/yellow/B2AI_1_Paclitaxel_A2_R17_z01_yellow_cell324.png,,,/Users/ashi/github/cm4ai_codefest2025/analysis/cell_crops,B2AI_1_Paclitaxel_A2_R17_z01_yellow_,324,B2AI_1_Paclitaxel_A2_R17_z01_yellow
,/Users/ashi/github/cm4ai_codefest2025/analysis/cell_crops/yellow/B2AI_1_Paclitaxel_A2_R17_z01_yellow_cell325.png,,,/Users/ashi/github/cm4ai_codefest2025/analysis/cell_crops,B2AI_1_Paclitaxel_A2_R17_z01_yellow_,325,B2AI_1_Paclitaxel_A2_R17_z01_yellow
,/Users/ashi/github/cm4ai_codefest2025/analysis/cell_crops/yellow/B2AI_1_Paclitaxel_A2_R17_z01_yellow_cell326.png,,,/Users/ashi/github/cm4ai_codefest2025/analysis/cell_crops,B2AI_1_Paclitaxel_A2_R17_z01_yellow_,326,B2AI_1_Paclitaxel_A2_R17_z01_yellow
,/Users/ashi/github/cm4ai_codefest2025/analysis/cell_crops/yellow/B2AI_1_Paclitaxel_A2_R17_z01_yellow_cell327.png,,,/Users/ashi/github/cm4ai_codefest2025/analysis/cell_crops,B2AI_1_Paclitaxel_A2_R17_z01_yellow_,327,B2AI_1_Paclitaxel_A2_R17_z01_yellow
,/Users/ashi/github/cm4ai_codefest2025/analysis/cell_crops/yellow/B2AI_1_Paclitaxel_A2_R17_z01_yellow_cell328.png,,,/Users/ashi/github/cm4ai_codefest2025/analysis/cell_crops,B2AI_1_Paclitaxel_A2_R17_z01_yellow_,328,B2AI_1_Paclitaxel_A2_R17_z01_yellow
,/Users/ashi/github/cm4ai_codefest2025/analysis/cell_crops/yellow/B2AI_1_Paclitaxel_A2_R17_z01_yellow_cell329.png,,,/Users/ashi/github/cm4ai_codefest2025/analysis/cell_crops,B2AI_1_Paclitaxel_A2_R17_z01_yellow_,329,B2AI_1_Paclitaxel_A2_R17_z01_yellow
,/Users/ashi/github/cm4ai_codefest2025/analysis/cell_crops/yellow/B2AI_1_Paclitaxel_A2_R17_z01_yellow_cell330.png,,,/Users/ashi/github/cm4ai_codefest2025/analysis/cell_crops,B2AI_1_Paclitaxel_A2_R17_z01_yellow_,330,B2AI_1_Paclitaxel_A2_R17_z01_yellow
,/Users/ashi/github/cm4ai_codefest2025/analysis/cell_crops/yellow/B2AI_1_Paclitaxel_A2_R17_z01_yellow_cell331.png,,,/Users/ashi/github/cm4ai_codefest2025/analysis/cell_crops,B2AI_1_Paclitaxel_A2_R17_z01_yellow_,331,B2AI_1_Paclitaxel_A2_R17_z01_yellow
,/Users/ashi/github/cm4ai_codefest2025/analysis/cell_crops/yellow/B2AI_1_Paclitaxel_A2_R17_z01_yellow_cell332.png,,,/Users/ashi/github/cm4ai_codefest2025/analysis/cell_crops,B2AI_1_Paclitaxel_A2_R17_z01_yellow_,332,B2AI_1_Paclitaxel_A2_R17_z01_yellow
,/Users/ashi/github/cm4ai_codefest2025/analysis/cell_crops/yellow/B2AI_1_Paclitaxel_A2_R17_z01_yellow_cell333.png,,,/Users/ashi/github/cm4ai_codefest2025/analysis/cell_crops,B2AI_1_Paclitaxel_A2_R17_z01_yellow_,333,B2AI_1_Paclitaxel_A2_R17_z01_yellow
,/Users/ashi/github/cm4ai_codefest2025/analysis/cell_crops/yellow/B2AI_1_Paclitaxel_A2_R17_z01_yellow_cell334.png,,,/Users/ashi/github/cm4ai_codefest2025/analysis/cell_crops,B2AI_1_Paclitaxel_A2_R17_z01_yellow_,334,B2AI_1_Paclitaxel_A2_R17_z01_yellow
,/Users/ashi/github/cm4ai_codefest2025/analysis/cell_crops/yellow/B2AI_1_Paclitaxel_A2_R17_z01_yellow_cell335.png,,,/Users/ashi/github/cm4ai_codefest2025/analysis/cell_crops,B2AI_1_Paclitaxel_A2_R17_z01_yellow_,335,B2AI_1_Paclitaxel_A2_R17_z01_yellow
,/Users/ashi/github/cm4ai_codefest2025/analysis/cell_crops/yellow/B2AI_1_Paclitaxel_A2_R17_z01_yellow_cell336.png,,,/Users/ashi/github/cm4ai_codefest2025/analysis/cell_crops,B2AI_1_Paclitaxel_A2_R17_z01_yellow_,336,B2AI_1_Paclitaxel_A2_R17_z01_yellow
,/Users/ashi/github/cm4ai_codefest2025/analysis/cell_crops/yellow/B2AI_1_Paclitaxel_A2_R17_z01_yellow_cell337.png,,,/Users/ashi/github/cm4ai_codefest2025/analysis/cell_crops,B2AI_1_Paclitaxel_A2_R17_z01_yellow_,337,B2AI_1_Paclitaxel_A2_R17_z01_yellow
,/Users/ashi/github/cm4ai_codefest2025/analysis/cell_crops/yellow/B2AI_1_Paclitaxel_A2_R17_z01_yellow_cell338.png,,,/Users/ashi/github/cm4ai_codefest2025/analysis/cell_crops,B2AI_1_Paclitaxel_A2_R17_z01_yellow_,338,B2AI_1_Paclitaxel_A2_R17_z01_yellow
,/Users/ashi/github/cm4ai_codefest2025/analysis/cell_crops/yellow/B2AI_1_Paclitaxel_A2_R17_z01_yellow_cell339.png,,,/Users/ashi/github/cm4ai_codefest2025/analysis/cell_crops,B2AI_1_Paclitaxel_A2_R17_z01_yellow_,339,B2AI_1_Paclitaxel_A2_R17_z01_yellow
,/Users/ashi/github/cm4ai_codefest2025/analysis/cell_crops/yellow/B2AI_1_Paclitaxel_A2_R17_z01_yellow_cell340.png,,,/Users/ashi/github/cm4ai_codefest2025/analysis/cell_crops,B2AI_1_Paclitaxel_A2_R17_z01_yellow_,340,B2AI_1_Paclitaxel_A2_R17_z01_yellow
,/Users/ashi/github/cm4ai_codefest2025/analysis/cell_crops/yellow/B2AI_1_Paclitaxel_A2_R17_z01_yellow_cell341.png,,,/Users/ashi/github/cm4ai_codefest2025/analysis/cell_crops,B2AI_1_Paclitaxel_A2_R17_z01_yellow_,341,B2AI_1_Paclitaxel_A2_R17_z01_yellow
,/Users/ashi/github/cm4ai_codefest2025/analysis/cell_crops/yellow/B2AI_1_Paclitaxel_A2_R17_z01_yellow_cell342.png,,,/Users/ashi/github/cm4ai_codefest2025/analysis/cell_crops,B2AI_1_Paclitaxel_A2_R17_z01_yellow_,342,B2AI_1_Paclitaxel_A2_R17_z01_yellow
,/Users/ashi/github/cm4ai_codefest2025/analysis/cell_crops/yellow/B2AI_1_Paclitaxel_A2_R17_z01_yellow_cell343.png,,,/Users/ashi/github/cm4ai_codefest2025/analysis/cell_crops,B2AI_1_Paclitaxel_A2_R17_z01_yellow_,343,B2AI_1_Paclitaxel_A2_R17_z01_yellow
,/Users/ashi/github/cm4ai_codefest2025/analysis/cell_crops/yellow/B2AI_1_Paclitaxel_A2_R17_z01_yellow_cell344.png,,,/Users/ashi/github/cm4ai_codefest2025/analysis/cell_crops,B2AI_1_Paclitaxel_A2_R17_z01_yellow_,344,B2AI_1_Paclitaxel_A2_R17_z01_yellow
,/Users/ashi/github/cm4ai_codefest2025/analysis/cell_crops/yellow/B2AI_1_Paclitaxel_A2_R17_z01_yellow_cell345.png,,,/Users/ashi/github/cm4ai_codefest2025/analysis/cell_crops,B2AI_1_Paclitaxel_A2_R17_z01_yellow_,345,B2AI_1_Paclitaxel_A2_R17_z01_yellow
,/Users/ashi/github/cm4ai_codefest2025/analysis/cell_crops/yellow/B2AI_1_Paclitaxel_A2_R17_z01_yellow_cell346.png,,,/Users/ashi/github/cm4ai_codefest2025/analysis/cell_crops,B2AI_1_Paclitaxel_A2_R17_z01_yellow_,346,B2AI_1_Paclitaxel_A2_R17_z01_yellow
,/Users/ashi/github/cm4ai_codefest2025/analysis/cell_crops/yellow/B2AI_1_Paclitaxel_A2_R17_z01_yellow_cell347.png,,,/Users/ashi/github/cm4ai_codefest2025/analysis/cell_crops,B2AI_1_Paclitaxel_A2_R17_z01_yellow_,347,B2AI_1_Paclitaxel_A2_R17_z01_yellow
,/Users/ashi/github/cm4ai_codefest2025/analysis/cell_crops/yellow/B2AI_1_Paclitaxel_A2_R17_z01_yellow_cell348.png,,,/Users/ashi/github/cm4ai_codefest2025/analysis/cell_crops,B2AI_1_Paclitaxel_A2_R17_z01_yellow_,348,B2AI_1_Paclitaxel_A2_R17_z01_yellow
,/Users/ashi/github/cm4ai_codefest2025/analysis/cell_crops/yellow/B2AI_1_Paclitaxel_A2_R17_z01_yellow_cell349.png,,,/Users/ashi/github/cm4ai_codefest2025/analysis/cell_crops,B2AI_1_Paclitaxel_A2_R17_z01_yellow_,349,B2AI_1_Paclitaxel_A2_R17_z01_yellow
,/Users/ashi/github/cm4ai_codefest2025/analysis/cell_crops/yellow/B2AI_1_Paclitaxel_A2_R17_z01_yellow_cell350.png,,,/Users/ashi/github/cm4ai_codefest2025/analysis/cell_crops,B2AI_1_Paclitaxel_A2_R17_z01_yellow_,350,B2AI_1_Paclitaxel_A2_R17_z01_yellow
,/Users/ashi/github/cm4ai_codefest2025/analysis/cell_crops/yellow/B2AI_1_Paclitaxel_A2_R17_z01_yellow_cell351.png,,,/Users/ashi/github/cm4ai_codefest2025/analysis/cell_crops,B2AI_1_Paclitaxel_A2_R17_z01_yellow_,351,B2AI_1_Paclitaxel_A2_R17_z01_yellow
,/Users/ashi/github/cm4ai_codefest2025/analysis/cell_crops/yellow/B2AI_1_Paclitaxel_A2_R17_z01_yellow_cell352.png,,,/Users/ashi/github/cm4ai_codefest2025/analysis/cell_crops,B2AI_1_Paclitaxel_A2_R17_z01_yellow_,352,B2AI_1_Paclitaxel_A2_R17_z01_yellow
,/Users/ashi/github/cm4ai_codefest2025/analysis/cell_crops/yellow/B2AI_1_Paclitaxel_A2_R17_z01_yellow_cell353.png,,,/Users/ashi/github/cm4ai_codefest2025/analysis/cell_crops,B2AI_1_Paclitaxel_A2_R17_z01_yellow_,353,B2AI_1_Paclitaxel_A2_R17_z01_yellow
,/Users/ashi/github/cm4ai_codefest2025/analysis/cell_crops/yellow/B2AI_1_Paclitaxel_A2_R17_z01_yellow_cell354.png,,,/Users/ashi/github/cm4ai_codefest2025/analysis/cell_crops,B2AI_1_Paclitaxel_A2_R17_z01_yellow_,354,B2AI_1_Paclitaxel_A2_R17_z01_yellow
,/Users/ashi/github/cm4ai_codefest2025/analysis/cell_crops/yellow/B2AI_1_Paclitaxel_A2_R17_z01_yellow_cell355.png,,,/Users/ashi/github/cm4ai_codefest2025/analysis/cell_crops,B2AI_1_Paclitaxel_A2_R17_z01_yellow_,355,B2AI_1_Paclitaxel_A2_R17_z01_yellow
,/Users/ashi/github/cm4ai_codefest2025/analysis/cell_crops/yellow/B2AI_1_Paclitaxel_A2_R17_z01_yellow_cell356.png,,,/Users/ashi/github/cm4ai_codefest2025/analysis/cell_crops,B2AI_1_Paclitaxel_A2_R17_z01_yellow_,356,B2AI_1_Paclitaxel_A2_R17_z01_yellow
,/Users/ashi/github/cm4ai_codefest2025/analysis/cell_crops/yellow/B2AI_1_Paclitaxel_A2_R17_z01_yellow_cell357.png,,,/Users/ashi/github/cm4ai_codefest2025/analysis/cell_crops,B2AI_1_Paclitaxel_A2_R17_z01_yellow_,357,B2AI_1_Paclitaxel_A2_R17_z01_yellow
,/Users/ashi/github/cm4ai_codefest2025/analysis/cell_crops/yellow/B2AI_1_Paclitaxel_A2_R17_z01_yellow_cell358.png,,,/Users/ashi/github/cm4ai_codefest2025/analysis/cell_crops,B2AI_1_Paclitaxel_A2_R17_z01_yellow_,358,B2AI_1_Paclitaxel_A2_R17_z01_yellow
,/Users/ashi/github/cm4ai_codefest2025/analysis/cell_crops/yellow/B2AI_1_Paclitaxel_A2_R17_z01_yellow_cell359.png,,,/Users/ashi/github/cm4ai_codefest2025/analysis/cell_crops,B2AI_1_Paclitaxel_A2_R17_z01_yellow_,359,B2AI_1_Paclitaxel_A2_R17_z01_yellow
,/Users/ashi/github/cm4ai_codefest2025/analysis/cell_crops/yellow/B2AI_1_Paclitaxel_A2_R17_z01_yellow_cell360.png,,,/Users/ashi/github/cm4ai_codefest2025/analysis/cell_crops,B2AI_1_Paclitaxel_A2_R17_z01_yellow_,360,B2AI_1_Paclitaxel_A2_R17_z01_yellow
,/Users/ashi/github/cm4ai_codefest2025/analysis/cell_crops/yellow/B2AI_1_Paclitaxel_A2_R17_z01_yellow_cell361.png,,,/Users/ashi/github/cm4ai_codefest2025/analysis/cell_crops,B2AI_1_Paclitaxel_A2_R17_z01_yellow_,361,B2AI_1_Paclitaxel_A2_R17_z01_yellow
,/Users/ashi/github/cm4ai_codefest2025/analysis/cell_crops/yellow/B2AI_1_Paclitaxel_A2_R17_z01_yellow_cell362.png,,,/Users/ashi/github/cm4ai_codefest2025/analysis/cell_crops,B2AI_1_Paclitaxel_A2_R17_z01_yellow_,362,B2AI_1_Paclitaxel_A2_R17_z01_yellow
,/Users/ashi/github/cm4ai_codefest2025/analysis/cell_crops/yellow/B2AI_1_Paclitaxel_A2_R17_z01_yellow_cell363.png,,,/Users/ashi/github/cm4ai_codefest2025/analysis/cell_crops,B2AI_1_Paclitaxel_A2_R17_z01_yellow_,363,B2AI_1_Paclitaxel_A2_R17_z01_yellow
,/Users/ashi/github/cm4ai_codefest2025/analysis/cell_crops/yellow/B2AI_1_Paclitaxel_A2_R17_z01_yellow_cell364.png,,,/Users/ashi/github/cm4ai_codefest2025/analysis/cell_crops,B2AI_1_Paclitaxel_A2_R17_z01_yellow_,364,B2AI_1_Paclitaxel_A2_R17_z01_yellow
,/Users/ashi/github/cm4ai_codefest2025/analysis/cell_crops/yellow/B2AI_1_Paclitaxel_A2_R17_z01_yellow_cell365.png,,,/Users/ashi/github/cm4ai_codefest2025/analysis/cell_crops,B2AI_1_Paclitaxel_A2_R17_z01_yellow_,365,B2AI_1_Paclitaxel_A2_R17_z01_yellow
,/Users/ashi/github/cm4ai_codefest2025/analysis/cell_crops/yellow/B2AI_1_Paclitaxel_A2_R18_z01_yellow_cell1.png,,,/Users/ashi/github/cm4ai_codefest2025/analysis/cell_crops,B2AI_1_Paclitaxel_A2_R18_z01_yellow_,1,B2AI_1_Paclitaxel_A2_R18_z01_yellow
,/Users/ashi/github/cm4ai_codefest2025/analysis/cell_crops/yellow/B2AI_1_Paclitaxel_A2_R18_z01_yellow_cell2.png,,,/Users/ashi/github/cm4ai_codefest2025/analysis/cell_crops,B2AI_1_Paclitaxel_A2_R18_z01_yellow_,2,B2AI_1_Paclitaxel_A2_R18_z01_yellow
,/Users/ashi/github/cm4ai_codefest2025/analysis/cell_crops/yellow/B2AI_1_Paclitaxel_A2_R18_z01_yellow_cell3.png,,,/Users/ashi/github/cm4ai_codefest2025/analysis/cell_crops,B2AI_1_Paclitaxel_A2_R18_z01_yellow_,3,B2AI_1_Paclitaxel_A2_R18_z01_yellow
,/Users/ashi/github/cm4ai_codefest2025/analysis/cell_crops/yellow/B2AI_1_Paclitaxel_A2_R18_z01_yellow_cell4.png,,,/Users/ashi/github/cm4ai_codefest2025/analysis/cell_crops,B2AI_1_Paclitaxel_A2_R18_z01_yellow_,4,B2AI_1_Paclitaxel_A2_R18_z01_yellow
,/Users/ashi/github/cm4ai_codefest2025/analysis/cell_crops/yellow/B2AI_1_Paclitaxel_A2_R18_z01_yellow_cell5.png,,,/Users/ashi/github/cm4ai_codefest2025/analysis/cell_crops,B2AI_1_Paclitaxel_A2_R18_z01_yellow_,5,B2AI_1_Paclitaxel_A2_R18_z01_yellow
,/Users/ashi/github/cm4ai_codefest2025/analysis/cell_crops/yellow/B2AI_1_Paclitaxel_A2_R18_z01_yellow_cell6.png,,,/Users/ashi/github/cm4ai_codefest2025/analysis/cell_crops,B2AI_1_Paclitaxel_A2_R18_z01_yellow_,6,B2AI_1_Paclitaxel_A2_R18_z01_yellow
,/Users/ashi/github/cm4ai_codefest2025/analysis/cell_crops/yellow/B2AI_1_Paclitaxel_A2_R18_z01_yellow_cell7.png,,,/Users/ashi/github/cm4ai_codefest2025/analysis/cell_crops,B2AI_1_Paclitaxel_A2_R18_z01_yellow_,7,B2AI_1_Paclitaxel_A2_R18_z01_yellow
,/Users/ashi/github/cm4ai_codefest2025/analysis/cell_crops/yellow/B2AI_1_Paclitaxel_A2_R18_z01_yellow_cell8.png,,,/Users/ashi/github/cm4ai_codefest2025/analysis/cell_crops,B2AI_1_Paclitaxel_A2_R18_z01_yellow_,8,B2AI_1_Paclitaxel_A2_R18_z01_yellow
,/Users/ashi/github/cm4ai_codefest2025/analysis/cell_crops/yellow/B2AI_1_Paclitaxel_A2_R18_z01_yellow_cell9.png,,,/Users/ashi/github/cm4ai_codefest2025/analysis/cell_crops,B2AI_1_Paclitaxel_A2_R18_z01_yellow_,9,B2AI_1_Paclitaxel_A2_R18_z01_yellow
,/Users/ashi/github/cm4ai_codefest2025/analysis/cell_crops/yellow/B2AI_1_Paclitaxel_A2_R18_z01_yellow_cell10.png,,,/Users/ashi/github/cm4ai_codefest2025/analysis/cell_crops,B2AI_1_Paclitaxel_A2_R18_z01_yellow_,10,B2AI_1_Paclitaxel_A2_R18_z01_yellow
,/Users/ashi/github/cm4ai_codefest2025/analysis/cell_crops/yellow/B2AI_1_Paclitaxel_A2_R18_z01_yellow_cell11.png,,,/Users/ashi/github/cm4ai_codefest2025/analysis/cell_crops,B2AI_1_Paclitaxel_A2_R18_z01_yellow_,11,B2AI_1_Paclitaxel_A2_R18_z01_yellow
,/Users/ashi/github/cm4ai_codefest2025/analysis/cell_crops/yellow/B2AI_1_Paclitaxel_A2_R18_z01_yellow_cell12.png,,,/Users/ashi/github/cm4ai_codefest2025/analysis/cell_crops,B2AI_1_Paclitaxel_A2_R18_z01_yellow_,12,B2AI_1_Paclitaxel_A2_R18_z01_yellow
,/Users/ashi/github/cm4ai_codefest2025/analysis/cell_crops/yellow/B2AI_1_Paclitaxel_A2_R18_z01_yellow_cell13.png,,,/Users/ashi/github/cm4ai_codefest2025/analysis/cell_crops,B2AI_1_Paclitaxel_A2_R18_z01_yellow_,13,B2AI_1_Paclitaxel_A2_R18_z01_yellow
,/Users/ashi/github/cm4ai_codefest2025/analysis/cell_crops/yellow/B2AI_1_Paclitaxel_A2_R18_z01_yellow_cell14.png,,,/Users/ashi/github/cm4ai_codefest2025/analysis/cell_crops,B2AI_1_Paclitaxel_A2_R18_z01_yellow_,14,B2AI_1_Paclitaxel_A2_R18_z01_yellow
,/Users/ashi/github/cm4ai_codefest2025/analysis/cell_crops/yellow/B2AI_1_Paclitaxel_A2_R18_z01_yellow_cell15.png,,,/Users/ashi/github/cm4ai_codefest2025/analysis/cell_crops,B2AI_1_Paclitaxel_A2_R18_z01_yellow_,15,B2AI_1_Paclitaxel_A2_R18_z01_yellow
,/Users/ashi/github/cm4ai_codefest2025/analysis/cell_crops/yellow/B2AI_1_Paclitaxel_A2_R18_z01_yellow_cell16.png,,,/Users/ashi/github/cm4ai_codefest2025/analysis/cell_crops,B2AI_1_Paclitaxel_A2_R18_z01_yellow_,16,B2AI_1_Paclitaxel_A2_R18_z01_yellow
,/Users/ashi/github/cm4ai_codefest2025/analysis/cell_crops/yellow/B2AI_1_Paclitaxel_A2_R18_z01_yellow_cell17.png,,,/Users/ashi/github/cm4ai_codefest2025/analysis/cell_crops,B2AI_1_Paclitaxel_A2_R18_z01_yellow_,17,B2AI_1_Paclitaxel_A2_R18_z01_yellow
,/Users/ashi/github/cm4ai_codefest2025/analysis/cell_crops/yellow/B2AI_1_Paclitaxel_A2_R18_z01_yellow_cell18.png,,,/Users/ashi/github/cm4ai_codefest2025/analysis/cell_crops,B2AI_1_Paclitaxel_A2_R18_z01_yellow_,18,B2AI_1_Paclitaxel_A2_R18_z01_yellow
,/Users/ashi/github/cm4ai_codefest2025/analysis/cell_crops/yellow/B2AI_1_Paclitaxel_A2_R18_z01_yellow_cell19.png,,,/Users/ashi/github/cm4ai_codefest2025/analysis/cell_crops,B2AI_1_Paclitaxel_A2_R18_z01_yellow_,19,B2AI_1_Paclitaxel_A2_R18_z01_yellow
,/Users/ashi/github/cm4ai_codefest2025/analysis/cell_crops/yellow/B2AI_1_Paclitaxel_A2_R18_z01_yellow_cell20.png,,,/Users/ashi/github/cm4ai_codefest2025/analysis/cell_crops,B2AI_1_Paclitaxel_A2_R18_z01_yellow_,20,B2AI_1_Paclitaxel_A2_R18_z01_yellow
,/Users/ashi/github/cm4ai_codefest2025/analysis/cell_crops/yellow/B2AI_1_Paclitaxel_A2_R18_z01_yellow_cell21.png,,,/Users/ashi/github/cm4ai_codefest2025/analysis/cell_crops,B2AI_1_Paclitaxel_A2_R18_z01_yellow_,21,B2AI_1_Paclitaxel_A2_R18_z01_yellow
,/Users/ashi/github/cm4ai_codefest2025/analysis/cell_crops/yellow/B2AI_1_Paclitaxel_A2_R18_z01_yellow_cell22.png,,,/Users/ashi/github/cm4ai_codefest2025/analysis/cell_crops,B2AI_1_Paclitaxel_A2_R18_z01_yellow_,22,B2AI_1_Paclitaxel_A2_R18_z01_yellow
,/Users/ashi/github/cm4ai_codefest2025/analysis/cell_crops/yellow/B2AI_1_Paclitaxel_A2_R18_z01_yellow_cell23.png,,,/Users/ashi/github/cm4ai_codefest2025/analysis/cell_crops,B2AI_1_Paclitaxel_A2_R18_z01_yellow_,23,B2AI_1_Paclitaxel_A2_R18_z01_yellow
,/Users/ashi/github/cm4ai_codefest2025/analysis/cell_crops/yellow/B2AI_1_Paclitaxel_A2_R18_z01_yellow_cell24.png,,,/Users/ashi/github/cm4ai_codefest2025/analysis/cell_crops,B2AI_1_Paclitaxel_A2_R18_z01_yellow_,24,B2AI_1_Paclitaxel_A2_R18_z01_yellow
,/Users/ashi/github/cm4ai_codefest2025/analysis/cell_crops/yellow/B2AI_1_Paclitaxel_A2_R18_z01_yellow_cell25.png,,,/Users/ashi/github/cm4ai_codefest2025/analysis/cell_crops,B2AI_1_Paclitaxel_A2_R18_z01_yellow_,25,B2AI_1_Paclitaxel_A2_R18_z01_yellow
,/Users/ashi/github/cm4ai_codefest2025/analysis/cell_crops/yellow/B2AI_1_Paclitaxel_A2_R18_z01_yellow_cell26.png,,,/Users/ashi/github/cm4ai_codefest2025/analysis/cell_crops,B2AI_1_Paclitaxel_A2_R18_z01_yellow_,26,B2AI_1_Paclitaxel_A2_R18_z01_yellow
,/Users/ashi/github/cm4ai_codefest2025/analysis/cell_crops/yellow/B2AI_1_Paclitaxel_A2_R18_z01_yellow_cell27.png,,,/Users/ashi/github/cm4ai_codefest2025/analysis/cell_crops,B2AI_1_Paclitaxel_A2_R18_z01_yellow_,27,B2AI_1_Paclitaxel_A2_R18_z01_yellow
,/Users/ashi/github/cm4ai_codefest2025/analysis/cell_crops/yellow/B2AI_1_Paclitaxel_A2_R18_z01_yellow_cell28.png,,,/Users/ashi/github/cm4ai_codefest2025/analysis/cell_crops,B2AI_1_Paclitaxel_A2_R18_z01_yellow_,28,B2AI_1_Paclitaxel_A2_R18_z01_yellow
,/Users/ashi/github/cm4ai_codefest2025/analysis/cell_crops/yellow/B2AI_1_Paclitaxel_A2_R18_z01_yellow_cell29.png,,,/Users/ashi/github/cm4ai_codefest2025/analysis/cell_crops,B2AI_1_Paclitaxel_A2_R18_z01_yellow_,29,B2AI_1_Paclitaxel_A2_R18_z01_yellow
,/Users/ashi/github/cm4ai_codefest2025/analysis/cell_crops/yellow/B2AI_1_Paclitaxel_A2_R18_z01_yellow_cell30.png,,,/Users/ashi/github/cm4ai_codefest2025/analysis/cell_crops,B2AI_1_Paclitaxel_A2_R18_z01_yellow_,30,B2AI_1_Paclitaxel_A2_R18_z01_yellow
,/Users/ashi/github/cm4ai_codefest2025/analysis/cell_crops/yellow/B2AI_1_Paclitaxel_A2_R18_z01_yellow_cell31.png,,,/Users/ashi/github/cm4ai_codefest2025/analysis/cell_crops,B2AI_1_Paclitaxel_A2_R18_z01_yellow_,31,B2AI_1_Paclitaxel_A2_R18_z01_yellow
,/Users/ashi/github/cm4ai_codefest2025/analysis/cell_crops/yellow/B2AI_1_Paclitaxel_A2_R18_z01_yellow_cell32.png,,,/Users/ashi/github/cm4ai_codefest2025/analysis/cell_crops,B2AI_1_Paclitaxel_A2_R18_z01_yellow_,32,B2AI_1_Paclitaxel_A2_R18_z01_yellow
,/Users/ashi/github/cm4ai_codefest2025/analysis/cell_crops/yellow/B2AI_1_Paclitaxel_A2_R18_z01_yellow_cell33.png,,,/Users/ashi/github/cm4ai_codefest2025/analysis/cell_crops,B2AI_1_Paclitaxel_A2_R18_z01_yellow_,33,B2AI_1_Paclitaxel_A2_R18_z01_yellow
,/Users/ashi/github/cm4ai_codefest2025/analysis/cell_crops/yellow/B2AI_1_Paclitaxel_A2_R18_z01_yellow_cell34.png,,,/Users/ashi/github/cm4ai_codefest2025/analysis/cell_crops,B2AI_1_Paclitaxel_A2_R18_z01_yellow_,34,B2AI_1_Paclitaxel_A2_R18_z01_yellow
,/Users/ashi/github/cm4ai_codefest2025/analysis/cell_crops/yellow/B2AI_1_Paclitaxel_A2_R18_z01_yellow_cell35.png,,,/Users/ashi/github/cm4ai_codefest2025/analysis/cell_crops,B2AI_1_Paclitaxel_A2_R18_z01_yellow_,35,B2AI_1_Paclitaxel_A2_R18_z01_yellow
,/Users/ashi/github/cm4ai_codefest2025/analysis/cell_crops/yellow/B2AI_1_Paclitaxel_A2_R18_z01_yellow_cell36.png,,,/Users/ashi/github/cm4ai_codefest2025/analysis/cell_crops,B2AI_1_Paclitaxel_A2_R18_z01_yellow_,36,B2AI_1_Paclitaxel_A2_R18_z01_yellow
,/Users/ashi/github/cm4ai_codefest2025/analysis/cell_crops/yellow/B2AI_1_Paclitaxel_A2_R18_z01_yellow_cell37.png,,,/Users/ashi/github/cm4ai_codefest2025/analysis/cell_crops,B2AI_1_Paclitaxel_A2_R18_z01_yellow_,37,B2AI_1_Paclitaxel_A2_R18_z01_yellow
,/Users/ashi/github/cm4ai_codefest2025/analysis/cell_crops/yellow/B2AI_1_Paclitaxel_A2_R18_z01_yellow_cell38.png,,,/Users/ashi/github/cm4ai_codefest2025/analysis/cell_crops,B2AI_1_Paclitaxel_A2_R18_z01_yellow_,38,B2AI_1_Paclitaxel_A2_R18_z01_yellow
,/Users/ashi/github/cm4ai_codefest2025/analysis/cell_crops/yellow/B2AI_1_Paclitaxel_A2_R18_z01_yellow_cell39.png,,,/Users/ashi/github/cm4ai_codefest2025/analysis/cell_crops,B2AI_1_Paclitaxel_A2_R18_z01_yellow_,39,B2AI_1_Paclitaxel_A2_R18_z01_yellow
,/Users/ashi/github/cm4ai_codefest2025/analysis/cell_crops/yellow/B2AI_1_Paclitaxel_A2_R18_z01_yellow_cell40.png,,,/Users/ashi/github/cm4ai_codefest2025/analysis/cell_crops,B2AI_1_Paclitaxel_A2_R18_z01_yellow_,40,B2AI_1_Paclitaxel_A2_R18_z01_yellow
,/Users/ashi/github/cm4ai_codefest2025/analysis/cell_crops/yellow/B2AI_1_Paclitaxel_A2_R18_z01_yellow_cell41.png,,,/Users/ashi/github/cm4ai_codefest2025/analysis/cell_crops,B2AI_1_Paclitaxel_A2_R18_z01_yellow_,41,B2AI_1_Paclitaxel_A2_R18_z01_yellow
,/Users/ashi/github/cm4ai_codefest2025/analysis/cell_crops/yellow/B2AI_1_Paclitaxel_A2_R18_z01_yellow_cell42.png,,,/Users/ashi/github/cm4ai_codefest2025/analysis/cell_crops,B2AI_1_Paclitaxel_A2_R18_z01_yellow_,42,B2AI_1_Paclitaxel_A2_R18_z01_yellow
,/Users/ashi/github/cm4ai_codefest2025/analysis/cell_crops/yellow/B2AI_1_Paclitaxel_A2_R18_z01_yellow_cell43.png,,,/Users/ashi/github/cm4ai_codefest2025/analysis/cell_crops,B2AI_1_Paclitaxel_A2_R18_z01_yellow_,43,B2AI_1_Paclitaxel_A2_R18_z01_yellow
,/Users/ashi/github/cm4ai_codefest2025/analysis/cell_crops/yellow/B2AI_1_Paclitaxel_A2_R18_z01_yellow_cell44.png,,,/Users/ashi/github/cm4ai_codefest2025/analysis/cell_crops,B2AI_1_Paclitaxel_A2_R18_z01_yellow_,44,B2AI_1_Paclitaxel_A2_R18_z01_yellow
,/Users/ashi/github/cm4ai_codefest2025/analysis/cell_crops/yellow/B2AI_1_Paclitaxel_A2_R18_z01_yellow_cell45.png,,,/Users/ashi/github/cm4ai_codefest2025/analysis/cell_crops,B2AI_1_Paclitaxel_A2_R18_z01_yellow_,45,B2AI_1_Paclitaxel_A2_R18_z01_yellow
,/Users/ashi/github/cm4ai_codefest2025/analysis/cell_crops/yellow/B2AI_1_Paclitaxel_A2_R18_z01_yellow_cell46.png,,,/Users/ashi/github/cm4ai_codefest2025/analysis/cell_crops,B2AI_1_Paclitaxel_A2_R18_z01_yellow_,46,B2AI_1_Paclitaxel_A2_R18_z01_yellow
,/Users/ashi/github/cm4ai_codefest2025/analysis/cell_crops/yellow/B2AI_1_Paclitaxel_A2_R18_z01_yellow_cell47.png,,,/Users/ashi/github/cm4ai_codefest2025/analysis/cell_crops,B2AI_1_Paclitaxel_A2_R18_z01_yellow_,47,B2AI_1_Paclitaxel_A2_R18_z01_yellow
,/Users/ashi/github/cm4ai_codefest2025/analysis/cell_crops/yellow/B2AI_1_Paclitaxel_A2_R18_z01_yellow_cell48.png,,,/Users/ashi/github/cm4ai_codefest2025/analysis/cell_crops,B2AI_1_Paclitaxel_A2_R18_z01_yellow_,48,B2AI_1_Paclitaxel_A2_R18_z01_yellow
,/Users/ashi/github/cm4ai_codefest2025/analysis/cell_crops/yellow/B2AI_1_Paclitaxel_A2_R18_z01_yellow_cell49.png,,,/Users/ashi/github/cm4ai_codefest2025/analysis/cell_crops,B2AI_1_Paclitaxel_A2_R18_z01_yellow_,49,B2AI_1_Paclitaxel_A2_R18_z01_yellow
,/Users/ashi/github/cm4ai_codefest2025/analysis/cell_crops/yellow/B2AI_1_Paclitaxel_A2_R18_z01_yellow_cell50.png,,,/Users/ashi/github/cm4ai_codefest2025/analysis/cell_crops,B2AI_1_Paclitaxel_A2_R18_z01_yellow_,50,B2AI_1_Paclitaxel_A2_R18_z01_yellow
,/Users/ashi/github/cm4ai_codefest2025/analysis/cell_crops/yellow/B2AI_1_Paclitaxel_A2_R18_z01_yellow_cell51.png,,,/Users/ashi/github/cm4ai_codefest2025/analysis/cell_crops,B2AI_1_Paclitaxel_A2_R18_z01_yellow_,51,B2AI_1_Paclitaxel_A2_R18_z01_yellow
,/Users/ashi/github/cm4ai_codefest2025/analysis/cell_crops/yellow/B2AI_1_Paclitaxel_A2_R18_z01_yellow_cell52.png,,,/Users/ashi/github/cm4ai_codefest2025/analysis/cell_crops,B2AI_1_Paclitaxel_A2_R18_z01_yellow_,52,B2AI_1_Paclitaxel_A2_R18_z01_yellow
,/Users/ashi/github/cm4ai_codefest2025/analysis/cell_crops/yellow/B2AI_1_Paclitaxel_A2_R18_z01_yellow_cell53.png,,,/Users/ashi/github/cm4ai_codefest2025/analysis/cell_crops,B2AI_1_Paclitaxel_A2_R18_z01_yellow_,53,B2AI_1_Paclitaxel_A2_R18_z01_yellow
,/Users/ashi/github/cm4ai_codefest2025/analysis/cell_crops/yellow/B2AI_1_Paclitaxel_A2_R18_z01_yellow_cell54.png,,,/Users/ashi/github/cm4ai_codefest2025/analysis/cell_crops,B2AI_1_Paclitaxel_A2_R18_z01_yellow_,54,B2AI_1_Paclitaxel_A2_R18_z01_yellow
,/Users/ashi/github/cm4ai_codefest2025/analysis/cell_crops/yellow/B2AI_1_Paclitaxel_A2_R18_z01_yellow_cell55.png,,,/Users/ashi/github/cm4ai_codefest2025/analysis/cell_crops,B2AI_1_Paclitaxel_A2_R18_z01_yellow_,55,B2AI_1_Paclitaxel_A2_R18_z01_yellow
,/Users/ashi/github/cm4ai_codefest2025/analysis/cell_crops/yellow/B2AI_1_Paclitaxel_A2_R18_z01_yellow_cell56.png,,,/Users/ashi/github/cm4ai_codefest2025/analysis/cell_crops,B2AI_1_Paclitaxel_A2_R18_z01_yellow_,56,B2AI_1_Paclitaxel_A2_R18_z01_yellow
,/Users/ashi/github/cm4ai_codefest2025/analysis/cell_crops/yellow/B2AI_1_Paclitaxel_A2_R18_z01_yellow_cell57.png,,,/Users/ashi/github/cm4ai_codefest2025/analysis/cell_crops,B2AI_1_Paclitaxel_A2_R18_z01_yellow_,57,B2AI_1_Paclitaxel_A2_R18_z01_yellow
,/Users/ashi/github/cm4ai_codefest2025/analysis/cell_crops/yellow/B2AI_1_Paclitaxel_A2_R18_z01_yellow_cell58.png,,,/Users/ashi/github/cm4ai_codefest2025/analysis/cell_crops,B2AI_1_Paclitaxel_A2_R18_z01_yellow_,58,B2AI_1_Paclitaxel_A2_R18_z01_yellow
,/Users/ashi/github/cm4ai_codefest2025/analysis/cell_crops/yellow/B2AI_1_Paclitaxel_A2_R18_z01_yellow_cell59.png,,,/Users/ashi/github/cm4ai_codefest2025/analysis/cell_crops,B2AI_1_Paclitaxel_A2_R18_z01_yellow_,59,B2AI_1_Paclitaxel_A2_R18_z01_yellow
,/Users/ashi/github/cm4ai_codefest2025/analysis/cell_crops/yellow/B2AI_1_Paclitaxel_A2_R18_z01_yellow_cell60.png,,,/Users/ashi/github/cm4ai_codefest2025/analysis/cell_crops,B2AI_1_Paclitaxel_A2_R18_z01_yellow_,60,B2AI_1_Paclitaxel_A2_R18_z01_yellow
,/Users/ashi/github/cm4ai_codefest2025/analysis/cell_crops/yellow/B2AI_1_Paclitaxel_A2_R18_z01_yellow_cell61.png,,,/Users/ashi/github/cm4ai_codefest2025/analysis/cell_crops,B2AI_1_Paclitaxel_A2_R18_z01_yellow_,61,B2AI_1_Paclitaxel_A2_R18_z01_yellow
,/Users/ashi/github/cm4ai_codefest2025/analysis/cell_crops/yellow/B2AI_1_Paclitaxel_A2_R18_z01_yellow_cell62.png,,,/Users/ashi/github/cm4ai_codefest2025/analysis/cell_crops,B2AI_1_Paclitaxel_A2_R18_z01_yellow_,62,B2AI_1_Paclitaxel_A2_R18_z01_yellow
,/Users/ashi/github/cm4ai_codefest2025/analysis/cell_crops/yellow/B2AI_1_Paclitaxel_A2_R18_z01_yellow_cell63.png,,,/Users/ashi/github/cm4ai_codefest2025/analysis/cell_crops,B2AI_1_Paclitaxel_A2_R18_z01_yellow_,63,B2AI_1_Paclitaxel_A2_R18_z01_yellow
,/Users/ashi/github/cm4ai_codefest2025/analysis/cell_crops/yellow/B2AI_1_Paclitaxel_A2_R18_z01_yellow_cell64.png,,,/Users/ashi/github/cm4ai_codefest2025/analysis/cell_crops,B2AI_1_Paclitaxel_A2_R18_z01_yellow_,64,B2AI_1_Paclitaxel_A2_R18_z01_yellow
,/Users/ashi/github/cm4ai_codefest2025/analysis/cell_crops/yellow/B2AI_1_Paclitaxel_A2_R18_z01_yellow_cell65.png,,,/Users/ashi/github/cm4ai_codefest2025/analysis/cell_crops,B2AI_1_Paclitaxel_A2_R18_z01_yellow_,65,B2AI_1_Paclitaxel_A2_R18_z01_yellow
,/Users/ashi/github/cm4ai_codefest2025/analysis/cell_crops/yellow/B2AI_1_Paclitaxel_A2_R18_z01_yellow_cell66.png,,,/Users/ashi/github/cm4ai_codefest2025/analysis/cell_crops,B2AI_1_Paclitaxel_A2_R18_z01_yellow_,66,B2AI_1_Paclitaxel_A2_R18_z01_yellow
,/Users/ashi/github/cm4ai_codefest2025/analysis/cell_crops/yellow/B2AI_1_Paclitaxel_A2_R18_z01_yellow_cell67.png,,,/Users/ashi/github/cm4ai_codefest2025/analysis/cell_crops,B2AI_1_Paclitaxel_A2_R18_z01_yellow_,67,B2AI_1_Paclitaxel_A2_R18_z01_yellow
,/Users/ashi/github/cm4ai_codefest2025/analysis/cell_crops/yellow/B2AI_1_Paclitaxel_A2_R18_z01_yellow_cell68.png,,,/Users/ashi/github/cm4ai_codefest2025/analysis/cell_crops,B2AI_1_Paclitaxel_A2_R18_z01_yellow_,68,B2AI_1_Paclitaxel_A2_R18_z01_yellow
,/Users/ashi/github/cm4ai_codefest2025/analysis/cell_crops/yellow/B2AI_1_Paclitaxel_A2_R18_z01_yellow_cell69.png,,,/Users/ashi/github/cm4ai_codefest2025/analysis/cell_crops,B2AI_1_Paclitaxel_A2_R18_z01_yellow_,69,B2AI_1_Paclitaxel_A2_R18_z01_yellow
,/Users/ashi/github/cm4ai_codefest2025/analysis/cell_crops/yellow/B2AI_1_Paclitaxel_A2_R18_z01_yellow_cell70.png,,,/Users/ashi/github/cm4ai_codefest2025/analysis/cell_crops,B2AI_1_Paclitaxel_A2_R18_z01_yellow_,70,B2AI_1_Paclitaxel_A2_R18_z01_yellow
,/Users/ashi/github/cm4ai_codefest2025/analysis/cell_crops/yellow/B2AI_1_Paclitaxel_A2_R18_z01_yellow_cell71.png,,,/Users/ashi/github/cm4ai_codefest2025/analysis/cell_crops,B2AI_1_Paclitaxel_A2_R18_z01_yellow_,71,B2AI_1_Paclitaxel_A2_R18_z01_yellow
,/Users/ashi/github/cm4ai_codefest2025/analysis/cell_crops/yellow/B2AI_1_Paclitaxel_A2_R18_z01_yellow_cell72.png,,,/Users/ashi/github/cm4ai_codefest2025/analysis/cell_crops,B2AI_1_Paclitaxel_A2_R18_z01_yellow_,72,B2AI_1_Paclitaxel_A2_R18_z01_yellow
,/Users/ashi/github/cm4ai_codefest2025/analysis/cell_crops/yellow/B2AI_1_Paclitaxel_A2_R18_z01_yellow_cell73.png,,,/Users/ashi/github/cm4ai_codefest2025/analysis/cell_crops,B2AI_1_Paclitaxel_A2_R18_z01_yellow_,73,B2AI_1_Paclitaxel_A2_R18_z01_yellow
,/Users/ashi/github/cm4ai_codefest2025/analysis/cell_crops/yellow/B2AI_1_Paclitaxel_A2_R18_z01_yellow_cell74.png,,,/Users/ashi/github/cm4ai_codefest2025/analysis/cell_crops,B2AI_1_Paclitaxel_A2_R18_z01_yellow_,74,B2AI_1_Paclitaxel_A2_R18_z01_yellow
,/Users/ashi/github/cm4ai_codefest2025/analysis/cell_crops/yellow/B2AI_1_Paclitaxel_A2_R18_z01_yellow_cell75.png,,,/Users/ashi/github/cm4ai_codefest2025/analysis/cell_crops,B2AI_1_Paclitaxel_A2_R18_z01_yellow_,75,B2AI_1_Paclitaxel_A2_R18_z01_yellow
,/Users/ashi/github/cm4ai_codefest2025/analysis/cell_crops/yellow/B2AI_1_Paclitaxel_A2_R18_z01_yellow_cell76.png,,,/Users/ashi/github/cm4ai_codefest2025/analysis/cell_crops,B2AI_1_Paclitaxel_A2_R18_z01_yellow_,76,B2AI_1_Paclitaxel_A2_R18_z01_yellow
,/Users/ashi/github/cm4ai_codefest2025/analysis/cell_crops/yellow/B2AI_1_Paclitaxel_A2_R18_z01_yellow_cell77.png,,,/Users/ashi/github/cm4ai_codefest2025/analysis/cell_crops,B2AI_1_Paclitaxel_A2_R18_z01_yellow_,77,B2AI_1_Paclitaxel_A2_R18_z01_yellow
,/Users/ashi/github/cm4ai_codefest2025/analysis/cell_crops/yellow/B2AI_1_Paclitaxel_A2_R18_z01_yellow_cell78.png,,,/Users/ashi/github/cm4ai_codefest2025/analysis/cell_crops,B2AI_1_Paclitaxel_A2_R18_z01_yellow_,78,B2AI_1_Paclitaxel_A2_R18_z01_yellow
,/Users/ashi/github/cm4ai_codefest2025/analysis/cell_crops/yellow/B2AI_1_Paclitaxel_A2_R18_z01_yellow_cell79.png,,,/Users/ashi/github/cm4ai_codefest2025/analysis/cell_crops,B2AI_1_Paclitaxel_A2_R18_z01_yellow_,79,B2AI_1_Paclitaxel_A2_R18_z01_yellow
,/Users/ashi/github/cm4ai_codefest2025/analysis/cell_crops/yellow/B2AI_1_Paclitaxel_A2_R18_z01_yellow_cell80.png,,,/Users/ashi/github/cm4ai_codefest2025/analysis/cell_crops,B2AI_1_Paclitaxel_A2_R18_z01_yellow_,80,B2AI_1_Paclitaxel_A2_R18_z01_yellow
,/Users/ashi/github/cm4ai_codefest2025/analysis/cell_crops/yellow/B2AI_1_Paclitaxel_A2_R18_z01_yellow_cell81.png,,,/Users/ashi/github/cm4ai_codefest2025/analysis/cell_crops,B2AI_1_Paclitaxel_A2_R18_z01_yellow_,81,B2AI_1_Paclitaxel_A2_R18_z01_yellow
,/Users/ashi/github/cm4ai_codefest2025/analysis/cell_crops/yellow/B2AI_1_Paclitaxel_A2_R18_z01_yellow_cell82.png,,,/Users/ashi/github/cm4ai_codefest2025/analysis/cell_crops,B2AI_1_Paclitaxel_A2_R18_z01_yellow_,82,B2AI_1_Paclitaxel_A2_R18_z01_yellow
,/Users/ashi/github/cm4ai_codefest2025/analysis/cell_crops/yellow/B2AI_1_Paclitaxel_A2_R18_z01_yellow_cell83.png,,,/Users/ashi/github/cm4ai_codefest2025/analysis/cell_crops,B2AI_1_Paclitaxel_A2_R18_z01_yellow_,83,B2AI_1_Paclitaxel_A2_R18_z01_yellow
,/Users/ashi/github/cm4ai_codefest2025/analysis/cell_crops/yellow/B2AI_1_Paclitaxel_A2_R18_z01_yellow_cell84.png,,,/Users/ashi/github/cm4ai_codefest2025/analysis/cell_crops,B2AI_1_Paclitaxel_A2_R18_z01_yellow_,84,B2AI_1_Paclitaxel_A2_R18_z01_yellow
,/Users/ashi/github/cm4ai_codefest2025/analysis/cell_crops/yellow/B2AI_1_Paclitaxel_A2_R18_z01_yellow_cell85.png,,,/Users/ashi/github/cm4ai_codefest2025/analysis/cell_crops,B2AI_1_Paclitaxel_A2_R18_z01_yellow_,85,B2AI_1_Paclitaxel_A2_R18_z01_yellow
,/Users/ashi/github/cm4ai_codefest2025/analysis/cell_crops/yellow/B2AI_1_Paclitaxel_A2_R18_z01_yellow_cell86.png,,,/Users/ashi/github/cm4ai_codefest2025/analysis/cell_crops,B2AI_1_Paclitaxel_A2_R18_z01_yellow_,86,B2AI_1_Paclitaxel_A2_R18_z01_yellow
,/Users/ashi/github/cm4ai_codefest2025/analysis/cell_crops/yellow/B2AI_1_Paclitaxel_A2_R18_z01_yellow_cell87.png,,,/Users/ashi/github/cm4ai_codefest2025/analysis/cell_crops,B2AI_1_Paclitaxel_A2_R18_z01_yellow_,87,B2AI_1_Paclitaxel_A2_R18_z01_yellow
,/Users/ashi/github/cm4ai_codefest2025/analysis/cell_crops/yellow/B2AI_1_Paclitaxel_A2_R18_z01_yellow_cell88.png,,,/Users/ashi/github/cm4ai_codefest2025/analysis/cell_crops,B2AI_1_Paclitaxel_A2_R18_z01_yellow_,88,B2AI_1_Paclitaxel_A2_R18_z01_yellow
,/Users/ashi/github/cm4ai_codefest2025/analysis/cell_crops/yellow/B2AI_1_Paclitaxel_A2_R18_z01_yellow_cell89.png,,,/Users/ashi/github/cm4ai_codefest2025/analysis/cell_crops,B2AI_1_Paclitaxel_A2_R18_z01_yellow_,89,B2AI_1_Paclitaxel_A2_R18_z01_yellow
,/Users/ashi/github/cm4ai_codefest2025/analysis/cell_crops/yellow/B2AI_1_Paclitaxel_A2_R18_z01_yellow_cell90.png,,,/Users/ashi/github/cm4ai_codefest2025/analysis/cell_crops,B2AI_1_Paclitaxel_A2_R18_z01_yellow_,90,B2AI_1_Paclitaxel_A2_R18_z01_yellow
,/Users/ashi/github/cm4ai_codefest2025/analysis/cell_crops/yellow/B2AI_1_Paclitaxel_A2_R18_z01_yellow_cell91.png,,,/Users/ashi/github/cm4ai_codefest2025/analysis/cell_crops,B2AI_1_Paclitaxel_A2_R18_z01_yellow_,91,B2AI_1_Paclitaxel_A2_R18_z01_yellow
,/Users/ashi/github/cm4ai_codefest2025/analysis/cell_crops/yellow/B2AI_1_Paclitaxel_A2_R18_z01_yellow_cell92.png,,,/Users/ashi/github/cm4ai_codefest2025/analysis/cell_crops,B2AI_1_Paclitaxel_A2_R18_z01_yellow_,92,B2AI_1_Paclitaxel_A2_R18_z01_yellow
,/Users/ashi/github/cm4ai_codefest2025/analysis/cell_crops/yellow/B2AI_1_Paclitaxel_A2_R18_z01_yellow_cell93.png,,,/Users/ashi/github/cm4ai_codefest2025/analysis/cell_crops,B2AI_1_Paclitaxel_A2_R18_z01_yellow_,93,B2AI_1_Paclitaxel_A2_R18_z01_yellow
,/Users/ashi/github/cm4ai_codefest2025/analysis/cell_crops/yellow/B2AI_1_Paclitaxel_A2_R18_z01_yellow_cell94.png,,,/Users/ashi/github/cm4ai_codefest2025/analysis/cell_crops,B2AI_1_Paclitaxel_A2_R18_z01_yellow_,94,B2AI_1_Paclitaxel_A2_R18_z01_yellow
,/Users/ashi/github/cm4ai_codefest2025/analysis/cell_crops/yellow/B2AI_1_Paclitaxel_A2_R18_z01_yellow_cell95.png,,,/Users/ashi/github/cm4ai_codefest2025/analysis/cell_crops,B2AI_1_Paclitaxel_A2_R18_z01_yellow_,95,B2AI_1_Paclitaxel_A2_R18_z01_yellow
,/Users/ashi/github/cm4ai_codefest2025/analysis/cell_crops/yellow/B2AI_1_Paclitaxel_A2_R18_z01_yellow_cell96.png,,,/Users/ashi/github/cm4ai_codefest2025/analysis/cell_crops,B2AI_1_Paclitaxel_A2_R18_z01_yellow_,96,B2AI_1_Paclitaxel_A2_R18_z01_yellow
,/Users/ashi/github/cm4ai_codefest2025/analysis/cell_crops/yellow/B2AI_1_Paclitaxel_A2_R18_z01_yellow_cell97.png,,,/Users/ashi/github/cm4ai_codefest2025/analysis/cell_crops,B2AI_1_Paclitaxel_A2_R18_z01_yellow_,97,B2AI_1_Paclitaxel_A2_R18_z01_yellow
,/Users/ashi/github/cm4ai_codefest2025/analysis/cell_crops/yellow/B2AI_1_Paclitaxel_A2_R5_z01_yellow_cell1.png,,,/Users/ashi/github/cm4ai_codefest2025/analysis/cell_crops,B2AI_1_Paclitaxel_A2_R5_z01_yellow_,1,B2AI_1_Paclitaxel_A2_R5_z01_yellow
,/Users/ashi/github/cm4ai_codefest2025/analysis/cell_crops/yellow/B2AI_1_Paclitaxel_A2_R5_z01_yellow_cell2.png,,,/Users/ashi/github/cm4ai_codefest2025/analysis/cell_crops,B2AI_1_Paclitaxel_A2_R5_z01_yellow_,2,B2AI_1_Paclitaxel_A2_R5_z01_yellow
,/Users/ashi/github/cm4ai_codefest2025/analysis/cell_crops/yellow/B2AI_1_Paclitaxel_A2_R5_z01_yellow_cell3.png,,,/Users/ashi/github/cm4ai_codefest2025/analysis/cell_crops,B2AI_1_Paclitaxel_A2_R5_z01_yellow_,3,B2AI_1_Paclitaxel_A2_R5_z01_yellow
,/Users/ashi/github/cm4ai_codefest2025/analysis/cell_crops/yellow/B2AI_1_Paclitaxel_A2_R5_z01_yellow_cell4.png,,,/Users/ashi/github/cm4ai_codefest2025/analysis/cell_crops,B2AI_1_Paclitaxel_A2_R5_z01_yellow_,4,B2AI_1_Paclitaxel_A2_R5_z01_yellow
,/Users/ashi/github/cm4ai_codefest2025/analysis/cell_crops/yellow/B2AI_1_Paclitaxel_A2_R5_z01_yellow_cell5.png,,,/Users/ashi/github/cm4ai_codefest2025/analysis/cell_crops,B2AI_1_Paclitaxel_A2_R5_z01_yellow_,5,B2AI_1_Paclitaxel_A2_R5_z01_yellow
,/Users/ashi/github/cm4ai_codefest2025/analysis/cell_crops/yellow/B2AI_1_Paclitaxel_A2_R5_z01_yellow_cell6.png,,,/Users/ashi/github/cm4ai_codefest2025/analysis/cell_crops,B2AI_1_Paclitaxel_A2_R5_z01_yellow_,6,B2AI_1_Paclitaxel_A2_R5_z01_yellow
,/Users/ashi/github/cm4ai_codefest2025/analysis/cell_crops/yellow/B2AI_1_Paclitaxel_A2_R5_z01_yellow_cell7.png,,,/Users/ashi/github/cm4ai_codefest2025/analysis/cell_crops,B2AI_1_Paclitaxel_A2_R5_z01_yellow_,7,B2AI_1_Paclitaxel_A2_R5_z01_yellow
,/Users/ashi/github/cm4ai_codefest2025/analysis/cell_crops/yellow/B2AI_1_Paclitaxel_A2_R5_z01_yellow_cell8.png,,,/Users/ashi/github/cm4ai_codefest2025/analysis/cell_crops,B2AI_1_Paclitaxel_A2_R5_z01_yellow_,8,B2AI_1_Paclitaxel_A2_R5_z01_yellow
,/Users/ashi/github/cm4ai_codefest2025/analysis/cell_crops/yellow/B2AI_1_Paclitaxel_A2_R5_z01_yellow_cell9.png,,,/Users/ashi/github/cm4ai_codefest2025/analysis/cell_crops,B2AI_1_Paclitaxel_A2_R5_z01_yellow_,9,B2AI_1_Paclitaxel_A2_R5_z01_yellow
,/Users/ashi/github/cm4ai_codefest2025/analysis/cell_crops/yellow/B2AI_1_Paclitaxel_A2_R5_z01_yellow_cell10.png,,,/Users/ashi/github/cm4ai_codefest2025/analysis/cell_crops,B2AI_1_Paclitaxel_A2_R5_z01_yellow_,10,B2AI_1_Paclitaxel_A2_R5_z01_yellow
,/Users/ashi/github/cm4ai_codefest2025/analysis/cell_crops/yellow/B2AI_1_Paclitaxel_A2_R5_z01_yellow_cell11.png,,,/Users/ashi/github/cm4ai_codefest2025/analysis/cell_crops,B2AI_1_Paclitaxel_A2_R5_z01_yellow_,11,B2AI_1_Paclitaxel_A2_R5_z01_yellow
,/Users/ashi/github/cm4ai_codefest2025/analysis/cell_crops/yellow/B2AI_1_Paclitaxel_A2_R5_z01_yellow_cell12.png,,,/Users/ashi/github/cm4ai_codefest2025/analysis/cell_crops,B2AI_1_Paclitaxel_A2_R5_z01_yellow_,12,B2AI_1_Paclitaxel_A2_R5_z01_yellow
,/Users/ashi/github/cm4ai_codefest2025/analysis/cell_crops/yellow/B2AI_1_Paclitaxel_A2_R5_z01_yellow_cell13.png,,,/Users/ashi/github/cm4ai_codefest2025/analysis/cell_crops,B2AI_1_Paclitaxel_A2_R5_z01_yellow_,13,B2AI_1_Paclitaxel_A2_R5_z01_yellow
,/Users/ashi/github/cm4ai_codefest2025/analysis/cell_crops/yellow/B2AI_1_Paclitaxel_A2_R5_z01_yellow_cell14.png,,,/Users/ashi/github/cm4ai_codefest2025/analysis/cell_crops,B2AI_1_Paclitaxel_A2_R5_z01_yellow_,14,B2AI_1_Paclitaxel_A2_R5_z01_yellow
,/Users/ashi/github/cm4ai_codefest2025/analysis/cell_crops/yellow/B2AI_1_Paclitaxel_A2_R5_z01_yellow_cell15.png,,,/Users/ashi/github/cm4ai_codefest2025/analysis/cell_crops,B2AI_1_Paclitaxel_A2_R5_z01_yellow_,15,B2AI_1_Paclitaxel_A2_R5_z01_yellow
,/Users/ashi/github/cm4ai_codefest2025/analysis/cell_crops/yellow/B2AI_1_Paclitaxel_A2_R5_z01_yellow_cell16.png,,,/Users/ashi/github/cm4ai_codefest2025/analysis/cell_crops,B2AI_1_Paclitaxel_A2_R5_z01_yellow_,16,B2AI_1_Paclitaxel_A2_R5_z01_yellow
,/Users/ashi/github/cm4ai_codefest2025/analysis/cell_crops/yellow/B2AI_1_Paclitaxel_A2_R5_z01_yellow_cell17.png,,,/Users/ashi/github/cm4ai_codefest2025/analysis/cell_crops,B2AI_1_Paclitaxel_A2_R5_z01_yellow_,17,B2AI_1_Paclitaxel_A2_R5_z01_yellow
,/Users/ashi/github/cm4ai_codefest2025/analysis/cell_crops/yellow/B2AI_1_Paclitaxel_A2_R5_z01_yellow_cell18.png,,,/Users/ashi/github/cm4ai_codefest2025/analysis/cell_crops,B2AI_1_Paclitaxel_A2_R5_z01_yellow_,18,B2AI_1_Paclitaxel_A2_R5_z01_yellow
,/Users/ashi/github/cm4ai_codefest2025/analysis/cell_crops/yellow/B2AI_1_Paclitaxel_A2_R5_z01_yellow_cell19.png,,,/Users/ashi/github/cm4ai_codefest2025/analysis/cell_crops,B2AI_1_Paclitaxel_A2_R5_z01_yellow_,19,B2AI_1_Paclitaxel_A2_R5_z01_yellow
,/Users/ashi/github/cm4ai_codefest2025/analysis/cell_crops/yellow/B2AI_1_Paclitaxel_A2_R5_z01_yellow_cell20.png,,,/Users/ashi/github/cm4ai_codefest2025/analysis/cell_crops,B2AI_1_Paclitaxel_A2_R5_z01_yellow_,20,B2AI_1_Paclitaxel_A2_R5_z01_yellow
,/Users/ashi/github/cm4ai_codefest2025/analysis/cell_crops/yellow/B2AI_1_Paclitaxel_A2_R5_z01_yellow_cell21.png,,,/Users/ashi/github/cm4ai_codefest2025/analysis/cell_crops,B2AI_1_Paclitaxel_A2_R5_z01_yellow_,21,B2AI_1_Paclitaxel_A2_R5_z01_yellow
,/Users/ashi/github/cm4ai_codefest2025/analysis/cell_crops/yellow/B2AI_1_Paclitaxel_A2_R5_z01_yellow_cell22.png,,,/Users/ashi/github/cm4ai_codefest2025/analysis/cell_crops,B2AI_1_Paclitaxel_A2_R5_z01_yellow_,22,B2AI_1_Paclitaxel_A2_R5_z01_yellow
,/Users/ashi/github/cm4ai_codefest2025/analysis/cell_crops/yellow/B2AI_1_Paclitaxel_A2_R5_z01_yellow_cell23.png,,,/Users/ashi/github/cm4ai_codefest2025/analysis/cell_crops,B2AI_1_Paclitaxel_A2_R5_z01_yellow_,23,B2AI_1_Paclitaxel_A2_R5_z01_yellow
,/Users/ashi/github/cm4ai_codefest2025/analysis/cell_crops/yellow/B2AI_1_Paclitaxel_A2_R5_z01_yellow_cell24.png,,,/Users/ashi/github/cm4ai_codefest2025/analysis/cell_crops,B2AI_1_Paclitaxel_A2_R5_z01_yellow_,24,B2AI_1_Paclitaxel_A2_R5_z01_yellow
,/Users/ashi/github/cm4ai_codefest2025/analysis/cell_crops/yellow/B2AI_1_Paclitaxel_A2_R5_z01_yellow_cell25.png,,,/Users/ashi/github/cm4ai_codefest2025/analysis/cell_crops,B2AI_1_Paclitaxel_A2_R5_z01_yellow_,25,B2AI_1_Paclitaxel_A2_R5_z01_yellow
,/Users/ashi/github/cm4ai_codefest2025/analysis/cell_crops/yellow/B2AI_1_Paclitaxel_A2_R5_z01_yellow_cell26.png,,,/Users/ashi/github/cm4ai_codefest2025/analysis/cell_crops,B2AI_1_Paclitaxel_A2_R5_z01_yellow_,26,B2AI_1_Paclitaxel_A2_R5_z01_yellow
,/Users/ashi/github/cm4ai_codefest2025/analysis/cell_crops/yellow/B2AI_1_Paclitaxel_A2_R5_z01_yellow_cell27.png,,,/Users/ashi/github/cm4ai_codefest2025/analysis/cell_crops,B2AI_1_Paclitaxel_A2_R5_z01_yellow_,27,B2AI_1_Paclitaxel_A2_R5_z01_yellow
,/Users/ashi/github/cm4ai_codefest2025/analysis/cell_crops/yellow/B2AI_1_Paclitaxel_A2_R5_z01_yellow_cell28.png,,,/Users/ashi/github/cm4ai_codefest2025/analysis/cell_crops,B2AI_1_Paclitaxel_A2_R5_z01_yellow_,28,B2AI_1_Paclitaxel_A2_R5_z01_yellow
,/Users/ashi/github/cm4ai_codefest2025/analysis/cell_crops/yellow/B2AI_1_Paclitaxel_A2_R5_z01_yellow_cell29.png,,,/Users/ashi/github/cm4ai_codefest2025/analysis/cell_crops,B2AI_1_Paclitaxel_A2_R5_z01_yellow_,29,B2AI_1_Paclitaxel_A2_R5_z01_yellow
,/Users/ashi/github/cm4ai_codefest2025/analysis/cell_crops/yellow/B2AI_1_Paclitaxel_A2_R5_z01_yellow_cell30.png,,,/Users/ashi/github/cm4ai_codefest2025/analysis/cell_crops,B2AI_1_Paclitaxel_A2_R5_z01_yellow_,30,B2AI_1_Paclitaxel_A2_R5_z01_yellow
,/Users/ashi/github/cm4ai_codefest2025/analysis/cell_crops/yellow/B2AI_1_Paclitaxel_A2_R5_z01_yellow_cell31.png,,,/Users/ashi/github/cm4ai_codefest2025/analysis/cell_crops,B2AI_1_Paclitaxel_A2_R5_z01_yellow_,31,B2AI_1_Paclitaxel_A2_R5_z01_yellow
,/Users/ashi/github/cm4ai_codefest2025/analysis/cell_crops/yellow/B2AI_1_Paclitaxel_A2_R5_z01_yellow_cell32.png,,,/Users/ashi/github/cm4ai_codefest2025/analysis/cell_crops,B2AI_1_Paclitaxel_A2_R5_z01_yellow_,32,B2AI_1_Paclitaxel_A2_R5_z01_yellow
,/Users/ashi/github/cm4ai_codefest2025/analysis/cell_crops/yellow/B2AI_1_Paclitaxel_A2_R5_z01_yellow_cell33.png,,,/Users/ashi/github/cm4ai_codefest2025/analysis/cell_crops,B2AI_1_Paclitaxel_A2_R5_z01_yellow_,33,B2AI_1_Paclitaxel_A2_R5_z01_yellow
,/Users/ashi/github/cm4ai_codefest2025/analysis/cell_crops/yellow/B2AI_1_Paclitaxel_A2_R5_z01_yellow_cell34.png,,,/Users/ashi/github/cm4ai_codefest2025/analysis/cell_crops,B2AI_1_Paclitaxel_A2_R5_z01_yellow_,34,B2AI_1_Paclitaxel_A2_R5_z01_yellow
,/Users/ashi/github/cm4ai_codefest2025/analysis/cell_crops/yellow/B2AI_1_Paclitaxel_A2_R5_z01_yellow_cell35.png,,,/Users/ashi/github/cm4ai_codefest2025/analysis/cell_crops,B2AI_1_Paclitaxel_A2_R5_z01_yellow_,35,B2AI_1_Paclitaxel_A2_R5_z01_yellow
,/Users/ashi/github/cm4ai_codefest2025/analysis/cell_crops/yellow/B2AI_1_Paclitaxel_A2_R5_z01_yellow_cell36.png,,,/Users/ashi/github/cm4ai_codefest2025/analysis/cell_crops,B2AI_1_Paclitaxel_A2_R5_z01_yellow_,36,B2AI_1_Paclitaxel_A2_R5_z01_yellow
,/Users/ashi/github/cm4ai_codefest2025/analysis/cell_crops/yellow/B2AI_1_Paclitaxel_A2_R5_z01_yellow_cell37.png,,,/Users/ashi/github/cm4ai_codefest2025/analysis/cell_crops,B2AI_1_Paclitaxel_A2_R5_z01_yellow_,37,B2AI_1_Paclitaxel_A2_R5_z01_yellow
,/Users/ashi/github/cm4ai_codefest2025/analysis/cell_crops/yellow/B2AI_1_Paclitaxel_A2_R5_z01_yellow_cell38.png,,,/Users/ashi/github/cm4ai_codefest2025/analysis/cell_crops,B2AI_1_Paclitaxel_A2_R5_z01_yellow_,38,B2AI_1_Paclitaxel_A2_R5_z01_yellow
,/Users/ashi/github/cm4ai_codefest2025/analysis/cell_crops/yellow/B2AI_1_Paclitaxel_A2_R5_z01_yellow_cell39.png,,,/Users/ashi/github/cm4ai_codefest2025/analysis/cell_crops,B2AI_1_Paclitaxel_A2_R5_z01_yellow_,39,B2AI_1_Paclitaxel_A2_R5_z01_yellow
,/Users/ashi/github/cm4ai_codefest2025/analysis/cell_crops/yellow/B2AI_1_Paclitaxel_A2_R5_z01_yellow_cell40.png,,,/Users/ashi/github/cm4ai_codefest2025/analysis/cell_crops,B2AI_1_Paclitaxel_A2_R5_z01_yellow_,40,B2AI_1_Paclitaxel_A2_R5_z01_yellow
,/Users/ashi/github/cm4ai_codefest2025/analysis/cell_crops/yellow/B2AI_1_Paclitaxel_A2_R5_z01_yellow_cell41.png,,,/Users/ashi/github/cm4ai_codefest2025/analysis/cell_crops,B2AI_1_Paclitaxel_A2_R5_z01_yellow_,41,B2AI_1_Paclitaxel_A2_R5_z01_yellow
,/Users/ashi/github/cm4ai_codefest2025/analysis/cell_crops/yellow/B2AI_1_Paclitaxel_A2_R5_z01_yellow_cell42.png,,,/Users/ashi/github/cm4ai_codefest2025/analysis/cell_crops,B2AI_1_Paclitaxel_A2_R5_z01_yellow_,42,B2AI_1_Paclitaxel_A2_R5_z01_yellow
,/Users/ashi/github/cm4ai_codefest2025/analysis/cell_crops/yellow/B2AI_1_Paclitaxel_A2_R5_z01_yellow_cell43.png,,,/Users/ashi/github/cm4ai_codefest2025/analysis/cell_crops,B2AI_1_Paclitaxel_A2_R5_z01_yellow_,43,B2AI_1_Paclitaxel_A2_R5_z01_yellow
,/Users/ashi/github/cm4ai_codefest2025/analysis/cell_crops/yellow/B2AI_1_Paclitaxel_A2_R5_z01_yellow_cell44.png,,,/Users/ashi/github/cm4ai_codefest2025/analysis/cell_crops,B2AI_1_Paclitaxel_A2_R5_z01_yellow_,44,B2AI_1_Paclitaxel_A2_R5_z01_yellow
,/Users/ashi/github/cm4ai_codefest2025/analysis/cell_crops/yellow/B2AI_1_Paclitaxel_A2_R5_z01_yellow_cell45.png,,,/Users/ashi/github/cm4ai_codefest2025/analysis/cell_crops,B2AI_1_Paclitaxel_A2_R5_z01_yellow_,45,B2AI_1_Paclitaxel_A2_R5_z01_yellow
,/Users/ashi/github/cm4ai_codefest2025/analysis/cell_crops/yellow/B2AI_1_Paclitaxel_A2_R5_z01_yellow_cell46.png,,,/Users/ashi/github/cm4ai_codefest2025/analysis/cell_crops,B2AI_1_Paclitaxel_A2_R5_z01_yellow_,46,B2AI_1_Paclitaxel_A2_R5_z01_yellow
,/Users/ashi/github/cm4ai_codefest2025/analysis/cell_crops/yellow/B2AI_1_Paclitaxel_A2_R5_z01_yellow_cell47.png,,,/Users/ashi/github/cm4ai_codefest2025/analysis/cell_crops,B2AI_1_Paclitaxel_A2_R5_z01_yellow_,47,B2AI_1_Paclitaxel_A2_R5_z01_yellow
,/Users/ashi/github/cm4ai_codefest2025/analysis/cell_crops/yellow/B2AI_1_Paclitaxel_A2_R5_z01_yellow_cell48.png,,,/Users/ashi/github/cm4ai_codefest2025/analysis/cell_crops,B2AI_1_Paclitaxel_A2_R5_z01_yellow_,48,B2AI_1_Paclitaxel_A2_R5_z01_yellow
,/Users/ashi/github/cm4ai_codefest2025/analysis/cell_crops/yellow/B2AI_1_Paclitaxel_A2_R5_z01_yellow_cell49.png,,,/Users/ashi/github/cm4ai_codefest2025/analysis/cell_crops,B2AI_1_Paclitaxel_A2_R5_z01_yellow_,49,B2AI_1_Paclitaxel_A2_R5_z01_yellow
,/Users/ashi/github/cm4ai_codefest2025/analysis/cell_crops/yellow/B2AI_1_Paclitaxel_A2_R5_z01_yellow_cell50.png,,,/Users/ashi/github/cm4ai_codefest2025/analysis/cell_crops,B2AI_1_Paclitaxel_A2_R5_z01_yellow_,50,B2AI_1_Paclitaxel_A2_R5_z01_yellow
,/Users/ashi/github/cm4ai_codefest2025/analysis/cell_crops/yellow/B2AI_1_Paclitaxel_A2_R5_z01_yellow_cell51.png,,,/Users/ashi/github/cm4ai_codefest2025/analysis/cell_crops,B2AI_1_Paclitaxel_A2_R5_z01_yellow_,51,B2AI_1_Paclitaxel_A2_R5_z01_yellow
,/Users/ashi/github/cm4ai_codefest2025/analysis/cell_crops/yellow/B2AI_1_Paclitaxel_A2_R5_z01_yellow_cell52.png,,,/Users/ashi/github/cm4ai_codefest2025/analysis/cell_crops,B2AI_1_Paclitaxel_A2_R5_z01_yellow_,52,B2AI_1_Paclitaxel_A2_R5_z01_yellow
,/Users/ashi/github/cm4ai_codefest2025/analysis/cell_crops/yellow/B2AI_1_Paclitaxel_A2_R5_z01_yellow_cell53.png,,,/Users/ashi/github/cm4ai_codefest2025/analysis/cell_crops,B2AI_1_Paclitaxel_A2_R5_z01_yellow_,53,B2AI_1_Paclitaxel_A2_R5_z01_yellow
,/Users/ashi/github/cm4ai_codefest2025/analysis/cell_crops/yellow/B2AI_1_Paclitaxel_A2_R5_z01_yellow_cell54.png,,,/Users/ashi/github/cm4ai_codefest2025/analysis/cell_crops,B2AI_1_Paclitaxel_A2_R5_z01_yellow_,54,B2AI_1_Paclitaxel_A2_R5_z01_yellow
,/Users/ashi/github/cm4ai_codefest2025/analysis/cell_crops/yellow/B2AI_1_Paclitaxel_A2_R5_z01_yellow_cell55.png,,,/Users/ashi/github/cm4ai_codefest2025/analysis/cell_crops,B2AI_1_Paclitaxel_A2_R5_z01_yellow_,55,B2AI_1_Paclitaxel_A2_R5_z01_yellow
,/Users/ashi/github/cm4ai_codefest2025/analysis/cell_crops/yellow/B2AI_1_Paclitaxel_A2_R5_z01_yellow_cell56.png,,,/Users/ashi/github/cm4ai_codefest2025/analysis/cell_crops,B2AI_1_Paclitaxel_A2_R5_z01_yellow_,56,B2AI_1_Paclitaxel_A2_R5_z01_yellow
,/Users/ashi/github/cm4ai_codefest2025/analysis/cell_crops/yellow/B2AI_1_Paclitaxel_A2_R5_z01_yellow_cell57.png,,,/Users/ashi/github/cm4ai_codefest2025/analysis/cell_crops,B2AI_1_Paclitaxel_A2_R5_z01_yellow_,57,B2AI_1_Paclitaxel_A2_R5_z01_yellow
,/Users/ashi/github/cm4ai_codefest2025/analysis/cell_crops/yellow/B2AI_1_Paclitaxel_A2_R5_z01_yellow_cell58.png,,,/Users/ashi/github/cm4ai_codefest2025/analysis/cell_crops,B2AI_1_Paclitaxel_A2_R5_z01_yellow_,58,B2AI_1_Paclitaxel_A2_R5_z01_yellow
,/Users/ashi/github/cm4ai_codefest2025/analysis/cell_crops/yellow/B2AI_1_Paclitaxel_A2_R5_z01_yellow_cell59.png,,,/Users/ashi/github/cm4ai_codefest2025/analysis/cell_crops,B2AI_1_Paclitaxel_A2_R5_z01_yellow_,59,B2AI_1_Paclitaxel_A2_R5_z01_yellow
,/Users/ashi/github/cm4ai_codefest2025/analysis/cell_crops/yellow/B2AI_1_Paclitaxel_A2_R5_z01_yellow_cell60.png,,,/Users/ashi/github/cm4ai_codefest2025/analysis/cell_crops,B2AI_1_Paclitaxel_A2_R5_z01_yellow_,60,B2AI_1_Paclitaxel_A2_R5_z01_yellow
,/Users/ashi/github/cm4ai_codefest2025/analysis/cell_crops/yellow/B2AI_1_Paclitaxel_A2_R5_z01_yellow_cell61.png,,,/Users/ashi/github/cm4ai_codefest2025/analysis/cell_crops,B2AI_1_Paclitaxel_A2_R5_z01_yellow_,61,B2AI_1_Paclitaxel_A2_R5_z01_yellow
,/Users/ashi/github/cm4ai_codefest2025/analysis/cell_crops/yellow/B2AI_1_Paclitaxel_A2_R5_z01_yellow_cell62.png,,,/Users/ashi/github/cm4ai_codefest2025/analysis/cell_crops,B2AI_1_Paclitaxel_A2_R5_z01_yellow_,62,B2AI_1_Paclitaxel_A2_R5_z01_yellow
,/Users/ashi/github/cm4ai_codefest2025/analysis/cell_crops/yellow/B2AI_1_Paclitaxel_A2_R5_z01_yellow_cell63.png,,,/Users/ashi/github/cm4ai_codefest2025/analysis/cell_crops,B2AI_1_Paclitaxel_A2_R5_z01_yellow_,63,B2AI_1_Paclitaxel_A2_R5_z01_yellow
,/Users/ashi/github/cm4ai_codefest2025/analysis/cell_crops/yellow/B2AI_1_Paclitaxel_A2_R5_z01_yellow_cell64.png,,,/Users/ashi/github/cm4ai_codefest2025/analysis/cell_crops,B2AI_1_Paclitaxel_A2_R5_z01_yellow_,64,B2AI_1_Paclitaxel_A2_R5_z01_yellow
,/Users/ashi/github/cm4ai_codefest2025/analysis/cell_crops/yellow/B2AI_1_Paclitaxel_A2_R5_z01_yellow_cell65.png,,,/Users/ashi/github/cm4ai_codefest2025/analysis/cell_crops,B2AI_1_Paclitaxel_A2_R5_z01_yellow_,65,B2AI_1_Paclitaxel_A2_R5_z01_yellow
,/Users/ashi/github/cm4ai_codefest2025/analysis/cell_crops/yellow/B2AI_1_Paclitaxel_A2_R5_z01_yellow_cell66.png,,,/Users/ashi/github/cm4ai_codefest2025/analysis/cell_crops,B2AI_1_Paclitaxel_A2_R5_z01_yellow_,66,B2AI_1_Paclitaxel_A2_R5_z01_yellow
,/Users/ashi/github/cm4ai_codefest2025/analysis/cell_crops/yellow/B2AI_1_Paclitaxel_A2_R5_z01_yellow_cell67.png,,,/Users/ashi/github/cm4ai_codefest2025/analysis/cell_crops,B2AI_1_Paclitaxel_A2_R5_z01_yellow_,67,B2AI_1_Paclitaxel_A2_R5_z01_yellow
,/Users/ashi/github/cm4ai_codefest2025/analysis/cell_crops/yellow/B2AI_1_Paclitaxel_A2_R5_z01_yellow_cell68.png,,,/Users/ashi/github/cm4ai_codefest2025/analysis/cell_crops,B2AI_1_Paclitaxel_A2_R5_z01_yellow_,68,B2AI_1_Paclitaxel_A2_R5_z01_yellow
,/Users/ashi/github/cm4ai_codefest2025/analysis/cell_crops/yellow/B2AI_1_Paclitaxel_A2_R5_z01_yellow_cell69.png,,,/Users/ashi/github/cm4ai_codefest2025/analysis/cell_crops,B2AI_1_Paclitaxel_A2_R5_z01_yellow_,69,B2AI_1_Paclitaxel_A2_R5_z01_yellow
,/Users/ashi/github/cm4ai_codefest2025/analysis/cell_crops/yellow/B2AI_1_Paclitaxel_A2_R5_z01_yellow_cell70.png,,,/Users/ashi/github/cm4ai_codefest2025/analysis/cell_crops,B2AI_1_Paclitaxel_A2_R5_z01_yellow_,70,B2AI_1_Paclitaxel_A2_R5_z01_yellow
,/Users/ashi/github/cm4ai_codefest2025/analysis/cell_crops/yellow/B2AI_1_Paclitaxel_A2_R5_z01_yellow_cell71.png,,,/Users/ashi/github/cm4ai_codefest2025/analysis/cell_crops,B2AI_1_Paclitaxel_A2_R5_z01_yellow_,71,B2AI_1_Paclitaxel_A2_R5_z01_yellow
,/Users/ashi/github/cm4ai_codefest2025/analysis/cell_crops/yellow/B2AI_1_Paclitaxel_A2_R5_z01_yellow_cell72.png,,,/Users/ashi/github/cm4ai_codefest2025/analysis/cell_crops,B2AI_1_Paclitaxel_A2_R5_z01_yellow_,72,B2AI_1_Paclitaxel_A2_R5_z01_yellow
,/Users/ashi/github/cm4ai_codefest2025/analysis/cell_crops/yellow/B2AI_1_Paclitaxel_A2_R5_z01_yellow_cell73.png,,,/Users/ashi/github/cm4ai_codefest2025/analysis/cell_crops,B2AI_1_Paclitaxel_A2_R5_z01_yellow_,73,B2AI_1_Paclitaxel_A2_R5_z01_yellow
,/Users/ashi/github/cm4ai_codefest2025/analysis/cell_crops/yellow/B2AI_1_Paclitaxel_A2_R5_z01_yellow_cell74.png,,,/Users/ashi/github/cm4ai_codefest2025/analysis/cell_crops,B2AI_1_Paclitaxel_A2_R5_z01_yellow_,74,B2AI_1_Paclitaxel_A2_R5_z01_yellow
,/Users/ashi/github/cm4ai_codefest2025/analysis/cell_crops/yellow/B2AI_1_Paclitaxel_A2_R5_z01_yellow_cell75.png,,,/Users/ashi/github/cm4ai_codefest2025/analysis/cell_crops,B2AI_1_Paclitaxel_A2_R5_z01_yellow_,75,B2AI_1_Paclitaxel_A2_R5_z01_yellow
,/Users/ashi/github/cm4ai_codefest2025/analysis/cell_crops/yellow/B2AI_1_Paclitaxel_A2_R5_z01_yellow_cell76.png,,,/Users/ashi/github/cm4ai_codefest2025/analysis/cell_crops,B2AI_1_Paclitaxel_A2_R5_z01_yellow_,76,B2AI_1_Paclitaxel_A2_R5_z01_yellow
,/Users/ashi/github/cm4ai_codefest2025/analysis/cell_crops/yellow/B2AI_1_Paclitaxel_A2_R5_z01_yellow_cell77.png,,,/Users/ashi/github/cm4ai_codefest2025/analysis/cell_crops,B2AI_1_Paclitaxel_A2_R5_z01_yellow_,77,B2AI_1_Paclitaxel_A2_R5_z01_yellow
,/Users/ashi/github/cm4ai_codefest2025/analysis/cell_crops/yellow/B2AI_1_Paclitaxel_A2_R5_z01_yellow_cell78.png,,,/Users/ashi/github/cm4ai_codefest2025/analysis/cell_crops,B2AI_1_Paclitaxel_A2_R5_z01_yellow_,78,B2AI_1_Paclitaxel_A2_R5_z01_yellow
,/Users/ashi/github/cm4ai_codefest2025/analysis/cell_crops/yellow/B2AI_1_Paclitaxel_A2_R5_z01_yellow_cell79.png,,,/Users/ashi/github/cm4ai_codefest2025/analysis/cell_crops,B2AI_1_Paclitaxel_A2_R5_z01_yellow_,79,B2AI_1_Paclitaxel_A2_R5_z01_yellow
,/Users/ashi/github/cm4ai_codefest2025/analysis/cell_crops/yellow/B2AI_1_Paclitaxel_A2_R5_z01_yellow_cell80.png,,,/Users/ashi/github/cm4ai_codefest2025/analysis/cell_crops,B2AI_1_Paclitaxel_A2_R5_z01_yellow_,80,B2AI_1_Paclitaxel_A2_R5_z01_yellow
,/Users/ashi/github/cm4ai_codefest2025/analysis/cell_crops/yellow/B2AI_1_Paclitaxel_A2_R5_z01_yellow_cell81.png,,,/Users/ashi/github/cm4ai_codefest2025/analysis/cell_crops,B2AI_1_Paclitaxel_A2_R5_z01_yellow_,81,B2AI_1_Paclitaxel_A2_R5_z01_yellow
,/Users/ashi/github/cm4ai_codefest2025/analysis/cell_crops/yellow/B2AI_1_Paclitaxel_A2_R5_z01_yellow_cell82.png,,,/Users/ashi/github/cm4ai_codefest2025/analysis/cell_crops,B2AI_1_Paclitaxel_A2_R5_z01_yellow_,82,B2AI_1_Paclitaxel_A2_R5_z01_yellow
,/Users/ashi/github/cm4ai_codefest2025/analysis/cell_crops/yellow/B2AI_1_Paclitaxel_A2_R5_z01_yellow_cell83.png,,,/Users/ashi/github/cm4ai_codefest2025/analysis/cell_crops,B2AI_1_Paclitaxel_A2_R5_z01_yellow_,83,B2AI_1_Paclitaxel_A2_R5_z01_yellow
,/Users/ashi/github/cm4ai_codefest2025/analysis/cell_crops/yellow/B2AI_1_Paclitaxel_A2_R5_z01_yellow_cell84.png,,,/Users/ashi/github/cm4ai_codefest2025/analysis/cell_crops,B2AI_1_Paclitaxel_A2_R5_z01_yellow_,84,B2AI_1_Paclitaxel_A2_R5_z01_yellow
,/Users/ashi/github/cm4ai_codefest2025/analysis/cell_crops/yellow/B2AI_1_Paclitaxel_A2_R5_z01_yellow_cell85.png,,,/Users/ashi/github/cm4ai_codefest2025/analysis/cell_crops,B2AI_1_Paclitaxel_A2_R5_z01_yellow_,85,B2AI_1_Paclitaxel_A2_R5_z01_yellow
,/Users/ashi/github/cm4ai_codefest2025/analysis/cell_crops/yellow/B2AI_1_Paclitaxel_A2_R5_z01_yellow_cell86.png,,,/Users/ashi/github/cm4ai_codefest2025/analysis/cell_crops,B2AI_1_Paclitaxel_A2_R5_z01_yellow_,86,B2AI_1_Paclitaxel_A2_R5_z01_yellow
,/Users/ashi/github/cm4ai_codefest2025/analysis/cell_crops/yellow/B2AI_1_Paclitaxel_A2_R5_z01_yellow_cell87.png,,,/Users/ashi/github/cm4ai_codefest2025/analysis/cell_crops,B2AI_1_Paclitaxel_A2_R5_z01_yellow_,87,B2AI_1_Paclitaxel_A2_R5_z01_yellow
,/Users/ashi/github/cm4ai_codefest2025/analysis/cell_crops/yellow/B2AI_1_Paclitaxel_A2_R5_z01_yellow_cell88.png,,,/Users/ashi/github/cm4ai_codefest2025/analysis/cell_crops,B2AI_1_Paclitaxel_A2_R5_z01_yellow_,88,B2AI_1_Paclitaxel_A2_R5_z01_yellow
,/Users/ashi/github/cm4ai_codefest2025/analysis/cell_crops/yellow/B2AI_1_Paclitaxel_A2_R5_z01_yellow_cell89.png,,,/Users/ashi/github/cm4ai_codefest2025/analysis/cell_crops,B2AI_1_Paclitaxel_A2_R5_z01_yellow_,89,B2AI_1_Paclitaxel_A2_R5_z01_yellow
,/Users/ashi/github/cm4ai_codefest2025/analysis/cell_crops/yellow/B2AI_1_Paclitaxel_A2_R5_z01_yellow_cell90.png,,,/Users/ashi/github/cm4ai_codefest2025/analysis/cell_crops,B2AI_1_Paclitaxel_A2_R5_z01_yellow_,90,B2AI_1_Paclitaxel_A2_R5_z01_yellow
,/Users/ashi/github/cm4ai_codefest2025/analysis/cell_crops/yellow/B2AI_1_Paclitaxel_A2_R5_z01_yellow_cell91.png,,,/Users/ashi/github/cm4ai_codefest2025/analysis/cell_crops,B2AI_1_Paclitaxel_A2_R5_z01_yellow_,91,B2AI_1_Paclitaxel_A2_R5_z01_yellow
,/Users/ashi/github/cm4ai_codefest2025/analysis/cell_crops/yellow/B2AI_1_Paclitaxel_A2_R5_z01_yellow_cell92.png,,,/Users/ashi/github/cm4ai_codefest2025/analysis/cell_crops,B2AI_1_Paclitaxel_A2_R5_z01_yellow_,92,B2AI_1_Paclitaxel_A2_R5_z01_yellow
,/Users/ashi/github/cm4ai_codefest2025/analysis/cell_crops/yellow/B2AI_1_Paclitaxel_A2_R5_z01_yellow_cell93.png,,,/Users/ashi/github/cm4ai_codefest2025/analysis/cell_crops,B2AI_1_Paclitaxel_A2_R5_z01_yellow_,93,B2AI_1_Paclitaxel_A2_R5_z01_yellow
,/Users/ashi/github/cm4ai_codefest2025/analysis/cell_crops/yellow/B2AI_1_Paclitaxel_A2_R5_z01_yellow_cell94.png,,,/Users/ashi/github/cm4ai_codefest2025/analysis/cell_crops,B2AI_1_Paclitaxel_A2_R5_z01_yellow_,94,B2AI_1_Paclitaxel_A2_R5_z01_yellow
,/Users/ashi/github/cm4ai_codefest2025/analysis/cell_crops/yellow/B2AI_1_Paclitaxel_A2_R5_z01_yellow_cell95.png,,,/Users/ashi/github/cm4ai_codefest2025/analysis/cell_crops,B2AI_1_Paclitaxel_A2_R5_z01_yellow_,95,B2AI_1_Paclitaxel_A2_R5_z01_yellow
,/Users/ashi/github/cm4ai_codefest2025/analysis/cell_crops/yellow/B2AI_1_Paclitaxel_A2_R5_z01_yellow_cell96.png,,,/Users/ashi/github/cm4ai_codefest2025/analysis/cell_crops,B2AI_1_Paclitaxel_A2_R5_z01_yellow_,96,B2AI_1_Paclitaxel_A2_R5_z01_yellow
,/Users/ashi/github/cm4ai_codefest2025/analysis/cell_crops/yellow/B2AI_1_Paclitaxel_A2_R5_z01_yellow_cell97.png,,,/Users/ashi/github/cm4ai_codefest2025/analysis/cell_crops,B2AI_1_Paclitaxel_A2_R5_z01_yellow_,97,B2AI_1_Paclitaxel_A2_R5_z01_yellow
,/Users/ashi/github/cm4ai_codefest2025/analysis/cell_crops/yellow/B2AI_1_Paclitaxel_A2_R5_z01_yellow_cell98.png,,,/Users/ashi/github/cm4ai_codefest2025/analysis/cell_crops,B2AI_1_Paclitaxel_A2_R5_z01_yellow_,98,B2AI_1_Paclitaxel_A2_R5_z01_yellow
,/Users/ashi/github/cm4ai_codefest2025/analysis/cell_crops/yellow/B2AI_1_Paclitaxel_A2_R5_z01_yellow_cell99.png,,,/Users/ashi/github/cm4ai_codefest2025/analysis/cell_crops,B2AI_1_Paclitaxel_A2_R5_z01_yellow_,99,B2AI_1_Paclitaxel_A2_R5_z01_yellow
,/Users/ashi/github/cm4ai_codefest2025/analysis/cell_crops/yellow/B2AI_1_Paclitaxel_A2_R5_z01_yellow_cell100.png,,,/Users/ashi/github/cm4ai_codefest2025/analysis/cell_crops,B2AI_1_Paclitaxel_A2_R5_z01_yellow_,100,B2AI_1_Paclitaxel_A2_R5_z01_yellow
,/Users/ashi/github/cm4ai_codefest2025/analysis/cell_crops/yellow/B2AI_1_Paclitaxel_A2_R5_z01_yellow_cell101.png,,,/Users/ashi/github/cm4ai_codefest2025/analysis/cell_crops,B2AI_1_Paclitaxel_A2_R5_z01_yellow_,101,B2AI_1_Paclitaxel_A2_R5_z01_yellow
,/Users/ashi/github/cm4ai_codefest2025/analysis/cell_crops/yellow/B2AI_1_Paclitaxel_A2_R5_z01_yellow_cell102.png,,,/Users/ashi/github/cm4ai_codefest2025/analysis/cell_crops,B2AI_1_Paclitaxel_A2_R5_z01_yellow_,102,B2AI_1_Paclitaxel_A2_R5_z01_yellow
,/Users/ashi/github/cm4ai_codefest2025/analysis/cell_crops/yellow/B2AI_1_Paclitaxel_A2_R5_z01_yellow_cell103.png,,,/Users/ashi/github/cm4ai_codefest2025/analysis/cell_crops,B2AI_1_Paclitaxel_A2_R5_z01_yellow_,103,B2AI_1_Paclitaxel_A2_R5_z01_yellow
,/Users/ashi/github/cm4ai_codefest2025/analysis/cell_crops/yellow/B2AI_1_Paclitaxel_A2_R5_z01_yellow_cell104.png,,,/Users/ashi/github/cm4ai_codefest2025/analysis/cell_crops,B2AI_1_Paclitaxel_A2_R5_z01_yellow_,104,B2AI_1_Paclitaxel_A2_R5_z01_yellow
,/Users/ashi/github/cm4ai_codefest2025/analysis/cell_crops/yellow/B2AI_1_Paclitaxel_A2_R5_z01_yellow_cell105.png,,,/Users/ashi/github/cm4ai_codefest2025/analysis/cell_crops,B2AI_1_Paclitaxel_A2_R5_z01_yellow_,105,B2AI_1_Paclitaxel_A2_R5_z01_yellow
,/Users/ashi/github/cm4ai_codefest2025/analysis/cell_crops/yellow/B2AI_1_Paclitaxel_A2_R5_z01_yellow_cell106.png,,,/Users/ashi/github/cm4ai_codefest2025/analysis/cell_crops,B2AI_1_Paclitaxel_A2_R5_z01_yellow_,106,B2AI_1_Paclitaxel_A2_R5_z01_yellow
,/Users/ashi/github/cm4ai_codefest2025/analysis/cell_crops/yellow/B2AI_1_Paclitaxel_A2_R5_z01_yellow_cell107.png,,,/Users/ashi/github/cm4ai_codefest2025/analysis/cell_crops,B2AI_1_Paclitaxel_A2_R5_z01_yellow_,107,B2AI_1_Paclitaxel_A2_R5_z01_yellow
,/Users/ashi/github/cm4ai_codefest2025/analysis/cell_crops/yellow/B2AI_1_Paclitaxel_A2_R5_z01_yellow_cell108.png,,,/Users/ashi/github/cm4ai_codefest2025/analysis/cell_crops,B2AI_1_Paclitaxel_A2_R5_z01_yellow_,108,B2AI_1_Paclitaxel_A2_R5_z01_yellow
,/Users/ashi/github/cm4ai_codefest2025/analysis/cell_crops/yellow/B2AI_1_Paclitaxel_A2_R5_z01_yellow_cell109.png,,,/Users/ashi/github/cm4ai_codefest2025/analysis/cell_crops,B2AI_1_Paclitaxel_A2_R5_z01_yellow_,109,B2AI_1_Paclitaxel_A2_R5_z01_yellow
,/Users/ashi/github/cm4ai_codefest2025/analysis/cell_crops/yellow/B2AI_1_Paclitaxel_A2_R5_z01_yellow_cell110.png,,,/Users/ashi/github/cm4ai_codefest2025/analysis/cell_crops,B2AI_1_Paclitaxel_A2_R5_z01_yellow_,110,B2AI_1_Paclitaxel_A2_R5_z01_yellow
,/Users/ashi/github/cm4ai_codefest2025/analysis/cell_crops/yellow/B2AI_1_Paclitaxel_A2_R5_z01_yellow_cell111.png,,,/Users/ashi/github/cm4ai_codefest2025/analysis/cell_crops,B2AI_1_Paclitaxel_A2_R5_z01_yellow_,111,B2AI_1_Paclitaxel_A2_R5_z01_yellow
,/Users/ashi/github/cm4ai_codefest2025/analysis/cell_crops/yellow/B2AI_1_Paclitaxel_A2_R5_z01_yellow_cell112.png,,,/Users/ashi/github/cm4ai_codefest2025/analysis/cell_crops,B2AI_1_Paclitaxel_A2_R5_z01_yellow_,112,B2AI_1_Paclitaxel_A2_R5_z01_yellow
,/Users/ashi/github/cm4ai_codefest2025/analysis/cell_crops/yellow/B2AI_1_Paclitaxel_A2_R5_z01_yellow_cell113.png,,,/Users/ashi/github/cm4ai_codefest2025/analysis/cell_crops,B2AI_1_Paclitaxel_A2_R5_z01_yellow_,113,B2AI_1_Paclitaxel_A2_R5_z01_yellow
,/Users/ashi/github/cm4ai_codefest2025/analysis/cell_crops/yellow/B2AI_1_Paclitaxel_A2_R5_z01_yellow_cell114.png,,,/Users/ashi/github/cm4ai_codefest2025/analysis/cell_crops,B2AI_1_Paclitaxel_A2_R5_z01_yellow_,114,B2AI_1_Paclitaxel_A2_R5_z01_yellow
,/Users/ashi/github/cm4ai_codefest2025/analysis/cell_crops/yellow/B2AI_1_Paclitaxel_A2_R5_z01_yellow_cell115.png,,,/Users/ashi/github/cm4ai_codefest2025/analysis/cell_crops,B2AI_1_Paclitaxel_A2_R5_z01_yellow_,115,B2AI_1_Paclitaxel_A2_R5_z01_yellow
,/Users/ashi/github/cm4ai_codefest2025/analysis/cell_crops/yellow/B2AI_1_Paclitaxel_A2_R5_z01_yellow_cell116.png,,,/Users/ashi/github/cm4ai_codefest2025/analysis/cell_crops,B2AI_1_Paclitaxel_A2_R5_z01_yellow_,116,B2AI_1_Paclitaxel_A2_R5_z01_yellow
,/Users/ashi/github/cm4ai_codefest2025/analysis/cell_crops/yellow/B2AI_1_Paclitaxel_A2_R5_z01_yellow_cell117.png,,,/Users/ashi/github/cm4ai_codefest2025/analysis/cell_crops,B2AI_1_Paclitaxel_A2_R5_z01_yellow_,117,B2AI_1_Paclitaxel_A2_R5_z01_yellow
,/Users/ashi/github/cm4ai_codefest2025/analysis/cell_crops/yellow/B2AI_1_Paclitaxel_A2_R5_z01_yellow_cell118.png,,,/Users/ashi/github/cm4ai_codefest2025/analysis/cell_crops,B2AI_1_Paclitaxel_A2_R5_z01_yellow_,118,B2AI_1_Paclitaxel_A2_R5_z01_yellow
,/Users/ashi/github/cm4ai_codefest2025/analysis/cell_crops/yellow/B2AI_1_Paclitaxel_A2_R5_z01_yellow_cell119.png,,,/Users/ashi/github/cm4ai_codefest2025/analysis/cell_crops,B2AI_1_Paclitaxel_A2_R5_z01_yellow_,119,B2AI_1_Paclitaxel_A2_R5_z01_yellow
,/Users/ashi/github/cm4ai_codefest2025/analysis/cell_crops/yellow/B2AI_1_Paclitaxel_A2_R5_z01_yellow_cell120.png,,,/Users/ashi/github/cm4ai_codefest2025/analysis/cell_crops,B2AI_1_Paclitaxel_A2_R5_z01_yellow_,120,B2AI_1_Paclitaxel_A2_R5_z01_yellow
,/Users/ashi/github/cm4ai_codefest2025/analysis/cell_crops/yellow/B2AI_1_Paclitaxel_A2_R5_z01_yellow_cell121.png,,,/Users/ashi/github/cm4ai_codefest2025/analysis/cell_crops,B2AI_1_Paclitaxel_A2_R5_z01_yellow_,121,B2AI_1_Paclitaxel_A2_R5_z01_yellow
,/Users/ashi/github/cm4ai_codefest2025/analysis/cell_crops/yellow/B2AI_1_Paclitaxel_A2_R5_z01_yellow_cell122.png,,,/Users/ashi/github/cm4ai_codefest2025/analysis/cell_crops,B2AI_1_Paclitaxel_A2_R5_z01_yellow_,122,B2AI_1_Paclitaxel_A2_R5_z01_yellow
,/Users/ashi/github/cm4ai_codefest2025/analysis/cell_crops/yellow/B2AI_1_Paclitaxel_A2_R5_z01_yellow_cell123.png,,,/Users/ashi/github/cm4ai_codefest2025/analysis/cell_crops,B2AI_1_Paclitaxel_A2_R5_z01_yellow_,123,B2AI_1_Paclitaxel_A2_R5_z01_yellow
,/Users/ashi/github/cm4ai_codefest2025/analysis/cell_crops/yellow/B2AI_1_Paclitaxel_A2_R5_z01_yellow_cell124.png,,,/Users/ashi/github/cm4ai_codefest2025/analysis/cell_crops,B2AI_1_Paclitaxel_A2_R5_z01_yellow_,124,B2AI_1_Paclitaxel_A2_R5_z01_yellow
,/Users/ashi/github/cm4ai_codefest2025/analysis/cell_crops/yellow/B2AI_1_Paclitaxel_A2_R5_z01_yellow_cell125.png,,,/Users/ashi/github/cm4ai_codefest2025/analysis/cell_crops,B2AI_1_Paclitaxel_A2_R5_z01_yellow_,125,B2AI_1_Paclitaxel_A2_R5_z01_yellow
,/Users/ashi/github/cm4ai_codefest2025/analysis/cell_crops/yellow/B2AI_1_Paclitaxel_A2_R5_z01_yellow_cell126.png,,,/Users/ashi/github/cm4ai_codefest2025/analysis/cell_crops,B2AI_1_Paclitaxel_A2_R5_z01_yellow_,126,B2AI_1_Paclitaxel_A2_R5_z01_yellow
,/Users/ashi/github/cm4ai_codefest2025/analysis/cell_crops/yellow/B2AI_1_Paclitaxel_A2_R5_z01_yellow_cell127.png,,,/Users/ashi/github/cm4ai_codefest2025/analysis/cell_crops,B2AI_1_Paclitaxel_A2_R5_z01_yellow_,127,B2AI_1_Paclitaxel_A2_R5_z01_yellow
,/Users/ashi/github/cm4ai_codefest2025/analysis/cell_crops/yellow/B2AI_1_Paclitaxel_A2_R5_z01_yellow_cell128.png,,,/Users/ashi/github/cm4ai_codefest2025/analysis/cell_crops,B2AI_1_Paclitaxel_A2_R5_z01_yellow_,128,B2AI_1_Paclitaxel_A2_R5_z01_yellow
,/Users/ashi/github/cm4ai_codefest2025/analysis/cell_crops/yellow/B2AI_1_Paclitaxel_A2_R5_z01_yellow_cell129.png,,,/Users/ashi/github/cm4ai_codefest2025/analysis/cell_crops,B2AI_1_Paclitaxel_A2_R5_z01_yellow_,129,B2AI_1_Paclitaxel_A2_R5_z01_yellow
,/Users/ashi/github/cm4ai_codefest2025/analysis/cell_crops/yellow/B2AI_1_Paclitaxel_A2_R5_z01_yellow_cell130.png,,,/Users/ashi/github/cm4ai_codefest2025/analysis/cell_crops,B2AI_1_Paclitaxel_A2_R5_z01_yellow_,130,B2AI_1_Paclitaxel_A2_R5_z01_yellow
,/Users/ashi/github/cm4ai_codefest2025/analysis/cell_crops/yellow/B2AI_1_Paclitaxel_A2_R5_z01_yellow_cell131.png,,,/Users/ashi/github/cm4ai_codefest2025/analysis/cell_crops,B2AI_1_Paclitaxel_A2_R5_z01_yellow_,131,B2AI_1_Paclitaxel_A2_R5_z01_yellow
,/Users/ashi/github/cm4ai_codefest2025/analysis/cell_crops/yellow/B2AI_1_Paclitaxel_A2_R5_z01_yellow_cell132.png,,,/Users/ashi/github/cm4ai_codefest2025/analysis/cell_crops,B2AI_1_Paclitaxel_A2_R5_z01_yellow_,132,B2AI_1_Paclitaxel_A2_R5_z01_yellow
,/Users/ashi/github/cm4ai_codefest2025/analysis/cell_crops/yellow/B2AI_1_Paclitaxel_A2_R5_z01_yellow_cell133.png,,,/Users/ashi/github/cm4ai_codefest2025/analysis/cell_crops,B2AI_1_Paclitaxel_A2_R5_z01_yellow_,133,B2AI_1_Paclitaxel_A2_R5_z01_yellow
,/Users/ashi/github/cm4ai_codefest2025/analysis/cell_crops/yellow/B2AI_1_Paclitaxel_A2_R5_z01_yellow_cell134.png,,,/Users/ashi/github/cm4ai_codefest2025/analysis/cell_crops,B2AI_1_Paclitaxel_A2_R5_z01_yellow_,134,B2AI_1_Paclitaxel_A2_R5_z01_yellow
,/Users/ashi/github/cm4ai_codefest2025/analysis/cell_crops/yellow/B2AI_1_Paclitaxel_A2_R5_z01_yellow_cell135.png,,,/Users/ashi/github/cm4ai_codefest2025/analysis/cell_crops,B2AI_1_Paclitaxel_A2_R5_z01_yellow_,135,B2AI_1_Paclitaxel_A2_R5_z01_yellow
,/Users/ashi/github/cm4ai_codefest2025/analysis/cell_crops/yellow/B2AI_1_Paclitaxel_A2_R5_z01_yellow_cell136.png,,,/Users/ashi/github/cm4ai_codefest2025/analysis/cell_crops,B2AI_1_Paclitaxel_A2_R5_z01_yellow_,136,B2AI_1_Paclitaxel_A2_R5_z01_yellow
,/Users/ashi/github/cm4ai_codefest2025/analysis/cell_crops/yellow/B2AI_1_Paclitaxel_A2_R5_z01_yellow_cell137.png,,,/Users/ashi/github/cm4ai_codefest2025/analysis/cell_crops,B2AI_1_Paclitaxel_A2_R5_z01_yellow_,137,B2AI_1_Paclitaxel_A2_R5_z01_yellow
,/Users/ashi/github/cm4ai_codefest2025/analysis/cell_crops/yellow/B2AI_1_Paclitaxel_A2_R5_z01_yellow_cell138.png,,,/Users/ashi/github/cm4ai_codefest2025/analysis/cell_crops,B2AI_1_Paclitaxel_A2_R5_z01_yellow_,138,B2AI_1_Paclitaxel_A2_R5_z01_yellow
,/Users/ashi/github/cm4ai_codefest2025/analysis/cell_crops/yellow/B2AI_1_Paclitaxel_A2_R5_z01_yellow_cell139.png,,,/Users/ashi/github/cm4ai_codefest2025/analysis/cell_crops,B2AI_1_Paclitaxel_A2_R5_z01_yellow_,139,B2AI_1_Paclitaxel_A2_R5_z01_yellow
,/Users/ashi/github/cm4ai_codefest2025/analysis/cell_crops/yellow/B2AI_1_Paclitaxel_A2_R5_z01_yellow_cell140.png,,,/Users/ashi/github/cm4ai_codefest2025/analysis/cell_crops,B2AI_1_Paclitaxel_A2_R5_z01_yellow_,140,B2AI_1_Paclitaxel_A2_R5_z01_yellow
,/Users/ashi/github/cm4ai_codefest2025/analysis/cell_crops/yellow/B2AI_1_Paclitaxel_A2_R5_z01_yellow_cell141.png,,,/Users/ashi/github/cm4ai_codefest2025/analysis/cell_crops,B2AI_1_Paclitaxel_A2_R5_z01_yellow_,141,B2AI_1_Paclitaxel_A2_R5_z01_yellow
,/Users/ashi/github/cm4ai_codefest2025/analysis/cell_crops/yellow/B2AI_1_Paclitaxel_A2_R5_z01_yellow_cell142.png,,,/Users/ashi/github/cm4ai_codefest2025/analysis/cell_crops,B2AI_1_Paclitaxel_A2_R5_z01_yellow_,142,B2AI_1_Paclitaxel_A2_R5_z01_yellow
,/Users/ashi/github/cm4ai_codefest2025/analysis/cell_crops/yellow/B2AI_1_Paclitaxel_A2_R5_z01_yellow_cell143.png,,,/Users/ashi/github/cm4ai_codefest2025/analysis/cell_crops,B2AI_1_Paclitaxel_A2_R5_z01_yellow_,143,B2AI_1_Paclitaxel_A2_R5_z01_yellow
,/Users/ashi/github/cm4ai_codefest2025/analysis/cell_crops/yellow/B2AI_1_Paclitaxel_A2_R5_z01_yellow_cell144.png,,,/Users/ashi/github/cm4ai_codefest2025/analysis/cell_crops,B2AI_1_Paclitaxel_A2_R5_z01_yellow_,144,B2AI_1_Paclitaxel_A2_R5_z01_yellow
,/Users/ashi/github/cm4ai_codefest2025/analysis/cell_crops/yellow/B2AI_1_Paclitaxel_A2_R5_z01_yellow_cell145.png,,,/Users/ashi/github/cm4ai_codefest2025/analysis/cell_crops,B2AI_1_Paclitaxel_A2_R5_z01_yellow_,145,B2AI_1_Paclitaxel_A2_R5_z01_yellow
,/Users/ashi/github/cm4ai_codefest2025/analysis/cell_crops/yellow/B2AI_1_Paclitaxel_A2_R5_z01_yellow_cell146.png,,,/Users/ashi/github/cm4ai_codefest2025/analysis/cell_crops,B2AI_1_Paclitaxel_A2_R5_z01_yellow_,146,B2AI_1_Paclitaxel_A2_R5_z01_yellow
,/Users/ashi/github/cm4ai_codefest2025/analysis/cell_crops/yellow/B2AI_1_Paclitaxel_A2_R5_z01_yellow_cell147.png,,,/Users/ashi/github/cm4ai_codefest2025/analysis/cell_crops,B2AI_1_Paclitaxel_A2_R5_z01_yellow_,147,B2AI_1_Paclitaxel_A2_R5_z01_yellow
,/Users/ashi/github/cm4ai_codefest2025/analysis/cell_crops/yellow/B2AI_1_Paclitaxel_A2_R5_z01_yellow_cell148.png,,,/Users/ashi/github/cm4ai_codefest2025/analysis/cell_crops,B2AI_1_Paclitaxel_A2_R5_z01_yellow_,148,B2AI_1_Paclitaxel_A2_R5_z01_yellow
,/Users/ashi/github/cm4ai_codefest2025/analysis/cell_crops/yellow/B2AI_1_Paclitaxel_A2_R5_z01_yellow_cell149.png,,,/Users/ashi/github/cm4ai_codefest2025/analysis/cell_crops,B2AI_1_Paclitaxel_A2_R5_z01_yellow_,149,B2AI_1_Paclitaxel_A2_R5_z01_yellow
,/Users/ashi/github/cm4ai_codefest2025/analysis/cell_crops/yellow/B2AI_1_Paclitaxel_A2_R5_z01_yellow_cell150.png,,,/Users/ashi/github/cm4ai_codefest2025/analysis/cell_crops,B2AI_1_Paclitaxel_A2_R5_z01_yellow_,150,B2AI_1_Paclitaxel_A2_R5_z01_yellow
,/Users/ashi/github/cm4ai_codefest2025/analysis/cell_crops/yellow/B2AI_1_Paclitaxel_A2_R5_z01_yellow_cell151.png,,,/Users/ashi/github/cm4ai_codefest2025/analysis/cell_crops,B2AI_1_Paclitaxel_A2_R5_z01_yellow_,151,B2AI_1_Paclitaxel_A2_R5_z01_yellow
,/Users/ashi/github/cm4ai_codefest2025/analysis/cell_crops/yellow/B2AI_1_Paclitaxel_A2_R5_z01_yellow_cell152.png,,,/Users/ashi/github/cm4ai_codefest2025/analysis/cell_crops,B2AI_1_Paclitaxel_A2_R5_z01_yellow_,152,B2AI_1_Paclitaxel_A2_R5_z01_yellow
,/Users/ashi/github/cm4ai_codefest2025/analysis/cell_crops/yellow/B2AI_1_Paclitaxel_A2_R5_z01_yellow_cell153.png,,,/Users/ashi/github/cm4ai_codefest2025/analysis/cell_crops,B2AI_1_Paclitaxel_A2_R5_z01_yellow_,153,B2AI_1_Paclitaxel_A2_R5_z01_yellow
,/Users/ashi/github/cm4ai_codefest2025/analysis/cell_crops/yellow/B2AI_1_Paclitaxel_A2_R5_z01_yellow_cell154.png,,,/Users/ashi/github/cm4ai_codefest2025/analysis/cell_crops,B2AI_1_Paclitaxel_A2_R5_z01_yellow_,154,B2AI_1_Paclitaxel_A2_R5_z01_yellow
,/Users/ashi/github/cm4ai_codefest2025/analysis/cell_crops/yellow/B2AI_1_Paclitaxel_A2_R5_z01_yellow_cell155.png,,,/Users/ashi/github/cm4ai_codefest2025/analysis/cell_crops,B2AI_1_Paclitaxel_A2_R5_z01_yellow_,155,B2AI_1_Paclitaxel_A2_R5_z01_yellow
,/Users/ashi/github/cm4ai_codefest2025/analysis/cell_crops/yellow/B2AI_1_Paclitaxel_A2_R5_z01_yellow_cell156.png,,,/Users/ashi/github/cm4ai_codefest2025/analysis/cell_crops,B2AI_1_Paclitaxel_A2_R5_z01_yellow_,156,B2AI_1_Paclitaxel_A2_R5_z01_yellow
,/Users/ashi/github/cm4ai_codefest2025/analysis/cell_crops/yellow/B2AI_1_Paclitaxel_A2_R5_z01_yellow_cell157.png,,,/Users/ashi/github/cm4ai_codefest2025/analysis/cell_crops,B2AI_1_Paclitaxel_A2_R5_z01_yellow_,157,B2AI_1_Paclitaxel_A2_R5_z01_yellow
,/Users/ashi/github/cm4ai_codefest2025/analysis/cell_crops/yellow/B2AI_1_Paclitaxel_A2_R5_z01_yellow_cell158.png,,,/Users/ashi/github/cm4ai_codefest2025/analysis/cell_crops,B2AI_1_Paclitaxel_A2_R5_z01_yellow_,158,B2AI_1_Paclitaxel_A2_R5_z01_yellow
,/Users/ashi/github/cm4ai_codefest2025/analysis/cell_crops/yellow/B2AI_1_Paclitaxel_A2_R5_z01_yellow_cell159.png,,,/Users/ashi/github/cm4ai_codefest2025/analysis/cell_crops,B2AI_1_Paclitaxel_A2_R5_z01_yellow_,159,B2AI_1_Paclitaxel_A2_R5_z01_yellow
,/Users/ashi/github/cm4ai_codefest2025/analysis/cell_crops/yellow/B2AI_1_Paclitaxel_A2_R5_z01_yellow_cell160.png,,,/Users/ashi/github/cm4ai_codefest2025/analysis/cell_crops,B2AI_1_Paclitaxel_A2_R5_z01_yellow_,160,B2AI_1_Paclitaxel_A2_R5_z01_yellow
,/Users/ashi/github/cm4ai_codefest2025/analysis/cell_crops/yellow/B2AI_1_Paclitaxel_A2_R5_z01_yellow_cell161.png,,,/Users/ashi/github/cm4ai_codefest2025/analysis/cell_crops,B2AI_1_Paclitaxel_A2_R5_z01_yellow_,161,B2AI_1_Paclitaxel_A2_R5_z01_yellow
,/Users/ashi/github/cm4ai_codefest2025/analysis/cell_crops/yellow/B2AI_1_Paclitaxel_A2_R5_z01_yellow_cell162.png,,,/Users/ashi/github/cm4ai_codefest2025/analysis/cell_crops,B2AI_1_Paclitaxel_A2_R5_z01_yellow_,162,B2AI_1_Paclitaxel_A2_R5_z01_yellow
,/Users/ashi/github/cm4ai_codefest2025/analysis/cell_crops/yellow/B2AI_1_Paclitaxel_A2_R5_z01_yellow_cell163.png,,,/Users/ashi/github/cm4ai_codefest2025/analysis/cell_crops,B2AI_1_Paclitaxel_A2_R5_z01_yellow_,163,B2AI_1_Paclitaxel_A2_R5_z01_yellow
,/Users/ashi/github/cm4ai_codefest2025/analysis/cell_crops/yellow/B2AI_1_Paclitaxel_A2_R5_z01_yellow_cell164.png,,,/Users/ashi/github/cm4ai_codefest2025/analysis/cell_crops,B2AI_1_Paclitaxel_A2_R5_z01_yellow_,164,B2AI_1_Paclitaxel_A2_R5_z01_yellow
,/Users/ashi/github/cm4ai_codefest2025/analysis/cell_crops/yellow/B2AI_1_Paclitaxel_A2_R5_z01_yellow_cell165.png,,,/Users/ashi/github/cm4ai_codefest2025/analysis/cell_crops,B2AI_1_Paclitaxel_A2_R5_z01_yellow_,165,B2AI_1_Paclitaxel_A2_R5_z01_yellow
,/Users/ashi/github/cm4ai_codefest2025/analysis/cell_crops/yellow/B2AI_1_Paclitaxel_A2_R5_z01_yellow_cell166.png,,,/Users/ashi/github/cm4ai_codefest2025/analysis/cell_crops,B2AI_1_Paclitaxel_A2_R5_z01_yellow_,166,B2AI_1_Paclitaxel_A2_R5_z01_yellow
,/Users/ashi/github/cm4ai_codefest2025/analysis/cell_crops/yellow/B2AI_1_Paclitaxel_A2_R5_z01_yellow_cell167.png,,,/Users/ashi/github/cm4ai_codefest2025/analysis/cell_crops,B2AI_1_Paclitaxel_A2_R5_z01_yellow_,167,B2AI_1_Paclitaxel_A2_R5_z01_yellow
,/Users/ashi/github/cm4ai_codefest2025/analysis/cell_crops/yellow/B2AI_1_Paclitaxel_A2_R5_z01_yellow_cell168.png,,,/Users/ashi/github/cm4ai_codefest2025/analysis/cell_crops,B2AI_1_Paclitaxel_A2_R5_z01_yellow_,168,B2AI_1_Paclitaxel_A2_R5_z01_yellow
,/Users/ashi/github/cm4ai_codefest2025/analysis/cell_crops/yellow/B2AI_1_Paclitaxel_A2_R5_z01_yellow_cell169.png,,,/Users/ashi/github/cm4ai_codefest2025/analysis/cell_crops,B2AI_1_Paclitaxel_A2_R5_z01_yellow_,169,B2AI_1_Paclitaxel_A2_R5_z01_yellow
,/Users/ashi/github/cm4ai_codefest2025/analysis/cell_crops/yellow/B2AI_1_Paclitaxel_A2_R5_z01_yellow_cell170.png,,,/Users/ashi/github/cm4ai_codefest2025/analysis/cell_crops,B2AI_1_Paclitaxel_A2_R5_z01_yellow_,170,B2AI_1_Paclitaxel_A2_R5_z01_yellow
,/Users/ashi/github/cm4ai_codefest2025/analysis/cell_crops/yellow/B2AI_1_Paclitaxel_A2_R5_z01_yellow_cell171.png,,,/Users/ashi/github/cm4ai_codefest2025/analysis/cell_crops,B2AI_1_Paclitaxel_A2_R5_z01_yellow_,171,B2AI_1_Paclitaxel_A2_R5_z01_yellow
,/Users/ashi/github/cm4ai_codefest2025/analysis/cell_crops/yellow/B2AI_1_Paclitaxel_A2_R5_z01_yellow_cell172.png,,,/Users/ashi/github/cm4ai_codefest2025/analysis/cell_crops,B2AI_1_Paclitaxel_A2_R5_z01_yellow_,172,B2AI_1_Paclitaxel_A2_R5_z01_yellow
,/Users/ashi/github/cm4ai_codefest2025/analysis/cell_crops/yellow/B2AI_1_Paclitaxel_A2_R5_z01_yellow_cell173.png,,,/Users/ashi/github/cm4ai_codefest2025/analysis/cell_crops,B2AI_1_Paclitaxel_A2_R5_z01_yellow_,173,B2AI_1_Paclitaxel_A2_R5_z01_yellow
,/Users/ashi/github/cm4ai_codefest2025/analysis/cell_crops/yellow/B2AI_1_Paclitaxel_A2_R5_z01_yellow_cell174.png,,,/Users/ashi/github/cm4ai_codefest2025/analysis/cell_crops,B2AI_1_Paclitaxel_A2_R5_z01_yellow_,174,B2AI_1_Paclitaxel_A2_R5_z01_yellow
,/Users/ashi/github/cm4ai_codefest2025/analysis/cell_crops/yellow/B2AI_1_Paclitaxel_A2_R5_z01_yellow_cell175.png,,,/Users/ashi/github/cm4ai_codefest2025/analysis/cell_crops,B2AI_1_Paclitaxel_A2_R5_z01_yellow_,175,B2AI_1_Paclitaxel_A2_R5_z01_yellow
,/Users/ashi/github/cm4ai_codefest2025/analysis/cell_crops/yellow/B2AI_1_Paclitaxel_A2_R5_z01_yellow_cell176.png,,,/Users/ashi/github/cm4ai_codefest2025/analysis/cell_crops,B2AI_1_Paclitaxel_A2_R5_z01_yellow_,176,B2AI_1_Paclitaxel_A2_R5_z01_yellow
,/Users/ashi/github/cm4ai_codefest2025/analysis/cell_crops/yellow/B2AI_1_Paclitaxel_A2_R5_z01_yellow_cell177.png,,,/Users/ashi/github/cm4ai_codefest2025/analysis/cell_crops,B2AI_1_Paclitaxel_A2_R5_z01_yellow_,177,B2AI_1_Paclitaxel_A2_R5_z01_yellow
,/Users/ashi/github/cm4ai_codefest2025/analysis/cell_crops/yellow/B2AI_1_Paclitaxel_A2_R5_z01_yellow_cell178.png,,,/Users/ashi/github/cm4ai_codefest2025/analysis/cell_crops,B2AI_1_Paclitaxel_A2_R5_z01_yellow_,178,B2AI_1_Paclitaxel_A2_R5_z01_yellow
,/Users/ashi/github/cm4ai_codefest2025/analysis/cell_crops/yellow/B2AI_1_Paclitaxel_A2_R5_z01_yellow_cell179.png,,,/Users/ashi/github/cm4ai_codefest2025/analysis/cell_crops,B2AI_1_Paclitaxel_A2_R5_z01_yellow_,179,B2AI_1_Paclitaxel_A2_R5_z01_yellow
,/Users/ashi/github/cm4ai_codefest2025/analysis/cell_crops/yellow/B2AI_1_Paclitaxel_A2_R5_z01_yellow_cell180.png,,,/Users/ashi/github/cm4ai_codefest2025/analysis/cell_crops,B2AI_1_Paclitaxel_A2_R5_z01_yellow_,180,B2AI_1_Paclitaxel_A2_R5_z01_yellow
,/Users/ashi/github/cm4ai_codefest2025/analysis/cell_crops/yellow/B2AI_1_Paclitaxel_A2_R5_z01_yellow_cell181.png,,,/Users/ashi/github/cm4ai_codefest2025/analysis/cell_crops,B2AI_1_Paclitaxel_A2_R5_z01_yellow_,181,B2AI_1_Paclitaxel_A2_R5_z01_yellow
,/Users/ashi/github/cm4ai_codefest2025/analysis/cell_crops/yellow/B2AI_1_Paclitaxel_A2_R5_z01_yellow_cell182.png,,,/Users/ashi/github/cm4ai_codefest2025/analysis/cell_crops,B2AI_1_Paclitaxel_A2_R5_z01_yellow_,182,B2AI_1_Paclitaxel_A2_R5_z01_yellow
,/Users/ashi/github/cm4ai_codefest2025/analysis/cell_crops/yellow/B2AI_1_Paclitaxel_A2_R5_z01_yellow_cell183.png,,,/Users/ashi/github/cm4ai_codefest2025/analysis/cell_crops,B2AI_1_Paclitaxel_A2_R5_z01_yellow_,183,B2AI_1_Paclitaxel_A2_R5_z01_yellow
,/Users/ashi/github/cm4ai_codefest2025/analysis/cell_crops/yellow/B2AI_1_Paclitaxel_A2_R5_z01_yellow_cell184.png,,,/Users/ashi/github/cm4ai_codefest2025/analysis/cell_crops,B2AI_1_Paclitaxel_A2_R5_z01_yellow_,184,B2AI_1_Paclitaxel_A2_R5_z01_yellow
,/Users/ashi/github/cm4ai_codefest2025/analysis/cell_crops/yellow/B2AI_1_Paclitaxel_A2_R5_z01_yellow_cell185.png,,,/Users/ashi/github/cm4ai_codefest2025/analysis/cell_crops,B2AI_1_Paclitaxel_A2_R5_z01_yellow_,185,B2AI_1_Paclitaxel_A2_R5_z01_yellow
,/Users/ashi/github/cm4ai_codefest2025/analysis/cell_crops/yellow/B2AI_1_Paclitaxel_A2_R5_z01_yellow_cell186.png,,,/Users/ashi/github/cm4ai_codefest2025/analysis/cell_crops,B2AI_1_Paclitaxel_A2_R5_z01_yellow_,186,B2AI_1_Paclitaxel_A2_R5_z01_yellow
,/Users/ashi/github/cm4ai_codefest2025/analysis/cell_crops/yellow/B2AI_1_Paclitaxel_A2_R5_z01_yellow_cell187.png,,,/Users/ashi/github/cm4ai_codefest2025/analysis/cell_crops,B2AI_1_Paclitaxel_A2_R5_z01_yellow_,187,B2AI_1_Paclitaxel_A2_R5_z01_yellow
,/Users/ashi/github/cm4ai_codefest2025/analysis/cell_crops/yellow/B2AI_1_Paclitaxel_A2_R5_z01_yellow_cell188.png,,,/Users/ashi/github/cm4ai_codefest2025/analysis/cell_crops,B2AI_1_Paclitaxel_A2_R5_z01_yellow_,188,B2AI_1_Paclitaxel_A2_R5_z01_yellow
,/Users/ashi/github/cm4ai_codefest2025/analysis/cell_crops/yellow/B2AI_1_Paclitaxel_A2_R5_z01_yellow_cell189.png,,,/Users/ashi/github/cm4ai_codefest2025/analysis/cell_crops,B2AI_1_Paclitaxel_A2_R5_z01_yellow_,189,B2AI_1_Paclitaxel_A2_R5_z01_yellow
,/Users/ashi/github/cm4ai_codefest2025/analysis/cell_crops/yellow/B2AI_1_Paclitaxel_A2_R5_z01_yellow_cell190.png,,,/Users/ashi/github/cm4ai_codefest2025/analysis/cell_crops,B2AI_1_Paclitaxel_A2_R5_z01_yellow_,190,B2AI_1_Paclitaxel_A2_R5_z01_yellow
,/Users/ashi/github/cm4ai_codefest2025/analysis/cell_crops/yellow/B2AI_1_Paclitaxel_A2_R5_z01_yellow_cell191.png,,,/Users/ashi/github/cm4ai_codefest2025/analysis/cell_crops,B2AI_1_Paclitaxel_A2_R5_z01_yellow_,191,B2AI_1_Paclitaxel_A2_R5_z01_yellow
,/Users/ashi/github/cm4ai_codefest2025/analysis/cell_crops/yellow/B2AI_1_Paclitaxel_A2_R5_z01_yellow_cell192.png,,,/Users/ashi/github/cm4ai_codefest2025/analysis/cell_crops,B2AI_1_Paclitaxel_A2_R5_z01_yellow_,192,B2AI_1_Paclitaxel_A2_R5_z01_yellow
,/Users/ashi/github/cm4ai_codefest2025/analysis/cell_crops/yellow/B2AI_1_Paclitaxel_A2_R5_z01_yellow_cell193.png,,,/Users/ashi/github/cm4ai_codefest2025/analysis/cell_crops,B2AI_1_Paclitaxel_A2_R5_z01_yellow_,193,B2AI_1_Paclitaxel_A2_R5_z01_yellow
,/Users/ashi/github/cm4ai_codefest2025/analysis/cell_crops/yellow/B2AI_1_Paclitaxel_A2_R5_z01_yellow_cell194.png,,,/Users/ashi/github/cm4ai_codefest2025/analysis/cell_crops,B2AI_1_Paclitaxel_A2_R5_z01_yellow_,194,B2AI_1_Paclitaxel_A2_R5_z01_yellow
,/Users/ashi/github/cm4ai_codefest2025/analysis/cell_crops/yellow/B2AI_1_Paclitaxel_A2_R5_z01_yellow_cell195.png,,,/Users/ashi/github/cm4ai_codefest2025/analysis/cell_crops,B2AI_1_Paclitaxel_A2_R5_z01_yellow_,195,B2AI_1_Paclitaxel_A2_R5_z01_yellow
,/Users/ashi/github/cm4ai_codefest2025/analysis/cell_crops/yellow/B2AI_1_Paclitaxel_A2_R5_z01_yellow_cell196.png,,,/Users/ashi/github/cm4ai_codefest2025/analysis/cell_crops,B2AI_1_Paclitaxel_A2_R5_z01_yellow_,196,B2AI_1_Paclitaxel_A2_R5_z01_yellow
,/Users/ashi/github/cm4ai_codefest2025/analysis/cell_crops/yellow/B2AI_1_Paclitaxel_A2_R5_z01_yellow_cell197.png,,,/Users/ashi/github/cm4ai_codefest2025/analysis/cell_crops,B2AI_1_Paclitaxel_A2_R5_z01_yellow_,197,B2AI_1_Paclitaxel_A2_R5_z01_yellow
,/Users/ashi/github/cm4ai_codefest2025/analysis/cell_crops/yellow/B2AI_1_Paclitaxel_A2_R5_z01_yellow_cell198.png,,,/Users/ashi/github/cm4ai_codefest2025/analysis/cell_crops,B2AI_1_Paclitaxel_A2_R5_z01_yellow_,198,B2AI_1_Paclitaxel_A2_R5_z01_yellow
,/Users/ashi/github/cm4ai_codefest2025/analysis/cell_crops/yellow/B2AI_1_Paclitaxel_A2_R5_z01_yellow_cell199.png,,,/Users/ashi/github/cm4ai_codefest2025/analysis/cell_crops,B2AI_1_Paclitaxel_A2_R5_z01_yellow_,199,B2AI_1_Paclitaxel_A2_R5_z01_yellow
,/Users/ashi/github/cm4ai_codefest2025/analysis/cell_crops/yellow/B2AI_1_Paclitaxel_A2_R5_z01_yellow_cell200.png,,,/Users/ashi/github/cm4ai_codefest2025/analysis/cell_crops,B2AI_1_Paclitaxel_A2_R5_z01_yellow_,200,B2AI_1_Paclitaxel_A2_R5_z01_yellow
,/Users/ashi/github/cm4ai_codefest2025/analysis/cell_crops/yellow/B2AI_1_Paclitaxel_A2_R5_z01_yellow_cell201.png,,,/Users/ashi/github/cm4ai_codefest2025/analysis/cell_crops,B2AI_1_Paclitaxel_A2_R5_z01_yellow_,201,B2AI_1_Paclitaxel_A2_R5_z01_yellow
,/Users/ashi/github/cm4ai_codefest2025/analysis/cell_crops/yellow/B2AI_1_Paclitaxel_A2_R5_z01_yellow_cell202.png,,,/Users/ashi/github/cm4ai_codefest2025/analysis/cell_crops,B2AI_1_Paclitaxel_A2_R5_z01_yellow_,202,B2AI_1_Paclitaxel_A2_R5_z01_yellow
,/Users/ashi/github/cm4ai_codefest2025/analysis/cell_crops/yellow/B2AI_1_Paclitaxel_A2_R5_z01_yellow_cell203.png,,,/Users/ashi/github/cm4ai_codefest2025/analysis/cell_crops,B2AI_1_Paclitaxel_A2_R5_z01_yellow_,203,B2AI_1_Paclitaxel_A2_R5_z01_yellow
,/Users/ashi/github/cm4ai_codefest2025/analysis/cell_crops/yellow/B2AI_1_Paclitaxel_A2_R5_z01_yellow_cell204.png,,,/Users/ashi/github/cm4ai_codefest2025/analysis/cell_crops,B2AI_1_Paclitaxel_A2_R5_z01_yellow_,204,B2AI_1_Paclitaxel_A2_R5_z01_yellow
,/Users/ashi/github/cm4ai_codefest2025/analysis/cell_crops/yellow/B2AI_1_Paclitaxel_A2_R5_z01_yellow_cell205.png,,,/Users/ashi/github/cm4ai_codefest2025/analysis/cell_crops,B2AI_1_Paclitaxel_A2_R5_z01_yellow_,205,B2AI_1_Paclitaxel_A2_R5_z01_yellow
,/Users/ashi/github/cm4ai_codefest2025/analysis/cell_crops/yellow/B2AI_1_Paclitaxel_A2_R5_z01_yellow_cell206.png,,,/Users/ashi/github/cm4ai_codefest2025/analysis/cell_crops,B2AI_1_Paclitaxel_A2_R5_z01_yellow_,206,B2AI_1_Paclitaxel_A2_R5_z01_yellow
,/Users/ashi/github/cm4ai_codefest2025/analysis/cell_crops/yellow/B2AI_1_Paclitaxel_A2_R5_z01_yellow_cell207.png,,,/Users/ashi/github/cm4ai_codefest2025/analysis/cell_crops,B2AI_1_Paclitaxel_A2_R5_z01_yellow_,207,B2AI_1_Paclitaxel_A2_R5_z01_yellow
,/Users/ashi/github/cm4ai_codefest2025/analysis/cell_crops/yellow/B2AI_1_Paclitaxel_A2_R5_z01_yellow_cell208.png,,,/Users/ashi/github/cm4ai_codefest2025/analysis/cell_crops,B2AI_1_Paclitaxel_A2_R5_z01_yellow_,208,B2AI_1_Paclitaxel_A2_R5_z01_yellow
,/Users/ashi/github/cm4ai_codefest2025/analysis/cell_crops/yellow/B2AI_1_Paclitaxel_A2_R5_z01_yellow_cell209.png,,,/Users/ashi/github/cm4ai_codefest2025/analysis/cell_crops,B2AI_1_Paclitaxel_A2_R5_z01_yellow_,209,B2AI_1_Paclitaxel_A2_R5_z01_yellow
,/Users/ashi/github/cm4ai_codefest2025/analysis/cell_crops/yellow/B2AI_1_Paclitaxel_A2_R5_z01_yellow_cell210.png,,,/Users/ashi/github/cm4ai_codefest2025/analysis/cell_crops,B2AI_1_Paclitaxel_A2_R5_z01_yellow_,210,B2AI_1_Paclitaxel_A2_R5_z01_yellow
,/Users/ashi/github/cm4ai_codefest2025/analysis/cell_crops/yellow/B2AI_1_Paclitaxel_A2_R5_z01_yellow_cell211.png,,,/Users/ashi/github/cm4ai_codefest2025/analysis/cell_crops,B2AI_1_Paclitaxel_A2_R5_z01_yellow_,211,B2AI_1_Paclitaxel_A2_R5_z01_yellow
,/Users/ashi/github/cm4ai_codefest2025/analysis/cell_crops/yellow/B2AI_1_Paclitaxel_A2_R5_z01_yellow_cell212.png,,,/Users/ashi/github/cm4ai_codefest2025/analysis/cell_crops,B2AI_1_Paclitaxel_A2_R5_z01_yellow_,212,B2AI_1_Paclitaxel_A2_R5_z01_yellow
,/Users/ashi/github/cm4ai_codefest2025/analysis/cell_crops/yellow/B2AI_1_Paclitaxel_A2_R5_z01_yellow_cell213.png,,,/Users/ashi/github/cm4ai_codefest2025/analysis/cell_crops,B2AI_1_Paclitaxel_A2_R5_z01_yellow_,213,B2AI_1_Paclitaxel_A2_R5_z01_yellow
,/Users/ashi/github/cm4ai_codefest2025/analysis/cell_crops/yellow/B2AI_1_Paclitaxel_A2_R5_z01_yellow_cell214.png,,,/Users/ashi/github/cm4ai_codefest2025/analysis/cell_crops,B2AI_1_Paclitaxel_A2_R5_z01_yellow_,214,B2AI_1_Paclitaxel_A2_R5_z01_yellow
,/Users/ashi/github/cm4ai_codefest2025/analysis/cell_crops/yellow/B2AI_1_Paclitaxel_A2_R5_z01_yellow_cell215.png,,,/Users/ashi/github/cm4ai_codefest2025/analysis/cell_crops,B2AI_1_Paclitaxel_A2_R5_z01_yellow_,215,B2AI_1_Paclitaxel_A2_R5_z01_yellow
,/Users/ashi/github/cm4ai_codefest2025/analysis/cell_crops/yellow/B2AI_1_Paclitaxel_A2_R5_z01_yellow_cell216.png,,,/Users/ashi/github/cm4ai_codefest2025/analysis/cell_crops,B2AI_1_Paclitaxel_A2_R5_z01_yellow_,216,B2AI_1_Paclitaxel_A2_R5_z01_yellow
,/Users/ashi/github/cm4ai_codefest2025/analysis/cell_crops/yellow/B2AI_1_Paclitaxel_A2_R5_z01_yellow_cell217.png,,,/Users/ashi/github/cm4ai_codefest2025/analysis/cell_crops,B2AI_1_Paclitaxel_A2_R5_z01_yellow_,217,B2AI_1_Paclitaxel_A2_R5_z01_yellow
,/Users/ashi/github/cm4ai_codefest2025/analysis/cell_crops/yellow/B2AI_1_Paclitaxel_A2_R5_z01_yellow_cell218.png,,,/Users/ashi/github/cm4ai_codefest2025/analysis/cell_crops,B2AI_1_Paclitaxel_A2_R5_z01_yellow_,218,B2AI_1_Paclitaxel_A2_R5_z01_yellow
,/Users/ashi/github/cm4ai_codefest2025/analysis/cell_crops/yellow/B2AI_1_Paclitaxel_A2_R5_z01_yellow_cell219.png,,,/Users/ashi/github/cm4ai_codefest2025/analysis/cell_crops,B2AI_1_Paclitaxel_A2_R5_z01_yellow_,219,B2AI_1_Paclitaxel_A2_R5_z01_yellow
,/Users/ashi/github/cm4ai_codefest2025/analysis/cell_crops/yellow/B2AI_1_Paclitaxel_A2_R5_z01_yellow_cell220.png,,,/Users/ashi/github/cm4ai_codefest2025/analysis/cell_crops,B2AI_1_Paclitaxel_A2_R5_z01_yellow_,220,B2AI_1_Paclitaxel_A2_R5_z01_yellow
,/Users/ashi/github/cm4ai_codefest2025/analysis/cell_crops/yellow/B2AI_1_Paclitaxel_A2_R5_z01_yellow_cell221.png,,,/Users/ashi/github/cm4ai_codefest2025/analysis/cell_crops,B2AI_1_Paclitaxel_A2_R5_z01_yellow_,221,B2AI_1_Paclitaxel_A2_R5_z01_yellow
,/Users/ashi/github/cm4ai_codefest2025/analysis/cell_crops/yellow/B2AI_1_Paclitaxel_A2_R5_z01_yellow_cell222.png,,,/Users/ashi/github/cm4ai_codefest2025/analysis/cell_crops,B2AI_1_Paclitaxel_A2_R5_z01_yellow_,222,B2AI_1_Paclitaxel_A2_R5_z01_yellow
,/Users/ashi/github/cm4ai_codefest2025/analysis/cell_crops/yellow/B2AI_1_Paclitaxel_A2_R5_z01_yellow_cell223.png,,,/Users/ashi/github/cm4ai_codefest2025/analysis/cell_crops,B2AI_1_Paclitaxel_A2_R5_z01_yellow_,223,B2AI_1_Paclitaxel_A2_R5_z01_yellow
,/Users/ashi/github/cm4ai_codefest2025/analysis/cell_crops/yellow/B2AI_1_Paclitaxel_A2_R5_z01_yellow_cell224.png,,,/Users/ashi/github/cm4ai_codefest2025/analysis/cell_crops,B2AI_1_Paclitaxel_A2_R5_z01_yellow_,224,B2AI_1_Paclitaxel_A2_R5_z01_yellow
,/Users/ashi/github/cm4ai_codefest2025/analysis/cell_crops/yellow/B2AI_1_Paclitaxel_A2_R5_z01_yellow_cell225.png,,,/Users/ashi/github/cm4ai_codefest2025/analysis/cell_crops,B2AI_1_Paclitaxel_A2_R5_z01_yellow_,225,B2AI_1_Paclitaxel_A2_R5_z01_yellow
,/Users/ashi/github/cm4ai_codefest2025/analysis/cell_crops/yellow/B2AI_1_Paclitaxel_A2_R5_z01_yellow_cell226.png,,,/Users/ashi/github/cm4ai_codefest2025/analysis/cell_crops,B2AI_1_Paclitaxel_A2_R5_z01_yellow_,226,B2AI_1_Paclitaxel_A2_R5_z01_yellow
,/Users/ashi/github/cm4ai_codefest2025/analysis/cell_crops/yellow/B2AI_1_Paclitaxel_A2_R5_z01_yellow_cell227.png,,,/Users/ashi/github/cm4ai_codefest2025/analysis/cell_crops,B2AI_1_Paclitaxel_A2_R5_z01_yellow_,227,B2AI_1_Paclitaxel_A2_R5_z01_yellow
,/Users/ashi/github/cm4ai_codefest2025/analysis/cell_crops/yellow/B2AI_1_Paclitaxel_A2_R5_z01_yellow_cell228.png,,,/Users/ashi/github/cm4ai_codefest2025/analysis/cell_crops,B2AI_1_Paclitaxel_A2_R5_z01_yellow_,228,B2AI_1_Paclitaxel_A2_R5_z01_yellow
,/Users/ashi/github/cm4ai_codefest2025/analysis/cell_crops/yellow/B2AI_1_Paclitaxel_A2_R5_z01_yellow_cell229.png,,,/Users/ashi/github/cm4ai_codefest2025/analysis/cell_crops,B2AI_1_Paclitaxel_A2_R5_z01_yellow_,229,B2AI_1_Paclitaxel_A2_R5_z01_yellow
,/Users/ashi/github/cm4ai_codefest2025/analysis/cell_crops/yellow/B2AI_1_Paclitaxel_A2_R5_z01_yellow_cell230.png,,,/Users/ashi/github/cm4ai_codefest2025/analysis/cell_crops,B2AI_1_Paclitaxel_A2_R5_z01_yellow_,230,B2AI_1_Paclitaxel_A2_R5_z01_yellow
,/Users/ashi/github/cm4ai_codefest2025/analysis/cell_crops/yellow/B2AI_1_Paclitaxel_A2_R5_z01_yellow_cell231.png,,,/Users/ashi/github/cm4ai_codefest2025/analysis/cell_crops,B2AI_1_Paclitaxel_A2_R5_z01_yellow_,231,B2AI_1_Paclitaxel_A2_R5_z01_yellow
,/Users/ashi/github/cm4ai_codefest2025/analysis/cell_crops/yellow/B2AI_1_Paclitaxel_A2_R5_z01_yellow_cell232.png,,,/Users/ashi/github/cm4ai_codefest2025/analysis/cell_crops,B2AI_1_Paclitaxel_A2_R5_z01_yellow_,232,B2AI_1_Paclitaxel_A2_R5_z01_yellow
,/Users/ashi/github/cm4ai_codefest2025/analysis/cell_crops/yellow/B2AI_1_Paclitaxel_A2_R5_z01_yellow_cell233.png,,,/Users/ashi/github/cm4ai_codefest2025/analysis/cell_crops,B2AI_1_Paclitaxel_A2_R5_z01_yellow_,233,B2AI_1_Paclitaxel_A2_R5_z01_yellow
,/Users/ashi/github/cm4ai_codefest2025/analysis/cell_crops/yellow/B2AI_1_Paclitaxel_A2_R5_z01_yellow_cell234.png,,,/Users/ashi/github/cm4ai_codefest2025/analysis/cell_crops,B2AI_1_Paclitaxel_A2_R5_z01_yellow_,234,B2AI_1_Paclitaxel_A2_R5_z01_yellow
,/Users/ashi/github/cm4ai_codefest2025/analysis/cell_crops/yellow/B2AI_1_Paclitaxel_A2_R5_z01_yellow_cell235.png,,,/Users/ashi/github/cm4ai_codefest2025/analysis/cell_crops,B2AI_1_Paclitaxel_A2_R5_z01_yellow_,235,B2AI_1_Paclitaxel_A2_R5_z01_yellow
,/Users/ashi/github/cm4ai_codefest2025/analysis/cell_crops/yellow/B2AI_1_Paclitaxel_A2_R5_z01_yellow_cell236.png,,,/Users/ashi/github/cm4ai_codefest2025/analysis/cell_crops,B2AI_1_Paclitaxel_A2_R5_z01_yellow_,236,B2AI_1_Paclitaxel_A2_R5_z01_yellow
,/Users/ashi/github/cm4ai_codefest2025/analysis/cell_crops/yellow/B2AI_1_Paclitaxel_A2_R5_z01_yellow_cell237.png,,,/Users/ashi/github/cm4ai_codefest2025/analysis/cell_crops,B2AI_1_Paclitaxel_A2_R5_z01_yellow_,237,B2AI_1_Paclitaxel_A2_R5_z01_yellow
,/Users/ashi/github/cm4ai_codefest2025/analysis/cell_crops/yellow/B2AI_1_Paclitaxel_A2_R5_z01_yellow_cell238.png,,,/Users/ashi/github/cm4ai_codefest2025/analysis/cell_crops,B2AI_1_Paclitaxel_A2_R5_z01_yellow_,238,B2AI_1_Paclitaxel_A2_R5_z01_yellow
,/Users/ashi/github/cm4ai_codefest2025/analysis/cell_crops/yellow/B2AI_1_Paclitaxel_A2_R5_z01_yellow_cell239.png,,,/Users/ashi/github/cm4ai_codefest2025/analysis/cell_crops,B2AI_1_Paclitaxel_A2_R5_z01_yellow_,239,B2AI_1_Paclitaxel_A2_R5_z01_yellow
,/Users/ashi/github/cm4ai_codefest2025/analysis/cell_crops/yellow/B2AI_1_Paclitaxel_A2_R5_z01_yellow_cell240.png,,,/Users/ashi/github/cm4ai_codefest2025/analysis/cell_crops,B2AI_1_Paclitaxel_A2_R5_z01_yellow_,240,B2AI_1_Paclitaxel_A2_R5_z01_yellow
,/Users/ashi/github/cm4ai_codefest2025/analysis/cell_crops/yellow/B2AI_1_Paclitaxel_A2_R5_z01_yellow_cell241.png,,,/Users/ashi/github/cm4ai_codefest2025/analysis/cell_crops,B2AI_1_Paclitaxel_A2_R5_z01_yellow_,241,B2AI_1_Paclitaxel_A2_R5_z01_yellow
,/Users/ashi/github/cm4ai_codefest2025/analysis/cell_crops/yellow/B2AI_1_Paclitaxel_A2_R5_z01_yellow_cell242.png,,,/Users/ashi/github/cm4ai_codefest2025/analysis/cell_crops,B2AI_1_Paclitaxel_A2_R5_z01_yellow_,242,B2AI_1_Paclitaxel_A2_R5_z01_yellow
,/Users/ashi/github/cm4ai_codefest2025/analysis/cell_crops/yellow/B2AI_1_Paclitaxel_A2_R5_z01_yellow_cell243.png,,,/Users/ashi/github/cm4ai_codefest2025/analysis/cell_crops,B2AI_1_Paclitaxel_A2_R5_z01_yellow_,243,B2AI_1_Paclitaxel_A2_R5_z01_yellow
,/Users/ashi/github/cm4ai_codefest2025/analysis/cell_crops/yellow/B2AI_1_Paclitaxel_A2_R5_z01_yellow_cell244.png,,,/Users/ashi/github/cm4ai_codefest2025/analysis/cell_crops,B2AI_1_Paclitaxel_A2_R5_z01_yellow_,244,B2AI_1_Paclitaxel_A2_R5_z01_yellow
,/Users/ashi/github/cm4ai_codefest2025/analysis/cell_crops/yellow/B2AI_1_Paclitaxel_A2_R5_z01_yellow_cell245.png,,,/Users/ashi/github/cm4ai_codefest2025/analysis/cell_crops,B2AI_1_Paclitaxel_A2_R5_z01_yellow_,245,B2AI_1_Paclitaxel_A2_R5_z01_yellow
,/Users/ashi/github/cm4ai_codefest2025/analysis/cell_crops/yellow/B2AI_1_Paclitaxel_A2_R5_z01_yellow_cell246.png,,,/Users/ashi/github/cm4ai_codefest2025/analysis/cell_crops,B2AI_1_Paclitaxel_A2_R5_z01_yellow_,246,B2AI_1_Paclitaxel_A2_R5_z01_yellow
,/Users/ashi/github/cm4ai_codefest2025/analysis/cell_crops/yellow/B2AI_1_Paclitaxel_A2_R5_z01_yellow_cell247.png,,,/Users/ashi/github/cm4ai_codefest2025/analysis/cell_crops,B2AI_1_Paclitaxel_A2_R5_z01_yellow_,247,B2AI_1_Paclitaxel_A2_R5_z01_yellow
,/Users/ashi/github/cm4ai_codefest2025/analysis/cell_crops/yellow/B2AI_1_Paclitaxel_A2_R5_z01_yellow_cell248.png,,,/Users/ashi/github/cm4ai_codefest2025/analysis/cell_crops,B2AI_1_Paclitaxel_A2_R5_z01_yellow_,248,B2AI_1_Paclitaxel_A2_R5_z01_yellow
,/Users/ashi/github/cm4ai_codefest2025/analysis/cell_crops/yellow/B2AI_1_Paclitaxel_A2_R5_z01_yellow_cell249.png,,,/Users/ashi/github/cm4ai_codefest2025/analysis/cell_crops,B2AI_1_Paclitaxel_A2_R5_z01_yellow_,249,B2AI_1_Paclitaxel_A2_R5_z01_yellow
,/Users/ashi/github/cm4ai_codefest2025/analysis/cell_crops/yellow/B2AI_1_Paclitaxel_A2_R5_z01_yellow_cell250.png,,,/Users/ashi/github/cm4ai_codefest2025/analysis/cell_crops,B2AI_1_Paclitaxel_A2_R5_z01_yellow_,250,B2AI_1_Paclitaxel_A2_R5_z01_yellow
,/Users/ashi/github/cm4ai_codefest2025/analysis/cell_crops/yellow/B2AI_1_Paclitaxel_A2_R5_z01_yellow_cell251.png,,,/Users/ashi/github/cm4ai_codefest2025/analysis/cell_crops,B2AI_1_Paclitaxel_A2_R5_z01_yellow_,251,B2AI_1_Paclitaxel_A2_R5_z01_yellow
,/Users/ashi/github/cm4ai_codefest2025/analysis/cell_crops/yellow/B2AI_1_Paclitaxel_A2_R5_z01_yellow_cell252.png,,,/Users/ashi/github/cm4ai_codefest2025/analysis/cell_crops,B2AI_1_Paclitaxel_A2_R5_z01_yellow_,252,B2AI_1_Paclitaxel_A2_R5_z01_yellow
,/Users/ashi/github/cm4ai_codefest2025/analysis/cell_crops/yellow/B2AI_1_Paclitaxel_A2_R5_z01_yellow_cell253.png,,,/Users/ashi/github/cm4ai_codefest2025/analysis/cell_crops,B2AI_1_Paclitaxel_A2_R5_z01_yellow_,253,B2AI_1_Paclitaxel_A2_R5_z01_yellow
,/Users/ashi/github/cm4ai_codefest2025/analysis/cell_crops/yellow/B2AI_1_Paclitaxel_A2_R5_z01_yellow_cell254.png,,,/Users/ashi/github/cm4ai_codefest2025/analysis/cell_crops,B2AI_1_Paclitaxel_A2_R5_z01_yellow_,254,B2AI_1_Paclitaxel_A2_R5_z01_yellow
,/Users/ashi/github/cm4ai_codefest2025/analysis/cell_crops/yellow/B2AI_1_Paclitaxel_A2_R5_z01_yellow_cell255.png,,,/Users/ashi/github/cm4ai_codefest2025/analysis/cell_crops,B2AI_1_Paclitaxel_A2_R5_z01_yellow_,255,B2AI_1_Paclitaxel_A2_R5_z01_yellow
,/Users/ashi/github/cm4ai_codefest2025/analysis/cell_crops/yellow/B2AI_1_Paclitaxel_A2_R5_z01_yellow_cell256.png,,,/Users/ashi/github/cm4ai_codefest2025/analysis/cell_crops,B2AI_1_Paclitaxel_A2_R5_z01_yellow_,256,B2AI_1_Paclitaxel_A2_R5_z01_yellow
,/Users/ashi/github/cm4ai_codefest2025/analysis/cell_crops/yellow/B2AI_1_Paclitaxel_A2_R5_z01_yellow_cell257.png,,,/Users/ashi/github/cm4ai_codefest2025/analysis/cell_crops,B2AI_1_Paclitaxel_A2_R5_z01_yellow_,257,B2AI_1_Paclitaxel_A2_R5_z01_yellow
,/Users/ashi/github/cm4ai_codefest2025/analysis/cell_crops/yellow/B2AI_1_Paclitaxel_A2_R5_z01_yellow_cell258.png,,,/Users/ashi/github/cm4ai_codefest2025/analysis/cell_crops,B2AI_1_Paclitaxel_A2_R5_z01_yellow_,258,B2AI_1_Paclitaxel_A2_R5_z01_yellow
,/Users/ashi/github/cm4ai_codefest2025/analysis/cell_crops/yellow/B2AI_1_Paclitaxel_A2_R5_z01_yellow_cell259.png,,,/Users/ashi/github/cm4ai_codefest2025/analysis/cell_crops,B2AI_1_Paclitaxel_A2_R5_z01_yellow_,259,B2AI_1_Paclitaxel_A2_R5_z01_yellow
,/Users/ashi/github/cm4ai_codefest2025/analysis/cell_crops/yellow/B2AI_1_Paclitaxel_A2_R5_z01_yellow_cell260.png,,,/Users/ashi/github/cm4ai_codefest2025/analysis/cell_crops,B2AI_1_Paclitaxel_A2_R5_z01_yellow_,260,B2AI_1_Paclitaxel_A2_R5_z01_yellow
,/Users/ashi/github/cm4ai_codefest2025/analysis/cell_crops/yellow/B2AI_1_Paclitaxel_A2_R5_z01_yellow_cell261.png,,,/Users/ashi/github/cm4ai_codefest2025/analysis/cell_crops,B2AI_1_Paclitaxel_A2_R5_z01_yellow_,261,B2AI_1_Paclitaxel_A2_R5_z01_yellow
,/Users/ashi/github/cm4ai_codefest2025/analysis/cell_crops/yellow/B2AI_1_Paclitaxel_A2_R5_z01_yellow_cell262.png,,,/Users/ashi/github/cm4ai_codefest2025/analysis/cell_crops,B2AI_1_Paclitaxel_A2_R5_z01_yellow_,262,B2AI_1_Paclitaxel_A2_R5_z01_yellow
,/Users/ashi/github/cm4ai_codefest2025/analysis/cell_crops/yellow/B2AI_1_Paclitaxel_A2_R5_z01_yellow_cell263.png,,,/Users/ashi/github/cm4ai_codefest2025/analysis/cell_crops,B2AI_1_Paclitaxel_A2_R5_z01_yellow_,263,B2AI_1_Paclitaxel_A2_R5_z01_yellow
,/Users/ashi/github/cm4ai_codefest2025/analysis/cell_crops/yellow/B2AI_1_Paclitaxel_A2_R5_z01_yellow_cell264.png,,,/Users/ashi/github/cm4ai_codefest2025/analysis/cell_crops,B2AI_1_Paclitaxel_A2_R5_z01_yellow_,264,B2AI_1_Paclitaxel_A2_R5_z01_yellow
,/Users/ashi/github/cm4ai_codefest2025/analysis/cell_crops/yellow/B2AI_1_Paclitaxel_A2_R5_z01_yellow_cell265.png,,,/Users/ashi/github/cm4ai_codefest2025/analysis/cell_crops,B2AI_1_Paclitaxel_A2_R5_z01_yellow_,265,B2AI_1_Paclitaxel_A2_R5_z01_yellow
,/Users/ashi/github/cm4ai_codefest2025/analysis/cell_crops/yellow/B2AI_1_Paclitaxel_A2_R5_z01_yellow_cell266.png,,,/Users/ashi/github/cm4ai_codefest2025/analysis/cell_crops,B2AI_1_Paclitaxel_A2_R5_z01_yellow_,266,B2AI_1_Paclitaxel_A2_R5_z01_yellow
,/Users/ashi/github/cm4ai_codefest2025/analysis/cell_crops/yellow/B2AI_1_Paclitaxel_A2_R5_z01_yellow_cell267.png,,,/Users/ashi/github/cm4ai_codefest2025/analysis/cell_crops,B2AI_1_Paclitaxel_A2_R5_z01_yellow_,267,B2AI_1_Paclitaxel_A2_R5_z01_yellow
,/Users/ashi/github/cm4ai_codefest2025/analysis/cell_crops/yellow/B2AI_1_Paclitaxel_A2_R5_z01_yellow_cell268.png,,,/Users/ashi/github/cm4ai_codefest2025/analysis/cell_crops,B2AI_1_Paclitaxel_A2_R5_z01_yellow_,268,B2AI_1_Paclitaxel_A2_R5_z01_yellow
,/Users/ashi/github/cm4ai_codefest2025/analysis/cell_crops/yellow/B2AI_1_Paclitaxel_A2_R5_z01_yellow_cell269.png,,,/Users/ashi/github/cm4ai_codefest2025/analysis/cell_crops,B2AI_1_Paclitaxel_A2_R5_z01_yellow_,269,B2AI_1_Paclitaxel_A2_R5_z01_yellow
,/Users/ashi/github/cm4ai_codefest2025/analysis/cell_crops/yellow/B2AI_1_Paclitaxel_A2_R7_z01_yellow_cell1.png,,,/Users/ashi/github/cm4ai_codefest2025/analysis/cell_crops,B2AI_1_Paclitaxel_A2_R7_z01_yellow_,1,B2AI_1_Paclitaxel_A2_R7_z01_yellow
,/Users/ashi/github/cm4ai_codefest2025/analysis/cell_crops/yellow/B2AI_1_Paclitaxel_A2_R7_z01_yellow_cell2.png,,,/Users/ashi/github/cm4ai_codefest2025/analysis/cell_crops,B2AI_1_Paclitaxel_A2_R7_z01_yellow_,2,B2AI_1_Paclitaxel_A2_R7_z01_yellow
,/Users/ashi/github/cm4ai_codefest2025/analysis/cell_crops/yellow/B2AI_1_Paclitaxel_A2_R7_z01_yellow_cell3.png,,,/Users/ashi/github/cm4ai_codefest2025/analysis/cell_crops,B2AI_1_Paclitaxel_A2_R7_z01_yellow_,3,B2AI_1_Paclitaxel_A2_R7_z01_yellow
,/Users/ashi/github/cm4ai_codefest2025/analysis/cell_crops/yellow/B2AI_1_Paclitaxel_A2_R7_z01_yellow_cell4.png,,,/Users/ashi/github/cm4ai_codefest2025/analysis/cell_crops,B2AI_1_Paclitaxel_A2_R7_z01_yellow_,4,B2AI_1_Paclitaxel_A2_R7_z01_yellow
,/Users/ashi/github/cm4ai_codefest2025/analysis/cell_crops/yellow/B2AI_1_Paclitaxel_A2_R7_z01_yellow_cell5.png,,,/Users/ashi/github/cm4ai_codefest2025/analysis/cell_crops,B2AI_1_Paclitaxel_A2_R7_z01_yellow_,5,B2AI_1_Paclitaxel_A2_R7_z01_yellow
,/Users/ashi/github/cm4ai_codefest2025/analysis/cell_crops/yellow/B2AI_1_Paclitaxel_A2_R7_z01_yellow_cell6.png,,,/Users/ashi/github/cm4ai_codefest2025/analysis/cell_crops,B2AI_1_Paclitaxel_A2_R7_z01_yellow_,6,B2AI_1_Paclitaxel_A2_R7_z01_yellow
,/Users/ashi/github/cm4ai_codefest2025/analysis/cell_crops/yellow/B2AI_1_Paclitaxel_A2_R7_z01_yellow_cell7.png,,,/Users/ashi/github/cm4ai_codefest2025/analysis/cell_crops,B2AI_1_Paclitaxel_A2_R7_z01_yellow_,7,B2AI_1_Paclitaxel_A2_R7_z01_yellow
,/Users/ashi/github/cm4ai_codefest2025/analysis/cell_crops/yellow/B2AI_1_Paclitaxel_A2_R7_z01_yellow_cell8.png,,,/Users/ashi/github/cm4ai_codefest2025/analysis/cell_crops,B2AI_1_Paclitaxel_A2_R7_z01_yellow_,8,B2AI_1_Paclitaxel_A2_R7_z01_yellow
,/Users/ashi/github/cm4ai_codefest2025/analysis/cell_crops/yellow/B2AI_1_Paclitaxel_A2_R7_z01_yellow_cell9.png,,,/Users/ashi/github/cm4ai_codefest2025/analysis/cell_crops,B2AI_1_Paclitaxel_A2_R7_z01_yellow_,9,B2AI_1_Paclitaxel_A2_R7_z01_yellow
,/Users/ashi/github/cm4ai_codefest2025/analysis/cell_crops/yellow/B2AI_1_Paclitaxel_A2_R7_z01_yellow_cell10.png,,,/Users/ashi/github/cm4ai_codefest2025/analysis/cell_crops,B2AI_1_Paclitaxel_A2_R7_z01_yellow_,10,B2AI_1_Paclitaxel_A2_R7_z01_yellow
,/Users/ashi/github/cm4ai_codefest2025/analysis/cell_crops/yellow/B2AI_1_Paclitaxel_A2_R7_z01_yellow_cell11.png,,,/Users/ashi/github/cm4ai_codefest2025/analysis/cell_crops,B2AI_1_Paclitaxel_A2_R7_z01_yellow_,11,B2AI_1_Paclitaxel_A2_R7_z01_yellow
,/Users/ashi/github/cm4ai_codefest2025/analysis/cell_crops/yellow/B2AI_1_Paclitaxel_A2_R7_z01_yellow_cell12.png,,,/Users/ashi/github/cm4ai_codefest2025/analysis/cell_crops,B2AI_1_Paclitaxel_A2_R7_z01_yellow_,12,B2AI_1_Paclitaxel_A2_R7_z01_yellow
,/Users/ashi/github/cm4ai_codefest2025/analysis/cell_crops/yellow/B2AI_1_Paclitaxel_A2_R7_z01_yellow_cell13.png,,,/Users/ashi/github/cm4ai_codefest2025/analysis/cell_crops,B2AI_1_Paclitaxel_A2_R7_z01_yellow_,13,B2AI_1_Paclitaxel_A2_R7_z01_yellow
,/Users/ashi/github/cm4ai_codefest2025/analysis/cell_crops/yellow/B2AI_1_Paclitaxel_A2_R7_z01_yellow_cell14.png,,,/Users/ashi/github/cm4ai_codefest2025/analysis/cell_crops,B2AI_1_Paclitaxel_A2_R7_z01_yellow_,14,B2AI_1_Paclitaxel_A2_R7_z01_yellow
,/Users/ashi/github/cm4ai_codefest2025/analysis/cell_crops/yellow/B2AI_1_Paclitaxel_A2_R7_z01_yellow_cell15.png,,,/Users/ashi/github/cm4ai_codefest2025/analysis/cell_crops,B2AI_1_Paclitaxel_A2_R7_z01_yellow_,15,B2AI_1_Paclitaxel_A2_R7_z01_yellow
,/Users/ashi/github/cm4ai_codefest2025/analysis/cell_crops/yellow/B2AI_1_Paclitaxel_A2_R7_z01_yellow_cell16.png,,,/Users/ashi/github/cm4ai_codefest2025/analysis/cell_crops,B2AI_1_Paclitaxel_A2_R7_z01_yellow_,16,B2AI_1_Paclitaxel_A2_R7_z01_yellow
,/Users/ashi/github/cm4ai_codefest2025/analysis/cell_crops/yellow/B2AI_1_Paclitaxel_A2_R7_z01_yellow_cell17.png,,,/Users/ashi/github/cm4ai_codefest2025/analysis/cell_crops,B2AI_1_Paclitaxel_A2_R7_z01_yellow_,17,B2AI_1_Paclitaxel_A2_R7_z01_yellow
,/Users/ashi/github/cm4ai_codefest2025/analysis/cell_crops/yellow/B2AI_1_Paclitaxel_A2_R7_z01_yellow_cell18.png,,,/Users/ashi/github/cm4ai_codefest2025/analysis/cell_crops,B2AI_1_Paclitaxel_A2_R7_z01_yellow_,18,B2AI_1_Paclitaxel_A2_R7_z01_yellow
,/Users/ashi/github/cm4ai_codefest2025/analysis/cell_crops/yellow/B2AI_1_Paclitaxel_A2_R7_z01_yellow_cell19.png,,,/Users/ashi/github/cm4ai_codefest2025/analysis/cell_crops,B2AI_1_Paclitaxel_A2_R7_z01_yellow_,19,B2AI_1_Paclitaxel_A2_R7_z01_yellow
,/Users/ashi/github/cm4ai_codefest2025/analysis/cell_crops/yellow/B2AI_1_Paclitaxel_A2_R7_z01_yellow_cell20.png,,,/Users/ashi/github/cm4ai_codefest2025/analysis/cell_crops,B2AI_1_Paclitaxel_A2_R7_z01_yellow_,20,B2AI_1_Paclitaxel_A2_R7_z01_yellow
,/Users/ashi/github/cm4ai_codefest2025/analysis/cell_crops/yellow/B2AI_1_Paclitaxel_A2_R7_z01_yellow_cell21.png,,,/Users/ashi/github/cm4ai_codefest2025/analysis/cell_crops,B2AI_1_Paclitaxel_A2_R7_z01_yellow_,21,B2AI_1_Paclitaxel_A2_R7_z01_yellow
,/Users/ashi/github/cm4ai_codefest2025/analysis/cell_crops/yellow/B2AI_1_Paclitaxel_A2_R7_z01_yellow_cell22.png,,,/Users/ashi/github/cm4ai_codefest2025/analysis/cell_crops,B2AI_1_Paclitaxel_A2_R7_z01_yellow_,22,B2AI_1_Paclitaxel_A2_R7_z01_yellow
,/Users/ashi/github/cm4ai_codefest2025/analysis/cell_crops/yellow/B2AI_1_Paclitaxel_A2_R7_z01_yellow_cell23.png,,,/Users/ashi/github/cm4ai_codefest2025/analysis/cell_crops,B2AI_1_Paclitaxel_A2_R7_z01_yellow_,23,B2AI_1_Paclitaxel_A2_R7_z01_yellow
,/Users/ashi/github/cm4ai_codefest2025/analysis/cell_crops/yellow/B2AI_1_Paclitaxel_A2_R7_z01_yellow_cell24.png,,,/Users/ashi/github/cm4ai_codefest2025/analysis/cell_crops,B2AI_1_Paclitaxel_A2_R7_z01_yellow_,24,B2AI_1_Paclitaxel_A2_R7_z01_yellow
,/Users/ashi/github/cm4ai_codefest2025/analysis/cell_crops/yellow/B2AI_1_Paclitaxel_A2_R7_z01_yellow_cell25.png,,,/Users/ashi/github/cm4ai_codefest2025/analysis/cell_crops,B2AI_1_Paclitaxel_A2_R7_z01_yellow_,25,B2AI_1_Paclitaxel_A2_R7_z01_yellow
,/Users/ashi/github/cm4ai_codefest2025/analysis/cell_crops/yellow/B2AI_1_Paclitaxel_A2_R7_z01_yellow_cell26.png,,,/Users/ashi/github/cm4ai_codefest2025/analysis/cell_crops,B2AI_1_Paclitaxel_A2_R7_z01_yellow_,26,B2AI_1_Paclitaxel_A2_R7_z01_yellow
,/Users/ashi/github/cm4ai_codefest2025/analysis/cell_crops/yellow/B2AI_1_Paclitaxel_A2_R7_z01_yellow_cell27.png,,,/Users/ashi/github/cm4ai_codefest2025/analysis/cell_crops,B2AI_1_Paclitaxel_A2_R7_z01_yellow_,27,B2AI_1_Paclitaxel_A2_R7_z01_yellow
,/Users/ashi/github/cm4ai_codefest2025/analysis/cell_crops/yellow/B2AI_1_Paclitaxel_A2_R7_z01_yellow_cell28.png,,,/Users/ashi/github/cm4ai_codefest2025/analysis/cell_crops,B2AI_1_Paclitaxel_A2_R7_z01_yellow_,28,B2AI_1_Paclitaxel_A2_R7_z01_yellow
,/Users/ashi/github/cm4ai_codefest2025/analysis/cell_crops/yellow/B2AI_1_Paclitaxel_A2_R7_z01_yellow_cell29.png,,,/Users/ashi/github/cm4ai_codefest2025/analysis/cell_crops,B2AI_1_Paclitaxel_A2_R7_z01_yellow_,29,B2AI_1_Paclitaxel_A2_R7_z01_yellow
,/Users/ashi/github/cm4ai_codefest2025/analysis/cell_crops/yellow/B2AI_1_Paclitaxel_A2_R7_z01_yellow_cell30.png,,,/Users/ashi/github/cm4ai_codefest2025/analysis/cell_crops,B2AI_1_Paclitaxel_A2_R7_z01_yellow_,30,B2AI_1_Paclitaxel_A2_R7_z01_yellow
,/Users/ashi/github/cm4ai_codefest2025/analysis/cell_crops/yellow/B2AI_1_Paclitaxel_A2_R7_z01_yellow_cell31.png,,,/Users/ashi/github/cm4ai_codefest2025/analysis/cell_crops,B2AI_1_Paclitaxel_A2_R7_z01_yellow_,31,B2AI_1_Paclitaxel_A2_R7_z01_yellow
,/Users/ashi/github/cm4ai_codefest2025/analysis/cell_crops/yellow/B2AI_1_Paclitaxel_A2_R7_z01_yellow_cell32.png,,,/Users/ashi/github/cm4ai_codefest2025/analysis/cell_crops,B2AI_1_Paclitaxel_A2_R7_z01_yellow_,32,B2AI_1_Paclitaxel_A2_R7_z01_yellow
,/Users/ashi/github/cm4ai_codefest2025/analysis/cell_crops/yellow/B2AI_1_Paclitaxel_A2_R7_z01_yellow_cell33.png,,,/Users/ashi/github/cm4ai_codefest2025/analysis/cell_crops,B2AI_1_Paclitaxel_A2_R7_z01_yellow_,33,B2AI_1_Paclitaxel_A2_R7_z01_yellow
,/Users/ashi/github/cm4ai_codefest2025/analysis/cell_crops/yellow/B2AI_1_Paclitaxel_A2_R7_z01_yellow_cell34.png,,,/Users/ashi/github/cm4ai_codefest2025/analysis/cell_crops,B2AI_1_Paclitaxel_A2_R7_z01_yellow_,34,B2AI_1_Paclitaxel_A2_R7_z01_yellow
,/Users/ashi/github/cm4ai_codefest2025/analysis/cell_crops/yellow/B2AI_1_Paclitaxel_A2_R7_z01_yellow_cell35.png,,,/Users/ashi/github/cm4ai_codefest2025/analysis/cell_crops,B2AI_1_Paclitaxel_A2_R7_z01_yellow_,35,B2AI_1_Paclitaxel_A2_R7_z01_yellow
,/Users/ashi/github/cm4ai_codefest2025/analysis/cell_crops/yellow/B2AI_1_Paclitaxel_A2_R7_z01_yellow_cell36.png,,,/Users/ashi/github/cm4ai_codefest2025/analysis/cell_crops,B2AI_1_Paclitaxel_A2_R7_z01_yellow_,36,B2AI_1_Paclitaxel_A2_R7_z01_yellow
,/Users/ashi/github/cm4ai_codefest2025/analysis/cell_crops/yellow/B2AI_1_Paclitaxel_A2_R7_z01_yellow_cell37.png,,,/Users/ashi/github/cm4ai_codefest2025/analysis/cell_crops,B2AI_1_Paclitaxel_A2_R7_z01_yellow_,37,B2AI_1_Paclitaxel_A2_R7_z01_yellow
,/Users/ashi/github/cm4ai_codefest2025/analysis/cell_crops/yellow/B2AI_1_Paclitaxel_A2_R7_z01_yellow_cell38.png,,,/Users/ashi/github/cm4ai_codefest2025/analysis/cell_crops,B2AI_1_Paclitaxel_A2_R7_z01_yellow_,38,B2AI_1_Paclitaxel_A2_R7_z01_yellow
,/Users/ashi/github/cm4ai_codefest2025/analysis/cell_crops/yellow/B2AI_1_Paclitaxel_A2_R7_z01_yellow_cell39.png,,,/Users/ashi/github/cm4ai_codefest2025/analysis/cell_crops,B2AI_1_Paclitaxel_A2_R7_z01_yellow_,39,B2AI_1_Paclitaxel_A2_R7_z01_yellow
,/Users/ashi/github/cm4ai_codefest2025/analysis/cell_crops/yellow/B2AI_1_Paclitaxel_A2_R7_z01_yellow_cell40.png,,,/Users/ashi/github/cm4ai_codefest2025/analysis/cell_crops,B2AI_1_Paclitaxel_A2_R7_z01_yellow_,40,B2AI_1_Paclitaxel_A2_R7_z01_yellow
,/Users/ashi/github/cm4ai_codefest2025/analysis/cell_crops/yellow/B2AI_1_Paclitaxel_A2_R7_z01_yellow_cell41.png,,,/Users/ashi/github/cm4ai_codefest2025/analysis/cell_crops,B2AI_1_Paclitaxel_A2_R7_z01_yellow_,41,B2AI_1_Paclitaxel_A2_R7_z01_yellow
,/Users/ashi/github/cm4ai_codefest2025/analysis/cell_crops/yellow/B2AI_1_Paclitaxel_A2_R7_z01_yellow_cell42.png,,,/Users/ashi/github/cm4ai_codefest2025/analysis/cell_crops,B2AI_1_Paclitaxel_A2_R7_z01_yellow_,42,B2AI_1_Paclitaxel_A2_R7_z01_yellow
,/Users/ashi/github/cm4ai_codefest2025/analysis/cell_crops/yellow/B2AI_1_Paclitaxel_A2_R7_z01_yellow_cell43.png,,,/Users/ashi/github/cm4ai_codefest2025/analysis/cell_crops,B2AI_1_Paclitaxel_A2_R7_z01_yellow_,43,B2AI_1_Paclitaxel_A2_R7_z01_yellow
,/Users/ashi/github/cm4ai_codefest2025/analysis/cell_crops/yellow/B2AI_1_Paclitaxel_A2_R7_z01_yellow_cell44.png,,,/Users/ashi/github/cm4ai_codefest2025/analysis/cell_crops,B2AI_1_Paclitaxel_A2_R7_z01_yellow_,44,B2AI_1_Paclitaxel_A2_R7_z01_yellow
,/Users/ashi/github/cm4ai_codefest2025/analysis/cell_crops/yellow/B2AI_1_Paclitaxel_A2_R7_z01_yellow_cell45.png,,,/Users/ashi/github/cm4ai_codefest2025/analysis/cell_crops,B2AI_1_Paclitaxel_A2_R7_z01_yellow_,45,B2AI_1_Paclitaxel_A2_R7_z01_yellow
,/Users/ashi/github/cm4ai_codefest2025/analysis/cell_crops/yellow/B2AI_1_Paclitaxel_A2_R7_z01_yellow_cell46.png,,,/Users/ashi/github/cm4ai_codefest2025/analysis/cell_crops,B2AI_1_Paclitaxel_A2_R7_z01_yellow_,46,B2AI_1_Paclitaxel_A2_R7_z01_yellow
,/Users/ashi/github/cm4ai_codefest2025/analysis/cell_crops/yellow/B2AI_1_Paclitaxel_A2_R7_z01_yellow_cell47.png,,,/Users/ashi/github/cm4ai_codefest2025/analysis/cell_crops,B2AI_1_Paclitaxel_A2_R7_z01_yellow_,47,B2AI_1_Paclitaxel_A2_R7_z01_yellow
,/Users/ashi/github/cm4ai_codefest2025/analysis/cell_crops/yellow/B2AI_1_Paclitaxel_A2_R7_z01_yellow_cell48.png,,,/Users/ashi/github/cm4ai_codefest2025/analysis/cell_crops,B2AI_1_Paclitaxel_A2_R7_z01_yellow_,48,B2AI_1_Paclitaxel_A2_R7_z01_yellow
,/Users/ashi/github/cm4ai_codefest2025/analysis/cell_crops/yellow/B2AI_1_Paclitaxel_A2_R7_z01_yellow_cell49.png,,,/Users/ashi/github/cm4ai_codefest2025/analysis/cell_crops,B2AI_1_Paclitaxel_A2_R7_z01_yellow_,49,B2AI_1_Paclitaxel_A2_R7_z01_yellow
,/Users/ashi/github/cm4ai_codefest2025/analysis/cell_crops/yellow/B2AI_1_Paclitaxel_A2_R7_z01_yellow_cell50.png,,,/Users/ashi/github/cm4ai_codefest2025/analysis/cell_crops,B2AI_1_Paclitaxel_A2_R7_z01_yellow_,50,B2AI_1_Paclitaxel_A2_R7_z01_yellow
,/Users/ashi/github/cm4ai_codefest2025/analysis/cell_crops/yellow/B2AI_1_Paclitaxel_A2_R7_z01_yellow_cell51.png,,,/Users/ashi/github/cm4ai_codefest2025/analysis/cell_crops,B2AI_1_Paclitaxel_A2_R7_z01_yellow_,51,B2AI_1_Paclitaxel_A2_R7_z01_yellow
,/Users/ashi/github/cm4ai_codefest2025/analysis/cell_crops/yellow/B2AI_1_Paclitaxel_A2_R7_z01_yellow_cell52.png,,,/Users/ashi/github/cm4ai_codefest2025/analysis/cell_crops,B2AI_1_Paclitaxel_A2_R7_z01_yellow_,52,B2AI_1_Paclitaxel_A2_R7_z01_yellow
,/Users/ashi/github/cm4ai_codefest2025/analysis/cell_crops/yellow/B2AI_1_Paclitaxel_A2_R7_z01_yellow_cell53.png,,,/Users/ashi/github/cm4ai_codefest2025/analysis/cell_crops,B2AI_1_Paclitaxel_A2_R7_z01_yellow_,53,B2AI_1_Paclitaxel_A2_R7_z01_yellow
,/Users/ashi/github/cm4ai_codefest2025/analysis/cell_crops/yellow/B2AI_1_Paclitaxel_A2_R7_z01_yellow_cell54.png,,,/Users/ashi/github/cm4ai_codefest2025/analysis/cell_crops,B2AI_1_Paclitaxel_A2_R7_z01_yellow_,54,B2AI_1_Paclitaxel_A2_R7_z01_yellow
,/Users/ashi/github/cm4ai_codefest2025/analysis/cell_crops/yellow/B2AI_1_Paclitaxel_A2_R7_z01_yellow_cell55.png,,,/Users/ashi/github/cm4ai_codefest2025/analysis/cell_crops,B2AI_1_Paclitaxel_A2_R7_z01_yellow_,55,B2AI_1_Paclitaxel_A2_R7_z01_yellow
,/Users/ashi/github/cm4ai_codefest2025/analysis/cell_crops/yellow/B2AI_1_Paclitaxel_A2_R7_z01_yellow_cell56.png,,,/Users/ashi/github/cm4ai_codefest2025/analysis/cell_crops,B2AI_1_Paclitaxel_A2_R7_z01_yellow_,56,B2AI_1_Paclitaxel_A2_R7_z01_yellow
,/Users/ashi/github/cm4ai_codefest2025/analysis/cell_crops/yellow/B2AI_1_Paclitaxel_A2_R7_z01_yellow_cell57.png,,,/Users/ashi/github/cm4ai_codefest2025/analysis/cell_crops,B2AI_1_Paclitaxel_A2_R7_z01_yellow_,57,B2AI_1_Paclitaxel_A2_R7_z01_yellow
,/Users/ashi/github/cm4ai_codefest2025/analysis/cell_crops/yellow/B2AI_1_Paclitaxel_A2_R7_z01_yellow_cell58.png,,,/Users/ashi/github/cm4ai_codefest2025/analysis/cell_crops,B2AI_1_Paclitaxel_A2_R7_z01_yellow_,58,B2AI_1_Paclitaxel_A2_R7_z01_yellow
,/Users/ashi/github/cm4ai_codefest2025/analysis/cell_crops/yellow/B2AI_1_Paclitaxel_A2_R7_z01_yellow_cell59.png,,,/Users/ashi/github/cm4ai_codefest2025/analysis/cell_crops,B2AI_1_Paclitaxel_A2_R7_z01_yellow_,59,B2AI_1_Paclitaxel_A2_R7_z01_yellow
,/Users/ashi/github/cm4ai_codefest2025/analysis/cell_crops/yellow/B2AI_1_Paclitaxel_A2_R7_z01_yellow_cell60.png,,,/Users/ashi/github/cm4ai_codefest2025/analysis/cell_crops,B2AI_1_Paclitaxel_A2_R7_z01_yellow_,60,B2AI_1_Paclitaxel_A2_R7_z01_yellow
,/Users/ashi/github/cm4ai_codefest2025/analysis/cell_crops/yellow/B2AI_1_Paclitaxel_A2_R7_z01_yellow_cell61.png,,,/Users/ashi/github/cm4ai_codefest2025/analysis/cell_crops,B2AI_1_Paclitaxel_A2_R7_z01_yellow_,61,B2AI_1_Paclitaxel_A2_R7_z01_yellow
,/Users/ashi/github/cm4ai_codefest2025/analysis/cell_crops/yellow/B2AI_1_Paclitaxel_A2_R7_z01_yellow_cell62.png,,,/Users/ashi/github/cm4ai_codefest2025/analysis/cell_crops,B2AI_1_Paclitaxel_A2_R7_z01_yellow_,62,B2AI_1_Paclitaxel_A2_R7_z01_yellow
,/Users/ashi/github/cm4ai_codefest2025/analysis/cell_crops/yellow/B2AI_1_Paclitaxel_A2_R7_z01_yellow_cell63.png,,,/Users/ashi/github/cm4ai_codefest2025/analysis/cell_crops,B2AI_1_Paclitaxel_A2_R7_z01_yellow_,63,B2AI_1_Paclitaxel_A2_R7_z01_yellow
,/Users/ashi/github/cm4ai_codefest2025/analysis/cell_crops/yellow/B2AI_1_Paclitaxel_A2_R7_z01_yellow_cell64.png,,,/Users/ashi/github/cm4ai_codefest2025/analysis/cell_crops,B2AI_1_Paclitaxel_A2_R7_z01_yellow_,64,B2AI_1_Paclitaxel_A2_R7_z01_yellow
,/Users/ashi/github/cm4ai_codefest2025/analysis/cell_crops/yellow/B2AI_1_Paclitaxel_A2_R7_z01_yellow_cell65.png,,,/Users/ashi/github/cm4ai_codefest2025/analysis/cell_crops,B2AI_1_Paclitaxel_A2_R7_z01_yellow_,65,B2AI_1_Paclitaxel_A2_R7_z01_yellow
,/Users/ashi/github/cm4ai_codefest2025/analysis/cell_crops/yellow/B2AI_1_Paclitaxel_A2_R7_z01_yellow_cell66.png,,,/Users/ashi/github/cm4ai_codefest2025/analysis/cell_crops,B2AI_1_Paclitaxel_A2_R7_z01_yellow_,66,B2AI_1_Paclitaxel_A2_R7_z01_yellow
,/Users/ashi/github/cm4ai_codefest2025/analysis/cell_crops/yellow/B2AI_1_Paclitaxel_A2_R7_z01_yellow_cell67.png,,,/Users/ashi/github/cm4ai_codefest2025/analysis/cell_crops,B2AI_1_Paclitaxel_A2_R7_z01_yellow_,67,B2AI_1_Paclitaxel_A2_R7_z01_yellow
,/Users/ashi/github/cm4ai_codefest2025/analysis/cell_crops/yellow/B2AI_1_Paclitaxel_A2_R7_z01_yellow_cell68.png,,,/Users/ashi/github/cm4ai_codefest2025/analysis/cell_crops,B2AI_1_Paclitaxel_A2_R7_z01_yellow_,68,B2AI_1_Paclitaxel_A2_R7_z01_yellow
,/Users/ashi/github/cm4ai_codefest2025/analysis/cell_crops/yellow/B2AI_1_Paclitaxel_A2_R7_z01_yellow_cell69.png,,,/Users/ashi/github/cm4ai_codefest2025/analysis/cell_crops,B2AI_1_Paclitaxel_A2_R7_z01_yellow_,69,B2AI_1_Paclitaxel_A2_R7_z01_yellow
,/Users/ashi/github/cm4ai_codefest2025/analysis/cell_crops/yellow/B2AI_1_Paclitaxel_A2_R7_z01_yellow_cell70.png,,,/Users/ashi/github/cm4ai_codefest2025/analysis/cell_crops,B2AI_1_Paclitaxel_A2_R7_z01_yellow_,70,B2AI_1_Paclitaxel_A2_R7_z01_yellow
,/Users/ashi/github/cm4ai_codefest2025/analysis/cell_crops/yellow/B2AI_1_Paclitaxel_A2_R7_z01_yellow_cell71.png,,,/Users/ashi/github/cm4ai_codefest2025/analysis/cell_crops,B2AI_1_Paclitaxel_A2_R7_z01_yellow_,71,B2AI_1_Paclitaxel_A2_R7_z01_yellow
,/Users/ashi/github/cm4ai_codefest2025/analysis/cell_crops/yellow/B2AI_1_Paclitaxel_A2_R7_z01_yellow_cell72.png,,,/Users/ashi/github/cm4ai_codefest2025/analysis/cell_crops,B2AI_1_Paclitaxel_A2_R7_z01_yellow_,72,B2AI_1_Paclitaxel_A2_R7_z01_yellow
,/Users/ashi/github/cm4ai_codefest2025/analysis/cell_crops/yellow/B2AI_1_Paclitaxel_A2_R7_z01_yellow_cell73.png,,,/Users/ashi/github/cm4ai_codefest2025/analysis/cell_crops,B2AI_1_Paclitaxel_A2_R7_z01_yellow_,73,B2AI_1_Paclitaxel_A2_R7_z01_yellow
,/Users/ashi/github/cm4ai_codefest2025/analysis/cell_crops/yellow/B2AI_1_Paclitaxel_A2_R7_z01_yellow_cell74.png,,,/Users/ashi/github/cm4ai_codefest2025/analysis/cell_crops,B2AI_1_Paclitaxel_A2_R7_z01_yellow_,74,B2AI_1_Paclitaxel_A2_R7_z01_yellow
,/Users/ashi/github/cm4ai_codefest2025/analysis/cell_crops/yellow/B2AI_1_Paclitaxel_A2_R7_z01_yellow_cell75.png,,,/Users/ashi/github/cm4ai_codefest2025/analysis/cell_crops,B2AI_1_Paclitaxel_A2_R7_z01_yellow_,75,B2AI_1_Paclitaxel_A2_R7_z01_yellow
,/Users/ashi/github/cm4ai_codefest2025/analysis/cell_crops/yellow/B2AI_1_Paclitaxel_A2_R7_z01_yellow_cell76.png,,,/Users/ashi/github/cm4ai_codefest2025/analysis/cell_crops,B2AI_1_Paclitaxel_A2_R7_z01_yellow_,76,B2AI_1_Paclitaxel_A2_R7_z01_yellow
,/Users/ashi/github/cm4ai_codefest2025/analysis/cell_crops/yellow/B2AI_1_Paclitaxel_A2_R7_z01_yellow_cell77.png,,,/Users/ashi/github/cm4ai_codefest2025/analysis/cell_crops,B2AI_1_Paclitaxel_A2_R7_z01_yellow_,77,B2AI_1_Paclitaxel_A2_R7_z01_yellow
,/Users/ashi/github/cm4ai_codefest2025/analysis/cell_crops/yellow/B2AI_1_Paclitaxel_A2_R7_z01_yellow_cell78.png,,,/Users/ashi/github/cm4ai_codefest2025/analysis/cell_crops,B2AI_1_Paclitaxel_A2_R7_z01_yellow_,78,B2AI_1_Paclitaxel_A2_R7_z01_yellow
,/Users/ashi/github/cm4ai_codefest2025/analysis/cell_crops/yellow/B2AI_1_Paclitaxel_A2_R7_z01_yellow_cell79.png,,,/Users/ashi/github/cm4ai_codefest2025/analysis/cell_crops,B2AI_1_Paclitaxel_A2_R7_z01_yellow_,79,B2AI_1_Paclitaxel_A2_R7_z01_yellow
,/Users/ashi/github/cm4ai_codefest2025/analysis/cell_crops/yellow/B2AI_1_Paclitaxel_A2_R7_z01_yellow_cell80.png,,,/Users/ashi/github/cm4ai_codefest2025/analysis/cell_crops,B2AI_1_Paclitaxel_A2_R7_z01_yellow_,80,B2AI_1_Paclitaxel_A2_R7_z01_yellow
,/Users/ashi/github/cm4ai_codefest2025/analysis/cell_crops/yellow/B2AI_1_Paclitaxel_A2_R7_z01_yellow_cell81.png,,,/Users/ashi/github/cm4ai_codefest2025/analysis/cell_crops,B2AI_1_Paclitaxel_A2_R7_z01_yellow_,81,B2AI_1_Paclitaxel_A2_R7_z01_yellow
,/Users/ashi/github/cm4ai_codefest2025/analysis/cell_crops/yellow/B2AI_1_Paclitaxel_A2_R7_z01_yellow_cell82.png,,,/Users/ashi/github/cm4ai_codefest2025/analysis/cell_crops,B2AI_1_Paclitaxel_A2_R7_z01_yellow_,82,B2AI_1_Paclitaxel_A2_R7_z01_yellow
,/Users/ashi/github/cm4ai_codefest2025/analysis/cell_crops/yellow/B2AI_1_Paclitaxel_A2_R7_z01_yellow_cell83.png,,,/Users/ashi/github/cm4ai_codefest2025/analysis/cell_crops,B2AI_1_Paclitaxel_A2_R7_z01_yellow_,83,B2AI_1_Paclitaxel_A2_R7_z01_yellow
,/Users/ashi/github/cm4ai_codefest2025/analysis/cell_crops/yellow/B2AI_1_Paclitaxel_A2_R7_z01_yellow_cell84.png,,,/Users/ashi/github/cm4ai_codefest2025/analysis/cell_crops,B2AI_1_Paclitaxel_A2_R7_z01_yellow_,84,B2AI_1_Paclitaxel_A2_R7_z01_yellow
,/Users/ashi/github/cm4ai_codefest2025/analysis/cell_crops/yellow/B2AI_1_Paclitaxel_A2_R7_z01_yellow_cell85.png,,,/Users/ashi/github/cm4ai_codefest2025/analysis/cell_crops,B2AI_1_Paclitaxel_A2_R7_z01_yellow_,85,B2AI_1_Paclitaxel_A2_R7_z01_yellow
,/Users/ashi/github/cm4ai_codefest2025/analysis/cell_crops/yellow/B2AI_1_Paclitaxel_A2_R7_z01_yellow_cell86.png,,,/Users/ashi/github/cm4ai_codefest2025/analysis/cell_crops,B2AI_1_Paclitaxel_A2_R7_z01_yellow_,86,B2AI_1_Paclitaxel_A2_R7_z01_yellow
,/Users/ashi/github/cm4ai_codefest2025/analysis/cell_crops/yellow/B2AI_1_Paclitaxel_A2_R7_z01_yellow_cell87.png,,,/Users/ashi/github/cm4ai_codefest2025/analysis/cell_crops,B2AI_1_Paclitaxel_A2_R7_z01_yellow_,87,B2AI_1_Paclitaxel_A2_R7_z01_yellow
,/Users/ashi/github/cm4ai_codefest2025/analysis/cell_crops/yellow/B2AI_1_Paclitaxel_A2_R7_z01_yellow_cell88.png,,,/Users/ashi/github/cm4ai_codefest2025/analysis/cell_crops,B2AI_1_Paclitaxel_A2_R7_z01_yellow_,88,B2AI_1_Paclitaxel_A2_R7_z01_yellow
,/Users/ashi/github/cm4ai_codefest2025/analysis/cell_crops/yellow/B2AI_1_Paclitaxel_A2_R7_z01_yellow_cell89.png,,,/Users/ashi/github/cm4ai_codefest2025/analysis/cell_crops,B2AI_1_Paclitaxel_A2_R7_z01_yellow_,89,B2AI_1_Paclitaxel_A2_R7_z01_yellow
,/Users/ashi/github/cm4ai_codefest2025/analysis/cell_crops/yellow/B2AI_1_Paclitaxel_A2_R7_z01_yellow_cell90.png,,,/Users/ashi/github/cm4ai_codefest2025/analysis/cell_crops,B2AI_1_Paclitaxel_A2_R7_z01_yellow_,90,B2AI_1_Paclitaxel_A2_R7_z01_yellow
,/Users/ashi/github/cm4ai_codefest2025/analysis/cell_crops/yellow/B2AI_1_Paclitaxel_A2_R7_z01_yellow_cell91.png,,,/Users/ashi/github/cm4ai_codefest2025/analysis/cell_crops,B2AI_1_Paclitaxel_A2_R7_z01_yellow_,91,B2AI_1_Paclitaxel_A2_R7_z01_yellow
,/Users/ashi/github/cm4ai_codefest2025/analysis/cell_crops/yellow/B2AI_1_Paclitaxel_A2_R7_z01_yellow_cell92.png,,,/Users/ashi/github/cm4ai_codefest2025/analysis/cell_crops,B2AI_1_Paclitaxel_A2_R7_z01_yellow_,92,B2AI_1_Paclitaxel_A2_R7_z01_yellow
,/Users/ashi/github/cm4ai_codefest2025/analysis/cell_crops/yellow/B2AI_1_Paclitaxel_A2_R7_z01_yellow_cell93.png,,,/Users/ashi/github/cm4ai_codefest2025/analysis/cell_crops,B2AI_1_Paclitaxel_A2_R7_z01_yellow_,93,B2AI_1_Paclitaxel_A2_R7_z01_yellow
,/Users/ashi/github/cm4ai_codefest2025/analysis/cell_crops/yellow/B2AI_1_Paclitaxel_A2_R7_z01_yellow_cell94.png,,,/Users/ashi/github/cm4ai_codefest2025/analysis/cell_crops,B2AI_1_Paclitaxel_A2_R7_z01_yellow_,94,B2AI_1_Paclitaxel_A2_R7_z01_yellow
,/Users/ashi/github/cm4ai_codefest2025/analysis/cell_crops/yellow/B2AI_1_Paclitaxel_A2_R7_z01_yellow_cell95.png,,,/Users/ashi/github/cm4ai_codefest2025/analysis/cell_crops,B2AI_1_Paclitaxel_A2_R7_z01_yellow_,95,B2AI_1_Paclitaxel_A2_R7_z01_yellow
,/Users/ashi/github/cm4ai_codefest2025/analysis/cell_crops/yellow/B2AI_1_Paclitaxel_A2_R7_z01_yellow_cell96.png,,,/Users/ashi/github/cm4ai_codefest2025/analysis/cell_crops,B2AI_1_Paclitaxel_A2_R7_z01_yellow_,96,B2AI_1_Paclitaxel_A2_R7_z01_yellow
,/Users/ashi/github/cm4ai_codefest2025/analysis/cell_crops/yellow/B2AI_1_Paclitaxel_A2_R7_z01_yellow_cell97.png,,,/Users/ashi/github/cm4ai_codefest2025/analysis/cell_crops,B2AI_1_Paclitaxel_A2_R7_z01_yellow_,97,B2AI_1_Paclitaxel_A2_R7_z01_yellow
,/Users/ashi/github/cm4ai_codefest2025/analysis/cell_crops/yellow/B2AI_1_Paclitaxel_A2_R7_z01_yellow_cell98.png,,,/Users/ashi/github/cm4ai_codefest2025/analysis/cell_crops,B2AI_1_Paclitaxel_A2_R7_z01_yellow_,98,B2AI_1_Paclitaxel_A2_R7_z01_yellow
,/Users/ashi/github/cm4ai_codefest2025/analysis/cell_crops/yellow/B2AI_1_Paclitaxel_A2_R7_z01_yellow_cell99.png,,,/Users/ashi/github/cm4ai_codefest2025/analysis/cell_crops,B2AI_1_Paclitaxel_A2_R7_z01_yellow_,99,B2AI_1_Paclitaxel_A2_R7_z01_yellow
,/Users/ashi/github/cm4ai_codefest2025/analysis/cell_crops/yellow/B2AI_1_Paclitaxel_A2_R7_z01_yellow_cell100.png,,,/Users/ashi/github/cm4ai_codefest2025/analysis/cell_crops,B2AI_1_Paclitaxel_A2_R7_z01_yellow_,100,B2AI_1_Paclitaxel_A2_R7_z01_yellow
,/Users/ashi/github/cm4ai_codefest2025/analysis/cell_crops/yellow/B2AI_1_Paclitaxel_A2_R7_z01_yellow_cell101.png,,,/Users/ashi/github/cm4ai_codefest2025/analysis/cell_crops,B2AI_1_Paclitaxel_A2_R7_z01_yellow_,101,B2AI_1_Paclitaxel_A2_R7_z01_yellow
,/Users/ashi/github/cm4ai_codefest2025/analysis/cell_crops/yellow/B2AI_1_Paclitaxel_A2_R7_z01_yellow_cell102.png,,,/Users/ashi/github/cm4ai_codefest2025/analysis/cell_crops,B2AI_1_Paclitaxel_A2_R7_z01_yellow_,102,B2AI_1_Paclitaxel_A2_R7_z01_yellow
,/Users/ashi/github/cm4ai_codefest2025/analysis/cell_crops/yellow/B2AI_1_Paclitaxel_A2_R7_z01_yellow_cell103.png,,,/Users/ashi/github/cm4ai_codefest2025/analysis/cell_crops,B2AI_1_Paclitaxel_A2_R7_z01_yellow_,103,B2AI_1_Paclitaxel_A2_R7_z01_yellow
,/Users/ashi/github/cm4ai_codefest2025/analysis/cell_crops/yellow/B2AI_1_Paclitaxel_A2_R7_z01_yellow_cell104.png,,,/Users/ashi/github/cm4ai_codefest2025/analysis/cell_crops,B2AI_1_Paclitaxel_A2_R7_z01_yellow_,104,B2AI_1_Paclitaxel_A2_R7_z01_yellow
,/Users/ashi/github/cm4ai_codefest2025/analysis/cell_crops/yellow/B2AI_1_Paclitaxel_A2_R7_z01_yellow_cell105.png,,,/Users/ashi/github/cm4ai_codefest2025/analysis/cell_crops,B2AI_1_Paclitaxel_A2_R7_z01_yellow_,105,B2AI_1_Paclitaxel_A2_R7_z01_yellow
,/Users/ashi/github/cm4ai_codefest2025/analysis/cell_crops/yellow/B2AI_1_Paclitaxel_A2_R7_z01_yellow_cell106.png,,,/Users/ashi/github/cm4ai_codefest2025/analysis/cell_crops,B2AI_1_Paclitaxel_A2_R7_z01_yellow_,106,B2AI_1_Paclitaxel_A2_R7_z01_yellow
,/Users/ashi/github/cm4ai_codefest2025/analysis/cell_crops/yellow/B2AI_1_Paclitaxel_A2_R7_z01_yellow_cell107.png,,,/Users/ashi/github/cm4ai_codefest2025/analysis/cell_crops,B2AI_1_Paclitaxel_A2_R7_z01_yellow_,107,B2AI_1_Paclitaxel_A2_R7_z01_yellow
,/Users/ashi/github/cm4ai_codefest2025/analysis/cell_crops/yellow/B2AI_1_Paclitaxel_A2_R7_z01_yellow_cell108.png,,,/Users/ashi/github/cm4ai_codefest2025/analysis/cell_crops,B2AI_1_Paclitaxel_A2_R7_z01_yellow_,108,B2AI_1_Paclitaxel_A2_R7_z01_yellow
,/Users/ashi/github/cm4ai_codefest2025/analysis/cell_crops/yellow/B2AI_1_Paclitaxel_A2_R7_z01_yellow_cell109.png,,,/Users/ashi/github/cm4ai_codefest2025/analysis/cell_crops,B2AI_1_Paclitaxel_A2_R7_z01_yellow_,109,B2AI_1_Paclitaxel_A2_R7_z01_yellow
,/Users/ashi/github/cm4ai_codefest2025/analysis/cell_crops/yellow/B2AI_1_Paclitaxel_A2_R7_z01_yellow_cell110.png,,,/Users/ashi/github/cm4ai_codefest2025/analysis/cell_crops,B2AI_1_Paclitaxel_A2_R7_z01_yellow_,110,B2AI_1_Paclitaxel_A2_R7_z01_yellow
,/Users/ashi/github/cm4ai_codefest2025/analysis/cell_crops/yellow/B2AI_1_Paclitaxel_A2_R7_z01_yellow_cell111.png,,,/Users/ashi/github/cm4ai_codefest2025/analysis/cell_crops,B2AI_1_Paclitaxel_A2_R7_z01_yellow_,111,B2AI_1_Paclitaxel_A2_R7_z01_yellow
,/Users/ashi/github/cm4ai_codefest2025/analysis/cell_crops/yellow/B2AI_1_Paclitaxel_A2_R7_z01_yellow_cell112.png,,,/Users/ashi/github/cm4ai_codefest2025/analysis/cell_crops,B2AI_1_Paclitaxel_A2_R7_z01_yellow_,112,B2AI_1_Paclitaxel_A2_R7_z01_yellow
,/Users/ashi/github/cm4ai_codefest2025/analysis/cell_crops/yellow/B2AI_1_Paclitaxel_A2_R7_z01_yellow_cell113.png,,,/Users/ashi/github/cm4ai_codefest2025/analysis/cell_crops,B2AI_1_Paclitaxel_A2_R7_z01_yellow_,113,B2AI_1_Paclitaxel_A2_R7_z01_yellow
,/Users/ashi/github/cm4ai_codefest2025/analysis/cell_crops/yellow/B2AI_1_Paclitaxel_A2_R7_z01_yellow_cell114.png,,,/Users/ashi/github/cm4ai_codefest2025/analysis/cell_crops,B2AI_1_Paclitaxel_A2_R7_z01_yellow_,114,B2AI_1_Paclitaxel_A2_R7_z01_yellow
,/Users/ashi/github/cm4ai_codefest2025/analysis/cell_crops/yellow/B2AI_1_Paclitaxel_A2_R7_z01_yellow_cell115.png,,,/Users/ashi/github/cm4ai_codefest2025/analysis/cell_crops,B2AI_1_Paclitaxel_A2_R7_z01_yellow_,115,B2AI_1_Paclitaxel_A2_R7_z01_yellow
,/Users/ashi/github/cm4ai_codefest2025/analysis/cell_crops/yellow/B2AI_1_Paclitaxel_A2_R7_z01_yellow_cell116.png,,,/Users/ashi/github/cm4ai_codefest2025/analysis/cell_crops,B2AI_1_Paclitaxel_A2_R7_z01_yellow_,116,B2AI_1_Paclitaxel_A2_R7_z01_yellow
,/Users/ashi/github/cm4ai_codefest2025/analysis/cell_crops/yellow/B2AI_1_Paclitaxel_A2_R7_z01_yellow_cell117.png,,,/Users/ashi/github/cm4ai_codefest2025/analysis/cell_crops,B2AI_1_Paclitaxel_A2_R7_z01_yellow_,117,B2AI_1_Paclitaxel_A2_R7_z01_yellow
,/Users/ashi/github/cm4ai_codefest2025/analysis/cell_crops/yellow/B2AI_1_Paclitaxel_A2_R7_z01_yellow_cell118.png,,,/Users/ashi/github/cm4ai_codefest2025/analysis/cell_crops,B2AI_1_Paclitaxel_A2_R7_z01_yellow_,118,B2AI_1_Paclitaxel_A2_R7_z01_yellow
,/Users/ashi/github/cm4ai_codefest2025/analysis/cell_crops/yellow/B2AI_1_Paclitaxel_A2_R7_z01_yellow_cell119.png,,,/Users/ashi/github/cm4ai_codefest2025/analysis/cell_crops,B2AI_1_Paclitaxel_A2_R7_z01_yellow_,119,B2AI_1_Paclitaxel_A2_R7_z01_yellow
,/Users/ashi/github/cm4ai_codefest2025/analysis/cell_crops/yellow/B2AI_1_Paclitaxel_A2_R7_z01_yellow_cell120.png,,,/Users/ashi/github/cm4ai_codefest2025/analysis/cell_crops,B2AI_1_Paclitaxel_A2_R7_z01_yellow_,120,B2AI_1_Paclitaxel_A2_R7_z01_yellow
,/Users/ashi/github/cm4ai_codefest2025/analysis/cell_crops/yellow/B2AI_1_Paclitaxel_A2_R7_z01_yellow_cell121.png,,,/Users/ashi/github/cm4ai_codefest2025/analysis/cell_crops,B2AI_1_Paclitaxel_A2_R7_z01_yellow_,121,B2AI_1_Paclitaxel_A2_R7_z01_yellow
,/Users/ashi/github/cm4ai_codefest2025/analysis/cell_crops/yellow/B2AI_1_Paclitaxel_A2_R7_z01_yellow_cell122.png,,,/Users/ashi/github/cm4ai_codefest2025/analysis/cell_crops,B2AI_1_Paclitaxel_A2_R7_z01_yellow_,122,B2AI_1_Paclitaxel_A2_R7_z01_yellow
,/Users/ashi/github/cm4ai_codefest2025/analysis/cell_crops/yellow/B2AI_1_Paclitaxel_A2_R7_z01_yellow_cell123.png,,,/Users/ashi/github/cm4ai_codefest2025/analysis/cell_crops,B2AI_1_Paclitaxel_A2_R7_z01_yellow_,123,B2AI_1_Paclitaxel_A2_R7_z01_yellow
,/Users/ashi/github/cm4ai_codefest2025/analysis/cell_crops/yellow/B2AI_1_Paclitaxel_A2_R7_z01_yellow_cell124.png,,,/Users/ashi/github/cm4ai_codefest2025/analysis/cell_crops,B2AI_1_Paclitaxel_A2_R7_z01_yellow_,124,B2AI_1_Paclitaxel_A2_R7_z01_yellow
,/Users/ashi/github/cm4ai_codefest2025/analysis/cell_crops/yellow/B2AI_1_Paclitaxel_A2_R7_z01_yellow_cell125.png,,,/Users/ashi/github/cm4ai_codefest2025/analysis/cell_crops,B2AI_1_Paclitaxel_A2_R7_z01_yellow_,125,B2AI_1_Paclitaxel_A2_R7_z01_yellow
,/Users/ashi/github/cm4ai_codefest2025/analysis/cell_crops/yellow/B2AI_1_Paclitaxel_A2_R7_z01_yellow_cell126.png,,,/Users/ashi/github/cm4ai_codefest2025/analysis/cell_crops,B2AI_1_Paclitaxel_A2_R7_z01_yellow_,126,B2AI_1_Paclitaxel_A2_R7_z01_yellow
,/Users/ashi/github/cm4ai_codefest2025/analysis/cell_crops/yellow/B2AI_1_Paclitaxel_A2_R7_z01_yellow_cell127.png,,,/Users/ashi/github/cm4ai_codefest2025/analysis/cell_crops,B2AI_1_Paclitaxel_A2_R7_z01_yellow_,127,B2AI_1_Paclitaxel_A2_R7_z01_yellow
,/Users/ashi/github/cm4ai_codefest2025/analysis/cell_crops/yellow/B2AI_1_Paclitaxel_A2_R7_z01_yellow_cell128.png,,,/Users/ashi/github/cm4ai_codefest2025/analysis/cell_crops,B2AI_1_Paclitaxel_A2_R7_z01_yellow_,128,B2AI_1_Paclitaxel_A2_R7_z01_yellow
,/Users/ashi/github/cm4ai_codefest2025/analysis/cell_crops/yellow/B2AI_1_Paclitaxel_A2_R7_z01_yellow_cell129.png,,,/Users/ashi/github/cm4ai_codefest2025/analysis/cell_crops,B2AI_1_Paclitaxel_A2_R7_z01_yellow_,129,B2AI_1_Paclitaxel_A2_R7_z01_yellow
,/Users/ashi/github/cm4ai_codefest2025/analysis/cell_crops/yellow/B2AI_1_Paclitaxel_A2_R7_z01_yellow_cell130.png,,,/Users/ashi/github/cm4ai_codefest2025/analysis/cell_crops,B2AI_1_Paclitaxel_A2_R7_z01_yellow_,130,B2AI_1_Paclitaxel_A2_R7_z01_yellow
,/Users/ashi/github/cm4ai_codefest2025/analysis/cell_crops/yellow/B2AI_1_Paclitaxel_A2_R7_z01_yellow_cell131.png,,,/Users/ashi/github/cm4ai_codefest2025/analysis/cell_crops,B2AI_1_Paclitaxel_A2_R7_z01_yellow_,131,B2AI_1_Paclitaxel_A2_R7_z01_yellow
,/Users/ashi/github/cm4ai_codefest2025/analysis/cell_crops/yellow/B2AI_1_Paclitaxel_A2_R7_z01_yellow_cell132.png,,,/Users/ashi/github/cm4ai_codefest2025/analysis/cell_crops,B2AI_1_Paclitaxel_A2_R7_z01_yellow_,132,B2AI_1_Paclitaxel_A2_R7_z01_yellow
,/Users/ashi/github/cm4ai_codefest2025/analysis/cell_crops/yellow/B2AI_1_Paclitaxel_A2_R7_z01_yellow_cell133.png,,,/Users/ashi/github/cm4ai_codefest2025/analysis/cell_crops,B2AI_1_Paclitaxel_A2_R7_z01_yellow_,133,B2AI_1_Paclitaxel_A2_R7_z01_yellow
,/Users/ashi/github/cm4ai_codefest2025/analysis/cell_crops/yellow/B2AI_1_Paclitaxel_A2_R7_z01_yellow_cell134.png,,,/Users/ashi/github/cm4ai_codefest2025/analysis/cell_crops,B2AI_1_Paclitaxel_A2_R7_z01_yellow_,134,B2AI_1_Paclitaxel_A2_R7_z01_yellow
,/Users/ashi/github/cm4ai_codefest2025/analysis/cell_crops/yellow/B2AI_1_Paclitaxel_A2_R7_z01_yellow_cell135.png,,,/Users/ashi/github/cm4ai_codefest2025/analysis/cell_crops,B2AI_1_Paclitaxel_A2_R7_z01_yellow_,135,B2AI_1_Paclitaxel_A2_R7_z01_yellow
,/Users/ashi/github/cm4ai_codefest2025/analysis/cell_crops/yellow/B2AI_1_Paclitaxel_A2_R7_z01_yellow_cell136.png,,,/Users/ashi/github/cm4ai_codefest2025/analysis/cell_crops,B2AI_1_Paclitaxel_A2_R7_z01_yellow_,136,B2AI_1_Paclitaxel_A2_R7_z01_yellow
,/Users/ashi/github/cm4ai_codefest2025/analysis/cell_crops/yellow/B2AI_1_Paclitaxel_A2_R7_z01_yellow_cell137.png,,,/Users/ashi/github/cm4ai_codefest2025/analysis/cell_crops,B2AI_1_Paclitaxel_A2_R7_z01_yellow_,137,B2AI_1_Paclitaxel_A2_R7_z01_yellow
,/Users/ashi/github/cm4ai_codefest2025/analysis/cell_crops/yellow/B2AI_1_Paclitaxel_A2_R7_z01_yellow_cell138.png,,,/Users/ashi/github/cm4ai_codefest2025/analysis/cell_crops,B2AI_1_Paclitaxel_A2_R7_z01_yellow_,138,B2AI_1_Paclitaxel_A2_R7_z01_yellow
,/Users/ashi/github/cm4ai_codefest2025/analysis/cell_crops/yellow/B2AI_1_Paclitaxel_A2_R7_z01_yellow_cell139.png,,,/Users/ashi/github/cm4ai_codefest2025/analysis/cell_crops,B2AI_1_Paclitaxel_A2_R7_z01_yellow_,139,B2AI_1_Paclitaxel_A2_R7_z01_yellow
,/Users/ashi/github/cm4ai_codefest2025/analysis/cell_crops/yellow/B2AI_1_Paclitaxel_A2_R7_z01_yellow_cell140.png,,,/Users/ashi/github/cm4ai_codefest2025/analysis/cell_crops,B2AI_1_Paclitaxel_A2_R7_z01_yellow_,140,B2AI_1_Paclitaxel_A2_R7_z01_yellow
,/Users/ashi/github/cm4ai_codefest2025/analysis/cell_crops/yellow/B2AI_1_Paclitaxel_A2_R7_z01_yellow_cell141.png,,,/Users/ashi/github/cm4ai_codefest2025/analysis/cell_crops,B2AI_1_Paclitaxel_A2_R7_z01_yellow_,141,B2AI_1_Paclitaxel_A2_R7_z01_yellow
,/Users/ashi/github/cm4ai_codefest2025/analysis/cell_crops/yellow/B2AI_1_Paclitaxel_A2_R7_z01_yellow_cell142.png,,,/Users/ashi/github/cm4ai_codefest2025/analysis/cell_crops,B2AI_1_Paclitaxel_A2_R7_z01_yellow_,142,B2AI_1_Paclitaxel_A2_R7_z01_yellow
,/Users/ashi/github/cm4ai_codefest2025/analysis/cell_crops/yellow/B2AI_1_Paclitaxel_A2_R7_z01_yellow_cell143.png,,,/Users/ashi/github/cm4ai_codefest2025/analysis/cell_crops,B2AI_1_Paclitaxel_A2_R7_z01_yellow_,143,B2AI_1_Paclitaxel_A2_R7_z01_yellow
,/Users/ashi/github/cm4ai_codefest2025/analysis/cell_crops/yellow/B2AI_1_Paclitaxel_A2_R7_z01_yellow_cell144.png,,,/Users/ashi/github/cm4ai_codefest2025/analysis/cell_crops,B2AI_1_Paclitaxel_A2_R7_z01_yellow_,144,B2AI_1_Paclitaxel_A2_R7_z01_yellow
,/Users/ashi/github/cm4ai_codefest2025/analysis/cell_crops/yellow/B2AI_1_Paclitaxel_A2_R7_z01_yellow_cell145.png,,,/Users/ashi/github/cm4ai_codefest2025/analysis/cell_crops,B2AI_1_Paclitaxel_A2_R7_z01_yellow_,145,B2AI_1_Paclitaxel_A2_R7_z01_yellow
,/Users/ashi/github/cm4ai_codefest2025/analysis/cell_crops/yellow/B2AI_1_Paclitaxel_A2_R7_z01_yellow_cell146.png,,,/Users/ashi/github/cm4ai_codefest2025/analysis/cell_crops,B2AI_1_Paclitaxel_A2_R7_z01_yellow_,146,B2AI_1_Paclitaxel_A2_R7_z01_yellow
,/Users/ashi/github/cm4ai_codefest2025/analysis/cell_crops/yellow/B2AI_1_Paclitaxel_A2_R7_z01_yellow_cell147.png,,,/Users/ashi/github/cm4ai_codefest2025/analysis/cell_crops,B2AI_1_Paclitaxel_A2_R7_z01_yellow_,147,B2AI_1_Paclitaxel_A2_R7_z01_yellow
,/Users/ashi/github/cm4ai_codefest2025/analysis/cell_crops/yellow/B2AI_1_Paclitaxel_A2_R7_z01_yellow_cell148.png,,,/Users/ashi/github/cm4ai_codefest2025/analysis/cell_crops,B2AI_1_Paclitaxel_A2_R7_z01_yellow_,148,B2AI_1_Paclitaxel_A2_R7_z01_yellow
,/Users/ashi/github/cm4ai_codefest2025/analysis/cell_crops/yellow/B2AI_1_Paclitaxel_A2_R7_z01_yellow_cell149.png,,,/Users/ashi/github/cm4ai_codefest2025/analysis/cell_crops,B2AI_1_Paclitaxel_A2_R7_z01_yellow_,149,B2AI_1_Paclitaxel_A2_R7_z01_yellow
,/Users/ashi/github/cm4ai_codefest2025/analysis/cell_crops/yellow/B2AI_1_Paclitaxel_A2_R7_z01_yellow_cell150.png,,,/Users/ashi/github/cm4ai_codefest2025/analysis/cell_crops,B2AI_1_Paclitaxel_A2_R7_z01_yellow_,150,B2AI_1_Paclitaxel_A2_R7_z01_yellow
,/Users/ashi/github/cm4ai_codefest2025/analysis/cell_crops/yellow/B2AI_1_Paclitaxel_A2_R7_z01_yellow_cell151.png,,,/Users/ashi/github/cm4ai_codefest2025/analysis/cell_crops,B2AI_1_Paclitaxel_A2_R7_z01_yellow_,151,B2AI_1_Paclitaxel_A2_R7_z01_yellow
,/Users/ashi/github/cm4ai_codefest2025/analysis/cell_crops/yellow/B2AI_1_Paclitaxel_A2_R7_z01_yellow_cell152.png,,,/Users/ashi/github/cm4ai_codefest2025/analysis/cell_crops,B2AI_1_Paclitaxel_A2_R7_z01_yellow_,152,B2AI_1_Paclitaxel_A2_R7_z01_yellow
,/Users/ashi/github/cm4ai_codefest2025/analysis/cell_crops/yellow/B2AI_1_Paclitaxel_A2_R7_z01_yellow_cell153.png,,,/Users/ashi/github/cm4ai_codefest2025/analysis/cell_crops,B2AI_1_Paclitaxel_A2_R7_z01_yellow_,153,B2AI_1_Paclitaxel_A2_R7_z01_yellow
,/Users/ashi/github/cm4ai_codefest2025/analysis/cell_crops/yellow/B2AI_1_Paclitaxel_A2_R7_z01_yellow_cell154.png,,,/Users/ashi/github/cm4ai_codefest2025/analysis/cell_crops,B2AI_1_Paclitaxel_A2_R7_z01_yellow_,154,B2AI_1_Paclitaxel_A2_R7_z01_yellow
,/Users/ashi/github/cm4ai_codefest2025/analysis/cell_crops/yellow/B2AI_1_Paclitaxel_A2_R7_z01_yellow_cell155.png,,,/Users/ashi/github/cm4ai_codefest2025/analysis/cell_crops,B2AI_1_Paclitaxel_A2_R7_z01_yellow_,155,B2AI_1_Paclitaxel_A2_R7_z01_yellow
,/Users/ashi/github/cm4ai_codefest2025/analysis/cell_crops/yellow/B2AI_1_Paclitaxel_A2_R7_z01_yellow_cell156.png,,,/Users/ashi/github/cm4ai_codefest2025/analysis/cell_crops,B2AI_1_Paclitaxel_A2_R7_z01_yellow_,156,B2AI_1_Paclitaxel_A2_R7_z01_yellow
,/Users/ashi/github/cm4ai_codefest2025/analysis/cell_crops/yellow/B2AI_1_Paclitaxel_A2_R7_z01_yellow_cell157.png,,,/Users/ashi/github/cm4ai_codefest2025/analysis/cell_crops,B2AI_1_Paclitaxel_A2_R7_z01_yellow_,157,B2AI_1_Paclitaxel_A2_R7_z01_yellow
,/Users/ashi/github/cm4ai_codefest2025/analysis/cell_crops/yellow/B2AI_1_Paclitaxel_A2_R7_z01_yellow_cell158.png,,,/Users/ashi/github/cm4ai_codefest2025/analysis/cell_crops,B2AI_1_Paclitaxel_A2_R7_z01_yellow_,158,B2AI_1_Paclitaxel_A2_R7_z01_yellow
,/Users/ashi/github/cm4ai_codefest2025/analysis/cell_crops/yellow/B2AI_1_Paclitaxel_A2_R7_z01_yellow_cell159.png,,,/Users/ashi/github/cm4ai_codefest2025/analysis/cell_crops,B2AI_1_Paclitaxel_A2_R7_z01_yellow_,159,B2AI_1_Paclitaxel_A2_R7_z01_yellow
,/Users/ashi/github/cm4ai_codefest2025/analysis/cell_crops/yellow/B2AI_1_Paclitaxel_A2_R7_z01_yellow_cell160.png,,,/Users/ashi/github/cm4ai_codefest2025/analysis/cell_crops,B2AI_1_Paclitaxel_A2_R7_z01_yellow_,160,B2AI_1_Paclitaxel_A2_R7_z01_yellow
,/Users/ashi/github/cm4ai_codefest2025/analysis/cell_crops/yellow/B2AI_1_Paclitaxel_A2_R7_z01_yellow_cell161.png,,,/Users/ashi/github/cm4ai_codefest2025/analysis/cell_crops,B2AI_1_Paclitaxel_A2_R7_z01_yellow_,161,B2AI_1_Paclitaxel_A2_R7_z01_yellow
,/Users/ashi/github/cm4ai_codefest2025/analysis/cell_crops/yellow/B2AI_1_Paclitaxel_A2_R7_z01_yellow_cell162.png,,,/Users/ashi/github/cm4ai_codefest2025/analysis/cell_crops,B2AI_1_Paclitaxel_A2_R7_z01_yellow_,162,B2AI_1_Paclitaxel_A2_R7_z01_yellow
,/Users/ashi/github/cm4ai_codefest2025/analysis/cell_crops/yellow/B2AI_1_Paclitaxel_A2_R7_z01_yellow_cell163.png,,,/Users/ashi/github/cm4ai_codefest2025/analysis/cell_crops,B2AI_1_Paclitaxel_A2_R7_z01_yellow_,163,B2AI_1_Paclitaxel_A2_R7_z01_yellow
,/Users/ashi/github/cm4ai_codefest2025/analysis/cell_crops/yellow/B2AI_1_Paclitaxel_A2_R7_z01_yellow_cell164.png,,,/Users/ashi/github/cm4ai_codefest2025/analysis/cell_crops,B2AI_1_Paclitaxel_A2_R7_z01_yellow_,164,B2AI_1_Paclitaxel_A2_R7_z01_yellow
,/Users/ashi/github/cm4ai_codefest2025/analysis/cell_crops/yellow/B2AI_1_Paclitaxel_A2_R7_z01_yellow_cell165.png,,,/Users/ashi/github/cm4ai_codefest2025/analysis/cell_crops,B2AI_1_Paclitaxel_A2_R7_z01_yellow_,165,B2AI_1_Paclitaxel_A2_R7_z01_yellow
,/Users/ashi/github/cm4ai_codefest2025/analysis/cell_crops/yellow/B2AI_1_Paclitaxel_A2_R7_z01_yellow_cell166.png,,,/Users/ashi/github/cm4ai_codefest2025/analysis/cell_crops,B2AI_1_Paclitaxel_A2_R7_z01_yellow_,166,B2AI_1_Paclitaxel_A2_R7_z01_yellow
,/Users/ashi/github/cm4ai_codefest2025/analysis/cell_crops/yellow/B2AI_1_Paclitaxel_A2_R7_z01_yellow_cell167.png,,,/Users/ashi/github/cm4ai_codefest2025/analysis/cell_crops,B2AI_1_Paclitaxel_A2_R7_z01_yellow_,167,B2AI_1_Paclitaxel_A2_R7_z01_yellow
,/Users/ashi/github/cm4ai_codefest2025/analysis/cell_crops/yellow/B2AI_1_Paclitaxel_A2_R7_z01_yellow_cell168.png,,,/Users/ashi/github/cm4ai_codefest2025/analysis/cell_crops,B2AI_1_Paclitaxel_A2_R7_z01_yellow_,168,B2AI_1_Paclitaxel_A2_R7_z01_yellow
,/Users/ashi/github/cm4ai_codefest2025/analysis/cell_crops/yellow/B2AI_1_Paclitaxel_A2_R7_z01_yellow_cell169.png,,,/Users/ashi/github/cm4ai_codefest2025/analysis/cell_crops,B2AI_1_Paclitaxel_A2_R7_z01_yellow_,169,B2AI_1_Paclitaxel_A2_R7_z01_yellow
,/Users/ashi/github/cm4ai_codefest2025/analysis/cell_crops/yellow/B2AI_1_Paclitaxel_A2_R7_z01_yellow_cell170.png,,,/Users/ashi/github/cm4ai_codefest2025/analysis/cell_crops,B2AI_1_Paclitaxel_A2_R7_z01_yellow_,170,B2AI_1_Paclitaxel_A2_R7_z01_yellow
,/Users/ashi/github/cm4ai_codefest2025/analysis/cell_crops/yellow/B2AI_1_Paclitaxel_A2_R7_z01_yellow_cell171.png,,,/Users/ashi/github/cm4ai_codefest2025/analysis/cell_crops,B2AI_1_Paclitaxel_A2_R7_z01_yellow_,171,B2AI_1_Paclitaxel_A2_R7_z01_yellow
,/Users/ashi/github/cm4ai_codefest2025/analysis/cell_crops/yellow/B2AI_1_Paclitaxel_A2_R7_z01_yellow_cell172.png,,,/Users/ashi/github/cm4ai_codefest2025/analysis/cell_crops,B2AI_1_Paclitaxel_A2_R7_z01_yellow_,172,B2AI_1_Paclitaxel_A2_R7_z01_yellow
,/Users/ashi/github/cm4ai_codefest2025/analysis/cell_crops/yellow/B2AI_1_Paclitaxel_A2_R7_z01_yellow_cell173.png,,,/Users/ashi/github/cm4ai_codefest2025/analysis/cell_crops,B2AI_1_Paclitaxel_A2_R7_z01_yellow_,173,B2AI_1_Paclitaxel_A2_R7_z01_yellow
,/Users/ashi/github/cm4ai_codefest2025/analysis/cell_crops/yellow/B2AI_1_Paclitaxel_A2_R7_z01_yellow_cell174.png,,,/Users/ashi/github/cm4ai_codefest2025/analysis/cell_crops,B2AI_1_Paclitaxel_A2_R7_z01_yellow_,174,B2AI_1_Paclitaxel_A2_R7_z01_yellow
,/Users/ashi/github/cm4ai_codefest2025/analysis/cell_crops/yellow/B2AI_1_Paclitaxel_A2_R7_z01_yellow_cell175.png,,,/Users/ashi/github/cm4ai_codefest2025/analysis/cell_crops,B2AI_1_Paclitaxel_A2_R7_z01_yellow_,175,B2AI_1_Paclitaxel_A2_R7_z01_yellow
,/Users/ashi/github/cm4ai_codefest2025/analysis/cell_crops/yellow/B2AI_1_Paclitaxel_A2_R7_z01_yellow_cell176.png,,,/Users/ashi/github/cm4ai_codefest2025/analysis/cell_crops,B2AI_1_Paclitaxel_A2_R7_z01_yellow_,176,B2AI_1_Paclitaxel_A2_R7_z01_yellow
,/Users/ashi/github/cm4ai_codefest2025/analysis/cell_crops/yellow/B2AI_1_Paclitaxel_A2_R7_z01_yellow_cell177.png,,,/Users/ashi/github/cm4ai_codefest2025/analysis/cell_crops,B2AI_1_Paclitaxel_A2_R7_z01_yellow_,177,B2AI_1_Paclitaxel_A2_R7_z01_yellow
,/Users/ashi/github/cm4ai_codefest2025/analysis/cell_crops/yellow/B2AI_1_Paclitaxel_A2_R7_z01_yellow_cell178.png,,,/Users/ashi/github/cm4ai_codefest2025/analysis/cell_crops,B2AI_1_Paclitaxel_A2_R7_z01_yellow_,178,B2AI_1_Paclitaxel_A2_R7_z01_yellow
,/Users/ashi/github/cm4ai_codefest2025/analysis/cell_crops/yellow/B2AI_1_Paclitaxel_A2_R7_z01_yellow_cell179.png,,,/Users/ashi/github/cm4ai_codefest2025/analysis/cell_crops,B2AI_1_Paclitaxel_A2_R7_z01_yellow_,179,B2AI_1_Paclitaxel_A2_R7_z01_yellow
,/Users/ashi/github/cm4ai_codefest2025/analysis/cell_crops/yellow/B2AI_1_Paclitaxel_A2_R7_z01_yellow_cell180.png,,,/Users/ashi/github/cm4ai_codefest2025/analysis/cell_crops,B2AI_1_Paclitaxel_A2_R7_z01_yellow_,180,B2AI_1_Paclitaxel_A2_R7_z01_yellow
,/Users/ashi/github/cm4ai_codefest2025/analysis/cell_crops/yellow/B2AI_1_Paclitaxel_A2_R7_z01_yellow_cell181.png,,,/Users/ashi/github/cm4ai_codefest2025/analysis/cell_crops,B2AI_1_Paclitaxel_A2_R7_z01_yellow_,181,B2AI_1_Paclitaxel_A2_R7_z01_yellow
,/Users/ashi/github/cm4ai_codefest2025/analysis/cell_crops/yellow/B2AI_1_Paclitaxel_A2_R7_z01_yellow_cell182.png,,,/Users/ashi/github/cm4ai_codefest2025/analysis/cell_crops,B2AI_1_Paclitaxel_A2_R7_z01_yellow_,182,B2AI_1_Paclitaxel_A2_R7_z01_yellow
,/Users/ashi/github/cm4ai_codefest2025/analysis/cell_crops/yellow/B2AI_1_Paclitaxel_A2_R7_z01_yellow_cell183.png,,,/Users/ashi/github/cm4ai_codefest2025/analysis/cell_crops,B2AI_1_Paclitaxel_A2_R7_z01_yellow_,183,B2AI_1_Paclitaxel_A2_R7_z01_yellow
,/Users/ashi/github/cm4ai_codefest2025/analysis/cell_crops/yellow/B2AI_1_Paclitaxel_A2_R7_z01_yellow_cell184.png,,,/Users/ashi/github/cm4ai_codefest2025/analysis/cell_crops,B2AI_1_Paclitaxel_A2_R7_z01_yellow_,184,B2AI_1_Paclitaxel_A2_R7_z01_yellow
,/Users/ashi/github/cm4ai_codefest2025/analysis/cell_crops/yellow/B2AI_1_Paclitaxel_A2_R7_z01_yellow_cell185.png,,,/Users/ashi/github/cm4ai_codefest2025/analysis/cell_crops,B2AI_1_Paclitaxel_A2_R7_z01_yellow_,185,B2AI_1_Paclitaxel_A2_R7_z01_yellow
,/Users/ashi/github/cm4ai_codefest2025/analysis/cell_crops/yellow/B2AI_1_Paclitaxel_A2_R7_z01_yellow_cell186.png,,,/Users/ashi/github/cm4ai_codefest2025/analysis/cell_crops,B2AI_1_Paclitaxel_A2_R7_z01_yellow_,186,B2AI_1_Paclitaxel_A2_R7_z01_yellow
,/Users/ashi/github/cm4ai_codefest2025/analysis/cell_crops/yellow/B2AI_1_Paclitaxel_A2_R7_z01_yellow_cell187.png,,,/Users/ashi/github/cm4ai_codefest2025/analysis/cell_crops,B2AI_1_Paclitaxel_A2_R7_z01_yellow_,187,B2AI_1_Paclitaxel_A2_R7_z01_yellow
,/Users/ashi/github/cm4ai_codefest2025/analysis/cell_crops/yellow/B2AI_1_Paclitaxel_A2_R7_z01_yellow_cell188.png,,,/Users/ashi/github/cm4ai_codefest2025/analysis/cell_crops,B2AI_1_Paclitaxel_A2_R7_z01_yellow_,188,B2AI_1_Paclitaxel_A2_R7_z01_yellow
,/Users/ashi/github/cm4ai_codefest2025/analysis/cell_crops/yellow/B2AI_1_Paclitaxel_A2_R7_z01_yellow_cell189.png,,,/Users/ashi/github/cm4ai_codefest2025/analysis/cell_crops,B2AI_1_Paclitaxel_A2_R7_z01_yellow_,189,B2AI_1_Paclitaxel_A2_R7_z01_yellow
,/Users/ashi/github/cm4ai_codefest2025/analysis/cell_crops/yellow/B2AI_1_Paclitaxel_A2_R7_z01_yellow_cell190.png,,,/Users/ashi/github/cm4ai_codefest2025/analysis/cell_crops,B2AI_1_Paclitaxel_A2_R7_z01_yellow_,190,B2AI_1_Paclitaxel_A2_R7_z01_yellow
,/Users/ashi/github/cm4ai_codefest2025/analysis/cell_crops/yellow/B2AI_1_Paclitaxel_A2_R7_z01_yellow_cell191.png,,,/Users/ashi/github/cm4ai_codefest2025/analysis/cell_crops,B2AI_1_Paclitaxel_A2_R7_z01_yellow_,191,B2AI_1_Paclitaxel_A2_R7_z01_yellow
,/Users/ashi/github/cm4ai_codefest2025/analysis/cell_crops/yellow/B2AI_1_Paclitaxel_A2_R7_z01_yellow_cell192.png,,,/Users/ashi/github/cm4ai_codefest2025/analysis/cell_crops,B2AI_1_Paclitaxel_A2_R7_z01_yellow_,192,B2AI_1_Paclitaxel_A2_R7_z01_yellow
,/Users/ashi/github/cm4ai_codefest2025/analysis/cell_crops/yellow/B2AI_1_Paclitaxel_A2_R7_z01_yellow_cell193.png,,,/Users/ashi/github/cm4ai_codefest2025/analysis/cell_crops,B2AI_1_Paclitaxel_A2_R7_z01_yellow_,193,B2AI_1_Paclitaxel_A2_R7_z01_yellow
,/Users/ashi/github/cm4ai_codefest2025/analysis/cell_crops/yellow/B2AI_1_Paclitaxel_A2_R7_z01_yellow_cell194.png,,,/Users/ashi/github/cm4ai_codefest2025/analysis/cell_crops,B2AI_1_Paclitaxel_A2_R7_z01_yellow_,194,B2AI_1_Paclitaxel_A2_R7_z01_yellow
,/Users/ashi/github/cm4ai_codefest2025/analysis/cell_crops/yellow/B2AI_1_Paclitaxel_A2_R7_z01_yellow_cell195.png,,,/Users/ashi/github/cm4ai_codefest2025/analysis/cell_crops,B2AI_1_Paclitaxel_A2_R7_z01_yellow_,195,B2AI_1_Paclitaxel_A2_R7_z01_yellow
,/Users/ashi/github/cm4ai_codefest2025/analysis/cell_crops/yellow/B2AI_1_Paclitaxel_A2_R7_z01_yellow_cell196.png,,,/Users/ashi/github/cm4ai_codefest2025/analysis/cell_crops,B2AI_1_Paclitaxel_A2_R7_z01_yellow_,196,B2AI_1_Paclitaxel_A2_R7_z01_yellow
,/Users/ashi/github/cm4ai_codefest2025/analysis/cell_crops/yellow/B2AI_1_Paclitaxel_A2_R7_z01_yellow_cell197.png,,,/Users/ashi/github/cm4ai_codefest2025/analysis/cell_crops,B2AI_1_Paclitaxel_A2_R7_z01_yellow_,197,B2AI_1_Paclitaxel_A2_R7_z01_yellow
,/Users/ashi/github/cm4ai_codefest2025/analysis/cell_crops/yellow/B2AI_1_Paclitaxel_A2_R7_z01_yellow_cell198.png,,,/Users/ashi/github/cm4ai_codefest2025/analysis/cell_crops,B2AI_1_Paclitaxel_A2_R7_z01_yellow_,198,B2AI_1_Paclitaxel_A2_R7_z01_yellow
,/Users/ashi/github/cm4ai_codefest2025/analysis/cell_crops/yellow/B2AI_1_Paclitaxel_A2_R7_z01_yellow_cell199.png,,,/Users/ashi/github/cm4ai_codefest2025/analysis/cell_crops,B2AI_1_Paclitaxel_A2_R7_z01_yellow_,199,B2AI_1_Paclitaxel_A2_R7_z01_yellow
,/Users/ashi/github/cm4ai_codefest2025/analysis/cell_crops/yellow/B2AI_1_Paclitaxel_A2_R7_z01_yellow_cell200.png,,,/Users/ashi/github/cm4ai_codefest2025/analysis/cell_crops,B2AI_1_Paclitaxel_A2_R7_z01_yellow_,200,B2AI_1_Paclitaxel_A2_R7_z01_yellow
,/Users/ashi/github/cm4ai_codefest2025/analysis/cell_crops/yellow/B2AI_1_Paclitaxel_A2_R7_z01_yellow_cell201.png,,,/Users/ashi/github/cm4ai_codefest2025/analysis/cell_crops,B2AI_1_Paclitaxel_A2_R7_z01_yellow_,201,B2AI_1_Paclitaxel_A2_R7_z01_yellow
,/Users/ashi/github/cm4ai_codefest2025/analysis/cell_crops/yellow/B2AI_1_Paclitaxel_A2_R7_z01_yellow_cell202.png,,,/Users/ashi/github/cm4ai_codefest2025/analysis/cell_crops,B2AI_1_Paclitaxel_A2_R7_z01_yellow_,202,B2AI_1_Paclitaxel_A2_R7_z01_yellow
,/Users/ashi/github/cm4ai_codefest2025/analysis/cell_crops/yellow/B2AI_1_Paclitaxel_A2_R7_z01_yellow_cell203.png,,,/Users/ashi/github/cm4ai_codefest2025/analysis/cell_crops,B2AI_1_Paclitaxel_A2_R7_z01_yellow_,203,B2AI_1_Paclitaxel_A2_R7_z01_yellow
,/Users/ashi/github/cm4ai_codefest2025/analysis/cell_crops/yellow/B2AI_1_Paclitaxel_A2_R7_z01_yellow_cell204.png,,,/Users/ashi/github/cm4ai_codefest2025/analysis/cell_crops,B2AI_1_Paclitaxel_A2_R7_z01_yellow_,204,B2AI_1_Paclitaxel_A2_R7_z01_yellow
,/Users/ashi/github/cm4ai_codefest2025/analysis/cell_crops/yellow/B2AI_1_Paclitaxel_A2_R7_z01_yellow_cell205.png,,,/Users/ashi/github/cm4ai_codefest2025/analysis/cell_crops,B2AI_1_Paclitaxel_A2_R7_z01_yellow_,205,B2AI_1_Paclitaxel_A2_R7_z01_yellow
,/Users/ashi/github/cm4ai_codefest2025/analysis/cell_crops/yellow/B2AI_1_Paclitaxel_A2_R7_z01_yellow_cell206.png,,,/Users/ashi/github/cm4ai_codefest2025/analysis/cell_crops,B2AI_1_Paclitaxel_A2_R7_z01_yellow_,206,B2AI_1_Paclitaxel_A2_R7_z01_yellow
,/Users/ashi/github/cm4ai_codefest2025/analysis/cell_crops/yellow/B2AI_1_Paclitaxel_A2_R7_z01_yellow_cell207.png,,,/Users/ashi/github/cm4ai_codefest2025/analysis/cell_crops,B2AI_1_Paclitaxel_A2_R7_z01_yellow_,207,B2AI_1_Paclitaxel_A2_R7_z01_yellow
,/Users/ashi/github/cm4ai_codefest2025/analysis/cell_crops/yellow/B2AI_1_Paclitaxel_A2_R7_z01_yellow_cell208.png,,,/Users/ashi/github/cm4ai_codefest2025/analysis/cell_crops,B2AI_1_Paclitaxel_A2_R7_z01_yellow_,208,B2AI_1_Paclitaxel_A2_R7_z01_yellow
,/Users/ashi/github/cm4ai_codefest2025/analysis/cell_crops/yellow/B2AI_1_Paclitaxel_A2_R7_z01_yellow_cell209.png,,,/Users/ashi/github/cm4ai_codefest2025/analysis/cell_crops,B2AI_1_Paclitaxel_A2_R7_z01_yellow_,209,B2AI_1_Paclitaxel_A2_R7_z01_yellow
,/Users/ashi/github/cm4ai_codefest2025/analysis/cell_crops/yellow/B2AI_1_Paclitaxel_A2_R7_z01_yellow_cell210.png,,,/Users/ashi/github/cm4ai_codefest2025/analysis/cell_crops,B2AI_1_Paclitaxel_A2_R7_z01_yellow_,210,B2AI_1_Paclitaxel_A2_R7_z01_yellow
,/Users/ashi/github/cm4ai_codefest2025/analysis/cell_crops/yellow/B2AI_1_Paclitaxel_A2_R7_z01_yellow_cell211.png,,,/Users/ashi/github/cm4ai_codefest2025/analysis/cell_crops,B2AI_1_Paclitaxel_A2_R7_z01_yellow_,211,B2AI_1_Paclitaxel_A2_R7_z01_yellow
,/Users/ashi/github/cm4ai_codefest2025/analysis/cell_crops/yellow/B2AI_1_Paclitaxel_A2_R7_z01_yellow_cell212.png,,,/Users/ashi/github/cm4ai_codefest2025/analysis/cell_crops,B2AI_1_Paclitaxel_A2_R7_z01_yellow_,212,B2AI_1_Paclitaxel_A2_R7_z01_yellow
,/Users/ashi/github/cm4ai_codefest2025/analysis/cell_crops/yellow/B2AI_1_Paclitaxel_A2_R7_z01_yellow_cell213.png,,,/Users/ashi/github/cm4ai_codefest2025/analysis/cell_crops,B2AI_1_Paclitaxel_A2_R7_z01_yellow_,213,B2AI_1_Paclitaxel_A2_R7_z01_yellow
,/Users/ashi/github/cm4ai_codefest2025/analysis/cell_crops/yellow/B2AI_1_Paclitaxel_A2_R7_z01_yellow_cell214.png,,,/Users/ashi/github/cm4ai_codefest2025/analysis/cell_crops,B2AI_1_Paclitaxel_A2_R7_z01_yellow_,214,B2AI_1_Paclitaxel_A2_R7_z01_yellow
,/Users/ashi/github/cm4ai_codefest2025/analysis/cell_crops/yellow/B2AI_1_Paclitaxel_A2_R7_z01_yellow_cell215.png,,,/Users/ashi/github/cm4ai_codefest2025/analysis/cell_crops,B2AI_1_Paclitaxel_A2_R7_z01_yellow_,215,B2AI_1_Paclitaxel_A2_R7_z01_yellow
,/Users/ashi/github/cm4ai_codefest2025/analysis/cell_crops/yellow/B2AI_1_Paclitaxel_A2_R7_z01_yellow_cell216.png,,,/Users/ashi/github/cm4ai_codefest2025/analysis/cell_crops,B2AI_1_Paclitaxel_A2_R7_z01_yellow_,216,B2AI_1_Paclitaxel_A2_R7_z01_yellow
,/Users/ashi/github/cm4ai_codefest2025/analysis/cell_crops/yellow/B2AI_1_Paclitaxel_A2_R7_z01_yellow_cell217.png,,,/Users/ashi/github/cm4ai_codefest2025/analysis/cell_crops,B2AI_1_Paclitaxel_A2_R7_z01_yellow_,217,B2AI_1_Paclitaxel_A2_R7_z01_yellow
,/Users/ashi/github/cm4ai_codefest2025/analysis/cell_crops/yellow/B2AI_1_Paclitaxel_A2_R7_z01_yellow_cell218.png,,,/Users/ashi/github/cm4ai_codefest2025/analysis/cell_crops,B2AI_1_Paclitaxel_A2_R7_z01_yellow_,218,B2AI_1_Paclitaxel_A2_R7_z01_yellow
,/Users/ashi/github/cm4ai_codefest2025/analysis/cell_crops/yellow/B2AI_1_Paclitaxel_A2_R7_z01_yellow_cell219.png,,,/Users/ashi/github/cm4ai_codefest2025/analysis/cell_crops,B2AI_1_Paclitaxel_A2_R7_z01_yellow_,219,B2AI_1_Paclitaxel_A2_R7_z01_yellow
,/Users/ashi/github/cm4ai_codefest2025/analysis/cell_crops/yellow/B2AI_1_Paclitaxel_A2_R7_z01_yellow_cell220.png,,,/Users/ashi/github/cm4ai_codefest2025/analysis/cell_crops,B2AI_1_Paclitaxel_A2_R7_z01_yellow_,220,B2AI_1_Paclitaxel_A2_R7_z01_yellow
,/Users/ashi/github/cm4ai_codefest2025/analysis/cell_crops/yellow/B2AI_1_Paclitaxel_A2_R7_z01_yellow_cell221.png,,,/Users/ashi/github/cm4ai_codefest2025/analysis/cell_crops,B2AI_1_Paclitaxel_A2_R7_z01_yellow_,221,B2AI_1_Paclitaxel_A2_R7_z01_yellow
,/Users/ashi/github/cm4ai_codefest2025/analysis/cell_crops/yellow/B2AI_1_Paclitaxel_A2_R7_z01_yellow_cell222.png,,,/Users/ashi/github/cm4ai_codefest2025/analysis/cell_crops,B2AI_1_Paclitaxel_A2_R7_z01_yellow_,222,B2AI_1_Paclitaxel_A2_R7_z01_yellow
,/Users/ashi/github/cm4ai_codefest2025/analysis/cell_crops/yellow/B2AI_1_Paclitaxel_A2_R7_z01_yellow_cell223.png,,,/Users/ashi/github/cm4ai_codefest2025/analysis/cell_crops,B2AI_1_Paclitaxel_A2_R7_z01_yellow_,223,B2AI_1_Paclitaxel_A2_R7_z01_yellow
,/Users/ashi/github/cm4ai_codefest2025/analysis/cell_crops/yellow/B2AI_1_Paclitaxel_A2_R7_z01_yellow_cell224.png,,,/Users/ashi/github/cm4ai_codefest2025/analysis/cell_crops,B2AI_1_Paclitaxel_A2_R7_z01_yellow_,224,B2AI_1_Paclitaxel_A2_R7_z01_yellow
,/Users/ashi/github/cm4ai_codefest2025/analysis/cell_crops/yellow/B2AI_1_Paclitaxel_A2_R7_z01_yellow_cell225.png,,,/Users/ashi/github/cm4ai_codefest2025/analysis/cell_crops,B2AI_1_Paclitaxel_A2_R7_z01_yellow_,225,B2AI_1_Paclitaxel_A2_R7_z01_yellow
,/Users/ashi/github/cm4ai_codefest2025/analysis/cell_crops/yellow/B2AI_1_Paclitaxel_A2_R7_z01_yellow_cell226.png,,,/Users/ashi/github/cm4ai_codefest2025/analysis/cell_crops,B2AI_1_Paclitaxel_A2_R7_z01_yellow_,226,B2AI_1_Paclitaxel_A2_R7_z01_yellow
,/Users/ashi/github/cm4ai_codefest2025/analysis/cell_crops/yellow/B2AI_1_Paclitaxel_A2_R7_z01_yellow_cell227.png,,,/Users/ashi/github/cm4ai_codefest2025/analysis/cell_crops,B2AI_1_Paclitaxel_A2_R7_z01_yellow_,227,B2AI_1_Paclitaxel_A2_R7_z01_yellow
,/Users/ashi/github/cm4ai_codefest2025/analysis/cell_crops/yellow/B2AI_1_Paclitaxel_A2_R7_z01_yellow_cell228.png,,,/Users/ashi/github/cm4ai_codefest2025/analysis/cell_crops,B2AI_1_Paclitaxel_A2_R7_z01_yellow_,228,B2AI_1_Paclitaxel_A2_R7_z01_yellow
,/Users/ashi/github/cm4ai_codefest2025/analysis/cell_crops/yellow/B2AI_1_Paclitaxel_A2_R7_z01_yellow_cell229.png,,,/Users/ashi/github/cm4ai_codefest2025/analysis/cell_crops,B2AI_1_Paclitaxel_A2_R7_z01_yellow_,229,B2AI_1_Paclitaxel_A2_R7_z01_yellow
,/Users/ashi/github/cm4ai_codefest2025/analysis/cell_crops/yellow/B2AI_1_Paclitaxel_A2_R7_z01_yellow_cell230.png,,,/Users/ashi/github/cm4ai_codefest2025/analysis/cell_crops,B2AI_1_Paclitaxel_A2_R7_z01_yellow_,230,B2AI_1_Paclitaxel_A2_R7_z01_yellow
,/Users/ashi/github/cm4ai_codefest2025/analysis/cell_crops/yellow/B2AI_1_Paclitaxel_A2_R7_z01_yellow_cell231.png,,,/Users/ashi/github/cm4ai_codefest2025/analysis/cell_crops,B2AI_1_Paclitaxel_A2_R7_z01_yellow_,231,B2AI_1_Paclitaxel_A2_R7_z01_yellow
,/Users/ashi/github/cm4ai_codefest2025/analysis/cell_crops/yellow/B2AI_1_Paclitaxel_A2_R7_z01_yellow_cell232.png,,,/Users/ashi/github/cm4ai_codefest2025/analysis/cell_crops,B2AI_1_Paclitaxel_A2_R7_z01_yellow_,232,B2AI_1_Paclitaxel_A2_R7_z01_yellow
,/Users/ashi/github/cm4ai_codefest2025/analysis/cell_crops/yellow/B2AI_1_Paclitaxel_A2_R7_z01_yellow_cell233.png,,,/Users/ashi/github/cm4ai_codefest2025/analysis/cell_crops,B2AI_1_Paclitaxel_A2_R7_z01_yellow_,233,B2AI_1_Paclitaxel_A2_R7_z01_yellow
,/Users/ashi/github/cm4ai_codefest2025/analysis/cell_crops/yellow/B2AI_1_Paclitaxel_A2_R7_z01_yellow_cell234.png,,,/Users/ashi/github/cm4ai_codefest2025/analysis/cell_crops,B2AI_1_Paclitaxel_A2_R7_z01_yellow_,234,B2AI_1_Paclitaxel_A2_R7_z01_yellow
,/Users/ashi/github/cm4ai_codefest2025/analysis/cell_crops/yellow/B2AI_1_Paclitaxel_A2_R7_z01_yellow_cell235.png,,,/Users/ashi/github/cm4ai_codefest2025/analysis/cell_crops,B2AI_1_Paclitaxel_A2_R7_z01_yellow_,235,B2AI_1_Paclitaxel_A2_R7_z01_yellow
,/Users/ashi/github/cm4ai_codefest2025/analysis/cell_crops/yellow/B2AI_1_Paclitaxel_A2_R7_z01_yellow_cell236.png,,,/Users/ashi/github/cm4ai_codefest2025/analysis/cell_crops,B2AI_1_Paclitaxel_A2_R7_z01_yellow_,236,B2AI_1_Paclitaxel_A2_R7_z01_yellow
,/Users/ashi/github/cm4ai_codefest2025/analysis/cell_crops/yellow/B2AI_1_Paclitaxel_A2_R7_z01_yellow_cell237.png,,,/Users/ashi/github/cm4ai_codefest2025/analysis/cell_crops,B2AI_1_Paclitaxel_A2_R7_z01_yellow_,237,B2AI_1_Paclitaxel_A2_R7_z01_yellow
,/Users/ashi/github/cm4ai_codefest2025/analysis/cell_crops/yellow/B2AI_1_Paclitaxel_A2_R7_z01_yellow_cell238.png,,,/Users/ashi/github/cm4ai_codefest2025/analysis/cell_crops,B2AI_1_Paclitaxel_A2_R7_z01_yellow_,238,B2AI_1_Paclitaxel_A2_R7_z01_yellow
,/Users/ashi/github/cm4ai_codefest2025/analysis/cell_crops/yellow/B2AI_1_Paclitaxel_A2_R7_z01_yellow_cell239.png,,,/Users/ashi/github/cm4ai_codefest2025/analysis/cell_crops,B2AI_1_Paclitaxel_A2_R7_z01_yellow_,239,B2AI_1_Paclitaxel_A2_R7_z01_yellow
,/Users/ashi/github/cm4ai_codefest2025/analysis/cell_crops/yellow/B2AI_1_Paclitaxel_A2_R7_z01_yellow_cell240.png,,,/Users/ashi/github/cm4ai_codefest2025/analysis/cell_crops,B2AI_1_Paclitaxel_A2_R7_z01_yellow_,240,B2AI_1_Paclitaxel_A2_R7_z01_yellow
,/Users/ashi/github/cm4ai_codefest2025/analysis/cell_crops/yellow/B2AI_1_Paclitaxel_A2_R7_z01_yellow_cell241.png,,,/Users/ashi/github/cm4ai_codefest2025/analysis/cell_crops,B2AI_1_Paclitaxel_A2_R7_z01_yellow_,241,B2AI_1_Paclitaxel_A2_R7_z01_yellow
,/Users/ashi/github/cm4ai_codefest2025/analysis/cell_crops/yellow/B2AI_1_Paclitaxel_A2_R7_z01_yellow_cell242.png,,,/Users/ashi/github/cm4ai_codefest2025/analysis/cell_crops,B2AI_1_Paclitaxel_A2_R7_z01_yellow_,242,B2AI_1_Paclitaxel_A2_R7_z01_yellow
,/Users/ashi/github/cm4ai_codefest2025/analysis/cell_crops/yellow/B2AI_1_Paclitaxel_A2_R7_z01_yellow_cell243.png,,,/Users/ashi/github/cm4ai_codefest2025/analysis/cell_crops,B2AI_1_Paclitaxel_A2_R7_z01_yellow_,243,B2AI_1_Paclitaxel_A2_R7_z01_yellow
,/Users/ashi/github/cm4ai_codefest2025/analysis/cell_crops/yellow/B2AI_1_Paclitaxel_A2_R7_z01_yellow_cell244.png,,,/Users/ashi/github/cm4ai_codefest2025/analysis/cell_crops,B2AI_1_Paclitaxel_A2_R7_z01_yellow_,244,B2AI_1_Paclitaxel_A2_R7_z01_yellow
,/Users/ashi/github/cm4ai_codefest2025/analysis/cell_crops/yellow/B2AI_1_Paclitaxel_A2_R7_z01_yellow_cell245.png,,,/Users/ashi/github/cm4ai_codefest2025/analysis/cell_crops,B2AI_1_Paclitaxel_A2_R7_z01_yellow_,245,B2AI_1_Paclitaxel_A2_R7_z01_yellow
,/Users/ashi/github/cm4ai_codefest2025/analysis/cell_crops/yellow/B2AI_1_Paclitaxel_A2_R7_z01_yellow_cell246.png,,,/Users/ashi/github/cm4ai_codefest2025/analysis/cell_crops,B2AI_1_Paclitaxel_A2_R7_z01_yellow_,246,B2AI_1_Paclitaxel_A2_R7_z01_yellow
,/Users/ashi/github/cm4ai_codefest2025/analysis/cell_crops/yellow/B2AI_1_Paclitaxel_A2_R7_z01_yellow_cell247.png,,,/Users/ashi/github/cm4ai_codefest2025/analysis/cell_crops,B2AI_1_Paclitaxel_A2_R7_z01_yellow_,247,B2AI_1_Paclitaxel_A2_R7_z01_yellow
,/Users/ashi/github/cm4ai_codefest2025/analysis/cell_crops/yellow/B2AI_1_Paclitaxel_A2_R7_z01_yellow_cell248.png,,,/Users/ashi/github/cm4ai_codefest2025/analysis/cell_crops,B2AI_1_Paclitaxel_A2_R7_z01_yellow_,248,B2AI_1_Paclitaxel_A2_R7_z01_yellow
,/Users/ashi/github/cm4ai_codefest2025/analysis/cell_crops/yellow/B2AI_1_Paclitaxel_A2_R7_z01_yellow_cell249.png,,,/Users/ashi/github/cm4ai_codefest2025/analysis/cell_crops,B2AI_1_Paclitaxel_A2_R7_z01_yellow_,249,B2AI_1_Paclitaxel_A2_R7_z01_yellow
,/Users/ashi/github/cm4ai_codefest2025/analysis/cell_crops/yellow/B2AI_1_Paclitaxel_A2_R7_z01_yellow_cell250.png,,,/Users/ashi/github/cm4ai_codefest2025/analysis/cell_crops,B2AI_1_Paclitaxel_A2_R7_z01_yellow_,250,B2AI_1_Paclitaxel_A2_R7_z01_yellow
,/Users/ashi/github/cm4ai_codefest2025/analysis/cell_crops/yellow/B2AI_1_Paclitaxel_A2_R7_z01_yellow_cell251.png,,,/Users/ashi/github/cm4ai_codefest2025/analysis/cell_crops,B2AI_1_Paclitaxel_A2_R7_z01_yellow_,251,B2AI_1_Paclitaxel_A2_R7_z01_yellow
,/Users/ashi/github/cm4ai_codefest2025/analysis/cell_crops/yellow/B2AI_1_Paclitaxel_A2_R7_z01_yellow_cell252.png,,,/Users/ashi/github/cm4ai_codefest2025/analysis/cell_crops,B2AI_1_Paclitaxel_A2_R7_z01_yellow_,252,B2AI_1_Paclitaxel_A2_R7_z01_yellow
,/Users/ashi/github/cm4ai_codefest2025/analysis/cell_crops/yellow/B2AI_1_Paclitaxel_A2_R7_z01_yellow_cell253.png,,,/Users/ashi/github/cm4ai_codefest2025/analysis/cell_crops,B2AI_1_Paclitaxel_A2_R7_z01_yellow_,253,B2AI_1_Paclitaxel_A2_R7_z01_yellow
,/Users/ashi/github/cm4ai_codefest2025/analysis/cell_crops/yellow/B2AI_1_Paclitaxel_A2_R7_z01_yellow_cell254.png,,,/Users/ashi/github/cm4ai_codefest2025/analysis/cell_crops,B2AI_1_Paclitaxel_A2_R7_z01_yellow_,254,B2AI_1_Paclitaxel_A2_R7_z01_yellow
,/Users/ashi/github/cm4ai_codefest2025/analysis/cell_crops/yellow/B2AI_1_Paclitaxel_A2_R7_z01_yellow_cell255.png,,,/Users/ashi/github/cm4ai_codefest2025/analysis/cell_crops,B2AI_1_Paclitaxel_A2_R7_z01_yellow_,255,B2AI_1_Paclitaxel_A2_R7_z01_yellow
,/Users/ashi/github/cm4ai_codefest2025/analysis/cell_crops/yellow/B2AI_1_Paclitaxel_A2_R7_z01_yellow_cell256.png,,,/Users/ashi/github/cm4ai_codefest2025/analysis/cell_crops,B2AI_1_Paclitaxel_A2_R7_z01_yellow_,256,B2AI_1_Paclitaxel_A2_R7_z01_yellow
,/Users/ashi/github/cm4ai_codefest2025/analysis/cell_crops/yellow/B2AI_1_Paclitaxel_A2_R7_z01_yellow_cell257.png,,,/Users/ashi/github/cm4ai_codefest2025/analysis/cell_crops,B2AI_1_Paclitaxel_A2_R7_z01_yellow_,257,B2AI_1_Paclitaxel_A2_R7_z01_yellow
,/Users/ashi/github/cm4ai_codefest2025/analysis/cell_crops/yellow/B2AI_1_Paclitaxel_A2_R7_z01_yellow_cell258.png,,,/Users/ashi/github/cm4ai_codefest2025/analysis/cell_crops,B2AI_1_Paclitaxel_A2_R7_z01_yellow_,258,B2AI_1_Paclitaxel_A2_R7_z01_yellow
,/Users/ashi/github/cm4ai_codefest2025/analysis/cell_crops/yellow/B2AI_1_Paclitaxel_A2_R7_z01_yellow_cell259.png,,,/Users/ashi/github/cm4ai_codefest2025/analysis/cell_crops,B2AI_1_Paclitaxel_A2_R7_z01_yellow_,259,B2AI_1_Paclitaxel_A2_R7_z01_yellow
,/Users/ashi/github/cm4ai_codefest2025/analysis/cell_crops/yellow/B2AI_1_Paclitaxel_A2_R7_z01_yellow_cell260.png,,,/Users/ashi/github/cm4ai_codefest2025/analysis/cell_crops,B2AI_1_Paclitaxel_A2_R7_z01_yellow_,260,B2AI_1_Paclitaxel_A2_R7_z01_yellow
,/Users/ashi/github/cm4ai_codefest2025/analysis/cell_crops/yellow/B2AI_1_Paclitaxel_A2_R7_z01_yellow_cell261.png,,,/Users/ashi/github/cm4ai_codefest2025/analysis/cell_crops,B2AI_1_Paclitaxel_A2_R7_z01_yellow_,261,B2AI_1_Paclitaxel_A2_R7_z01_yellow
,/Users/ashi/github/cm4ai_codefest2025/analysis/cell_crops/yellow/B2AI_1_Paclitaxel_A2_R7_z01_yellow_cell262.png,,,/Users/ashi/github/cm4ai_codefest2025/analysis/cell_crops,B2AI_1_Paclitaxel_A2_R7_z01_yellow_,262,B2AI_1_Paclitaxel_A2_R7_z01_yellow
,/Users/ashi/github/cm4ai_codefest2025/analysis/cell_crops/yellow/B2AI_1_Paclitaxel_A2_R7_z01_yellow_cell263.png,,,/Users/ashi/github/cm4ai_codefest2025/analysis/cell_crops,B2AI_1_Paclitaxel_A2_R7_z01_yellow_,263,B2AI_1_Paclitaxel_A2_R7_z01_yellow
,/Users/ashi/github/cm4ai_codefest2025/analysis/cell_crops/yellow/B2AI_1_Paclitaxel_A2_R7_z01_yellow_cell264.png,,,/Users/ashi/github/cm4ai_codefest2025/analysis/cell_crops,B2AI_1_Paclitaxel_A2_R7_z01_yellow_,264,B2AI_1_Paclitaxel_A2_R7_z01_yellow
,/Users/ashi/github/cm4ai_codefest2025/analysis/cell_crops/yellow/B2AI_1_Paclitaxel_A2_R7_z01_yellow_cell265.png,,,/Users/ashi/github/cm4ai_codefest2025/analysis/cell_crops,B2AI_1_Paclitaxel_A2_R7_z01_yellow_,265,B2AI_1_Paclitaxel_A2_R7_z01_yellow
,/Users/ashi/github/cm4ai_codefest2025/analysis/cell_crops/yellow/B2AI_1_Paclitaxel_A2_R7_z01_yellow_cell266.png,,,/Users/ashi/github/cm4ai_codefest2025/analysis/cell_crops,B2AI_1_Paclitaxel_A2_R7_z01_yellow_,266,B2AI_1_Paclitaxel_A2_R7_z01_yellow
,/Users/ashi/github/cm4ai_codefest2025/analysis/cell_crops/yellow/B2AI_1_Paclitaxel_A2_R7_z01_yellow_cell267.png,,,/Users/ashi/github/cm4ai_codefest2025/analysis/cell_crops,B2AI_1_Paclitaxel_A2_R7_z01_yellow_,267,B2AI_1_Paclitaxel_A2_R7_z01_yellow
,/Users/ashi/github/cm4ai_codefest2025/analysis/cell_crops/yellow/B2AI_1_Paclitaxel_A2_R7_z01_yellow_cell268.png,,,/Users/ashi/github/cm4ai_codefest2025/analysis/cell_crops,B2AI_1_Paclitaxel_A2_R7_z01_yellow_,268,B2AI_1_Paclitaxel_A2_R7_z01_yellow
,/Users/ashi/github/cm4ai_codefest2025/analysis/cell_crops/yellow/B2AI_1_Paclitaxel_A2_R7_z01_yellow_cell269.png,,,/Users/ashi/github/cm4ai_codefest2025/analysis/cell_crops,B2AI_1_Paclitaxel_A2_R7_z01_yellow_,269,B2AI_1_Paclitaxel_A2_R7_z01_yellow
,/Users/ashi/github/cm4ai_codefest2025/analysis/cell_crops/yellow/B2AI_1_Paclitaxel_A2_R7_z01_yellow_cell270.png,,,/Users/ashi/github/cm4ai_codefest2025/analysis/cell_crops,B2AI_1_Paclitaxel_A2_R7_z01_yellow_,270,B2AI_1_Paclitaxel_A2_R7_z01_yellow
,/Users/ashi/github/cm4ai_codefest2025/analysis/cell_crops/yellow/B2AI_1_Paclitaxel_A2_R7_z01_yellow_cell271.png,,,/Users/ashi/github/cm4ai_codefest2025/analysis/cell_crops,B2AI_1_Paclitaxel_A2_R7_z01_yellow_,271,B2AI_1_Paclitaxel_A2_R7_z01_yellow
,/Users/ashi/github/cm4ai_codefest2025/analysis/cell_crops/yellow/B2AI_1_Paclitaxel_A2_R7_z01_yellow_cell272.png,,,/Users/ashi/github/cm4ai_codefest2025/analysis/cell_crops,B2AI_1_Paclitaxel_A2_R7_z01_yellow_,272,B2AI_1_Paclitaxel_A2_R7_z01_yellow
,/Users/ashi/github/cm4ai_codefest2025/analysis/cell_crops/yellow/B2AI_1_Paclitaxel_A2_R7_z01_yellow_cell273.png,,,/Users/ashi/github/cm4ai_codefest2025/analysis/cell_crops,B2AI_1_Paclitaxel_A2_R7_z01_yellow_,273,B2AI_1_Paclitaxel_A2_R7_z01_yellow
,/Users/ashi/github/cm4ai_codefest2025/analysis/cell_crops/yellow/B2AI_1_Paclitaxel_A2_R7_z01_yellow_cell274.png,,,/Users/ashi/github/cm4ai_codefest2025/analysis/cell_crops,B2AI_1_Paclitaxel_A2_R7_z01_yellow_,274,B2AI_1_Paclitaxel_A2_R7_z01_yellow
,/Users/ashi/github/cm4ai_codefest2025/analysis/cell_crops/yellow/B2AI_1_Paclitaxel_A2_R7_z01_yellow_cell275.png,,,/Users/ashi/github/cm4ai_codefest2025/analysis/cell_crops,B2AI_1_Paclitaxel_A2_R7_z01_yellow_,275,B2AI_1_Paclitaxel_A2_R7_z01_yellow
,/Users/ashi/github/cm4ai_codefest2025/analysis/cell_crops/yellow/B2AI_1_Paclitaxel_A2_R7_z01_yellow_cell276.png,,,/Users/ashi/github/cm4ai_codefest2025/analysis/cell_crops,B2AI_1_Paclitaxel_A2_R7_z01_yellow_,276,B2AI_1_Paclitaxel_A2_R7_z01_yellow
,/Users/ashi/github/cm4ai_codefest2025/analysis/cell_crops/yellow/B2AI_1_Paclitaxel_A2_R7_z01_yellow_cell277.png,,,/Users/ashi/github/cm4ai_codefest2025/analysis/cell_crops,B2AI_1_Paclitaxel_A2_R7_z01_yellow_,277,B2AI_1_Paclitaxel_A2_R7_z01_yellow
,/Users/ashi/github/cm4ai_codefest2025/analysis/cell_crops/yellow/B2AI_1_Paclitaxel_A2_R7_z01_yellow_cell278.png,,,/Users/ashi/github/cm4ai_codefest2025/analysis/cell_crops,B2AI_1_Paclitaxel_A2_R7_z01_yellow_,278,B2AI_1_Paclitaxel_A2_R7_z01_yellow
,/Users/ashi/github/cm4ai_codefest2025/analysis/cell_crops/yellow/B2AI_1_Paclitaxel_A2_R7_z01_yellow_cell279.png,,,/Users/ashi/github/cm4ai_codefest2025/analysis/cell_crops,B2AI_1_Paclitaxel_A2_R7_z01_yellow_,279,B2AI_1_Paclitaxel_A2_R7_z01_yellow
,/Users/ashi/github/cm4ai_codefest2025/analysis/cell_crops/yellow/B2AI_1_Paclitaxel_A2_R7_z01_yellow_cell280.png,,,/Users/ashi/github/cm4ai_codefest2025/analysis/cell_crops,B2AI_1_Paclitaxel_A2_R7_z01_yellow_,280,B2AI_1_Paclitaxel_A2_R7_z01_yellow
,/Users/ashi/github/cm4ai_codefest2025/analysis/cell_crops/yellow/B2AI_1_Paclitaxel_A2_R7_z01_yellow_cell281.png,,,/Users/ashi/github/cm4ai_codefest2025/analysis/cell_crops,B2AI_1_Paclitaxel_A2_R7_z01_yellow_,281,B2AI_1_Paclitaxel_A2_R7_z01_yellow
,/Users/ashi/github/cm4ai_codefest2025/analysis/cell_crops/yellow/B2AI_1_Paclitaxel_A2_R7_z01_yellow_cell282.png,,,/Users/ashi/github/cm4ai_codefest2025/analysis/cell_crops,B2AI_1_Paclitaxel_A2_R7_z01_yellow_,282,B2AI_1_Paclitaxel_A2_R7_z01_yellow
,/Users/ashi/github/cm4ai_codefest2025/analysis/cell_crops/yellow/B2AI_1_Paclitaxel_A2_R7_z01_yellow_cell283.png,,,/Users/ashi/github/cm4ai_codefest2025/analysis/cell_crops,B2AI_1_Paclitaxel_A2_R7_z01_yellow_,283,B2AI_1_Paclitaxel_A2_R7_z01_yellow
,/Users/ashi/github/cm4ai_codefest2025/analysis/cell_crops/yellow/B2AI_1_Paclitaxel_A2_R7_z01_yellow_cell284.png,,,/Users/ashi/github/cm4ai_codefest2025/analysis/cell_crops,B2AI_1_Paclitaxel_A2_R7_z01_yellow_,284,B2AI_1_Paclitaxel_A2_R7_z01_yellow
,/Users/ashi/github/cm4ai_codefest2025/analysis/cell_crops/yellow/B2AI_1_Paclitaxel_A2_R7_z01_yellow_cell285.png,,,/Users/ashi/github/cm4ai_codefest2025/analysis/cell_crops,B2AI_1_Paclitaxel_A2_R7_z01_yellow_,285,B2AI_1_Paclitaxel_A2_R7_z01_yellow
,/Users/ashi/github/cm4ai_codefest2025/analysis/cell_crops/yellow/B2AI_1_Paclitaxel_A2_R7_z01_yellow_cell286.png,,,/Users/ashi/github/cm4ai_codefest2025/analysis/cell_crops,B2AI_1_Paclitaxel_A2_R7_z01_yellow_,286,B2AI_1_Paclitaxel_A2_R7_z01_yellow
,/Users/ashi/github/cm4ai_codefest2025/analysis/cell_crops/yellow/B2AI_1_Paclitaxel_A2_R7_z01_yellow_cell287.png,,,/Users/ashi/github/cm4ai_codefest2025/analysis/cell_crops,B2AI_1_Paclitaxel_A2_R7_z01_yellow_,287,B2AI_1_Paclitaxel_A2_R7_z01_yellow
,/Users/ashi/github/cm4ai_codefest2025/analysis/cell_crops/yellow/B2AI_1_Paclitaxel_A2_R7_z01_yellow_cell288.png,,,/Users/ashi/github/cm4ai_codefest2025/analysis/cell_crops,B2AI_1_Paclitaxel_A2_R7_z01_yellow_,288,B2AI_1_Paclitaxel_A2_R7_z01_yellow
,/Users/ashi/github/cm4ai_codefest2025/analysis/cell_crops/yellow/B2AI_1_Paclitaxel_A2_R7_z01_yellow_cell289.png,,,/Users/ashi/github/cm4ai_codefest2025/analysis/cell_crops,B2AI_1_Paclitaxel_A2_R7_z01_yellow_,289,B2AI_1_Paclitaxel_A2_R7_z01_yellow
,/Users/ashi/github/cm4ai_codefest2025/analysis/cell_crops/yellow/B2AI_1_Paclitaxel_A2_R7_z01_yellow_cell290.png,,,/Users/ashi/github/cm4ai_codefest2025/analysis/cell_crops,B2AI_1_Paclitaxel_A2_R7_z01_yellow_,290,B2AI_1_Paclitaxel_A2_R7_z01_yellow
,/Users/ashi/github/cm4ai_codefest2025/analysis/cell_crops/yellow/B2AI_1_Paclitaxel_A2_R7_z01_yellow_cell291.png,,,/Users/ashi/github/cm4ai_codefest2025/analysis/cell_crops,B2AI_1_Paclitaxel_A2_R7_z01_yellow_,291,B2AI_1_Paclitaxel_A2_R7_z01_yellow
,/Users/ashi/github/cm4ai_codefest2025/analysis/cell_crops/yellow/B2AI_1_Paclitaxel_A2_R7_z01_yellow_cell292.png,,,/Users/ashi/github/cm4ai_codefest2025/analysis/cell_crops,B2AI_1_Paclitaxel_A2_R7_z01_yellow_,292,B2AI_1_Paclitaxel_A2_R7_z01_yellow
,/Users/ashi/github/cm4ai_codefest2025/analysis/cell_crops/yellow/B2AI_1_Paclitaxel_A2_R7_z01_yellow_cell293.png,,,/Users/ashi/github/cm4ai_codefest2025/analysis/cell_crops,B2AI_1_Paclitaxel_A2_R7_z01_yellow_,293,B2AI_1_Paclitaxel_A2_R7_z01_yellow
,/Users/ashi/github/cm4ai_codefest2025/analysis/cell_crops/yellow/B2AI_1_Paclitaxel_A2_R7_z01_yellow_cell294.png,,,/Users/ashi/github/cm4ai_codefest2025/analysis/cell_crops,B2AI_1_Paclitaxel_A2_R7_z01_yellow_,294,B2AI_1_Paclitaxel_A2_R7_z01_yellow
,/Users/ashi/github/cm4ai_codefest2025/analysis/cell_crops/yellow/B2AI_1_Paclitaxel_A2_R7_z01_yellow_cell295.png,,,/Users/ashi/github/cm4ai_codefest2025/analysis/cell_crops,B2AI_1_Paclitaxel_A2_R7_z01_yellow_,295,B2AI_1_Paclitaxel_A2_R7_z01_yellow
,/Users/ashi/github/cm4ai_codefest2025/analysis/cell_crops/yellow/B2AI_1_Paclitaxel_A2_R7_z01_yellow_cell296.png,,,/Users/ashi/github/cm4ai_codefest2025/analysis/cell_crops,B2AI_1_Paclitaxel_A2_R7_z01_yellow_,296,B2AI_1_Paclitaxel_A2_R7_z01_yellow
,/Users/ashi/github/cm4ai_codefest2025/analysis/cell_crops/yellow/B2AI_1_Paclitaxel_A2_R7_z01_yellow_cell297.png,,,/Users/ashi/github/cm4ai_codefest2025/analysis/cell_crops,B2AI_1_Paclitaxel_A2_R7_z01_yellow_,297,B2AI_1_Paclitaxel_A2_R7_z01_yellow
,/Users/ashi/github/cm4ai_codefest2025/analysis/cell_crops/yellow/B2AI_1_Paclitaxel_A2_R7_z01_yellow_cell298.png,,,/Users/ashi/github/cm4ai_codefest2025/analysis/cell_crops,B2AI_1_Paclitaxel_A2_R7_z01_yellow_,298,B2AI_1_Paclitaxel_A2_R7_z01_yellow
,/Users/ashi/github/cm4ai_codefest2025/analysis/cell_crops/yellow/B2AI_1_Paclitaxel_A2_R7_z01_yellow_cell299.png,,,/Users/ashi/github/cm4ai_codefest2025/analysis/cell_crops,B2AI_1_Paclitaxel_A2_R7_z01_yellow_,299,B2AI_1_Paclitaxel_A2_R7_z01_yellow
,/Users/ashi/github/cm4ai_codefest2025/analysis/cell_crops/yellow/B2AI_1_Paclitaxel_A2_R7_z01_yellow_cell300.png,,,/Users/ashi/github/cm4ai_codefest2025/analysis/cell_crops,B2AI_1_Paclitaxel_A2_R7_z01_yellow_,300,B2AI_1_Paclitaxel_A2_R7_z01_yellow
,/Users/ashi/github/cm4ai_codefest2025/analysis/cell_crops/yellow/B2AI_1_Paclitaxel_A2_R7_z01_yellow_cell301.png,,,/Users/ashi/github/cm4ai_codefest2025/analysis/cell_crops,B2AI_1_Paclitaxel_A2_R7_z01_yellow_,301,B2AI_1_Paclitaxel_A2_R7_z01_yellow
,/Users/ashi/github/cm4ai_codefest2025/analysis/cell_crops/yellow/B2AI_1_Paclitaxel_A2_R7_z01_yellow_cell302.png,,,/Users/ashi/github/cm4ai_codefest2025/analysis/cell_crops,B2AI_1_Paclitaxel_A2_R7_z01_yellow_,302,B2AI_1_Paclitaxel_A2_R7_z01_yellow
,/Users/ashi/github/cm4ai_codefest2025/analysis/cell_crops/yellow/B2AI_1_Paclitaxel_A2_R7_z01_yellow_cell303.png,,,/Users/ashi/github/cm4ai_codefest2025/analysis/cell_crops,B2AI_1_Paclitaxel_A2_R7_z01_yellow_,303,B2AI_1_Paclitaxel_A2_R7_z01_yellow
,/Users/ashi/github/cm4ai_codefest2025/analysis/cell_crops/yellow/B2AI_1_Paclitaxel_A2_R7_z01_yellow_cell304.png,,,/Users/ashi/github/cm4ai_codefest2025/analysis/cell_crops,B2AI_1_Paclitaxel_A2_R7_z01_yellow_,304,B2AI_1_Paclitaxel_A2_R7_z01_yellow
,/Users/ashi/github/cm4ai_codefest2025/analysis/cell_crops/yellow/B2AI_1_Paclitaxel_A2_R7_z01_yellow_cell305.png,,,/Users/ashi/github/cm4ai_codefest2025/analysis/cell_crops,B2AI_1_Paclitaxel_A2_R7_z01_yellow_,305,B2AI_1_Paclitaxel_A2_R7_z01_yellow
,/Users/ashi/github/cm4ai_codefest2025/analysis/cell_crops/yellow/B2AI_1_Paclitaxel_A2_R7_z01_yellow_cell306.png,,,/Users/ashi/github/cm4ai_codefest2025/analysis/cell_crops,B2AI_1_Paclitaxel_A2_R7_z01_yellow_,306,B2AI_1_Paclitaxel_A2_R7_z01_yellow
,/Users/ashi/github/cm4ai_codefest2025/analysis/cell_crops/yellow/B2AI_1_Paclitaxel_A2_R7_z01_yellow_cell307.png,,,/Users/ashi/github/cm4ai_codefest2025/analysis/cell_crops,B2AI_1_Paclitaxel_A2_R7_z01_yellow_,307,B2AI_1_Paclitaxel_A2_R7_z01_yellow
,/Users/ashi/github/cm4ai_codefest2025/analysis/cell_crops/yellow/B2AI_1_Paclitaxel_A2_R7_z01_yellow_cell308.png,,,/Users/ashi/github/cm4ai_codefest2025/analysis/cell_crops,B2AI_1_Paclitaxel_A2_R7_z01_yellow_,308,B2AI_1_Paclitaxel_A2_R7_z01_yellow
,/Users/ashi/github/cm4ai_codefest2025/analysis/cell_crops/yellow/B2AI_1_Paclitaxel_A2_R7_z01_yellow_cell309.png,,,/Users/ashi/github/cm4ai_codefest2025/analysis/cell_crops,B2AI_1_Paclitaxel_A2_R7_z01_yellow_,309,B2AI_1_Paclitaxel_A2_R7_z01_yellow
,/Users/ashi/github/cm4ai_codefest2025/analysis/cell_crops/yellow/B2AI_1_Paclitaxel_A2_R7_z01_yellow_cell310.png,,,/Users/ashi/github/cm4ai_codefest2025/analysis/cell_crops,B2AI_1_Paclitaxel_A2_R7_z01_yellow_,310,B2AI_1_Paclitaxel_A2_R7_z01_yellow
,/Users/ashi/github/cm4ai_codefest2025/analysis/cell_crops/yellow/B2AI_1_Paclitaxel_A2_R7_z01_yellow_cell311.png,,,/Users/ashi/github/cm4ai_codefest2025/analysis/cell_crops,B2AI_1_Paclitaxel_A2_R7_z01_yellow_,311,B2AI_1_Paclitaxel_A2_R7_z01_yellow
,/Users/ashi/github/cm4ai_codefest2025/analysis/cell_crops/yellow/B2AI_1_Paclitaxel_A2_R7_z01_yellow_cell312.png,,,/Users/ashi/github/cm4ai_codefest2025/analysis/cell_crops,B2AI_1_Paclitaxel_A2_R7_z01_yellow_,312,B2AI_1_Paclitaxel_A2_R7_z01_yellow
,/Users/ashi/github/cm4ai_codefest2025/analysis/cell_crops/yellow/B2AI_1_Paclitaxel_A2_R7_z01_yellow_cell313.png,,,/Users/ashi/github/cm4ai_codefest2025/analysis/cell_crops,B2AI_1_Paclitaxel_A2_R7_z01_yellow_,313,B2AI_1_Paclitaxel_A2_R7_z01_yellow
,/Users/ashi/github/cm4ai_codefest2025/analysis/cell_crops/yellow/B2AI_1_Paclitaxel_A2_R7_z01_yellow_cell314.png,,,/Users/ashi/github/cm4ai_codefest2025/analysis/cell_crops,B2AI_1_Paclitaxel_A2_R7_z01_yellow_,314,B2AI_1_Paclitaxel_A2_R7_z01_yellow
,/Users/ashi/github/cm4ai_codefest2025/analysis/cell_crops/yellow/B2AI_1_Paclitaxel_A2_R7_z01_yellow_cell315.png,,,/Users/ashi/github/cm4ai_codefest2025/analysis/cell_crops,B2AI_1_Paclitaxel_A2_R7_z01_yellow_,315,B2AI_1_Paclitaxel_A2_R7_z01_yellow
,/Users/ashi/github/cm4ai_codefest2025/analysis/cell_crops/yellow/B2AI_1_Paclitaxel_A2_R7_z01_yellow_cell316.png,,,/Users/ashi/github/cm4ai_codefest2025/analysis/cell_crops,B2AI_1_Paclitaxel_A2_R7_z01_yellow_,316,B2AI_1_Paclitaxel_A2_R7_z01_yellow
,/Users/ashi/github/cm4ai_codefest2025/analysis/cell_crops/yellow/B2AI_1_Paclitaxel_A2_R7_z01_yellow_cell317.png,,,/Users/ashi/github/cm4ai_codefest2025/analysis/cell_crops,B2AI_1_Paclitaxel_A2_R7_z01_yellow_,317,B2AI_1_Paclitaxel_A2_R7_z01_yellow
,/Users/ashi/github/cm4ai_codefest2025/analysis/cell_crops/yellow/B2AI_1_Paclitaxel_A2_R7_z01_yellow_cell318.png,,,/Users/ashi/github/cm4ai_codefest2025/analysis/cell_crops,B2AI_1_Paclitaxel_A2_R7_z01_yellow_,318,B2AI_1_Paclitaxel_A2_R7_z01_yellow
,/Users/ashi/github/cm4ai_codefest2025/analysis/cell_crops/yellow/B2AI_1_Paclitaxel_A2_R7_z01_yellow_cell319.png,,,/Users/ashi/github/cm4ai_codefest2025/analysis/cell_crops,B2AI_1_Paclitaxel_A2_R7_z01_yellow_,319,B2AI_1_Paclitaxel_A2_R7_z01_yellow
,/Users/ashi/github/cm4ai_codefest2025/analysis/cell_crops/yellow/B2AI_1_Paclitaxel_A2_R7_z01_yellow_cell320.png,,,/Users/ashi/github/cm4ai_codefest2025/analysis/cell_crops,B2AI_1_Paclitaxel_A2_R7_z01_yellow_,320,B2AI_1_Paclitaxel_A2_R7_z01_yellow
,/Users/ashi/github/cm4ai_codefest2025/analysis/cell_crops/yellow/B2AI_1_Paclitaxel_A2_R7_z01_yellow_cell321.png,,,/Users/ashi/github/cm4ai_codefest2025/analysis/cell_crops,B2AI_1_Paclitaxel_A2_R7_z01_yellow_,321,B2AI_1_Paclitaxel_A2_R7_z01_yellow
,/Users/ashi/github/cm4ai_codefest2025/analysis/cell_crops/yellow/B2AI_1_Paclitaxel_A2_R7_z01_yellow_cell322.png,,,/Users/ashi/github/cm4ai_codefest2025/analysis/cell_crops,B2AI_1_Paclitaxel_A2_R7_z01_yellow_,322,B2AI_1_Paclitaxel_A2_R7_z01_yellow
,/Users/ashi/github/cm4ai_codefest2025/analysis/cell_crops/yellow/B2AI_1_Paclitaxel_A2_R7_z01_yellow_cell323.png,,,/Users/ashi/github/cm4ai_codefest2025/analysis/cell_crops,B2AI_1_Paclitaxel_A2_R7_z01_yellow_,323,B2AI_1_Paclitaxel_A2_R7_z01_yellow
,/Users/ashi/github/cm4ai_codefest2025/analysis/cell_crops/yellow/B2AI_1_Paclitaxel_A2_R7_z01_yellow_cell324.png,,,/Users/ashi/github/cm4ai_codefest2025/analysis/cell_crops,B2AI_1_Paclitaxel_A2_R7_z01_yellow_,324,B2AI_1_Paclitaxel_A2_R7_z01_yellow
,/Users/ashi/github/cm4ai_codefest2025/analysis/cell_crops/yellow/B2AI_1_Paclitaxel_A2_R7_z01_yellow_cell325.png,,,/Users/ashi/github/cm4ai_codefest2025/analysis/cell_crops,B2AI_1_Paclitaxel_A2_R7_z01_yellow_,325,B2AI_1_Paclitaxel_A2_R7_z01_yellow
,/Users/ashi/github/cm4ai_codefest2025/analysis/cell_crops/yellow/B2AI_1_Paclitaxel_A2_R7_z01_yellow_cell326.png,,,/Users/ashi/github/cm4ai_codefest2025/analysis/cell_crops,B2AI_1_Paclitaxel_A2_R7_z01_yellow_,326,B2AI_1_Paclitaxel_A2_R7_z01_yellow
,/Users/ashi/github/cm4ai_codefest2025/analysis/cell_crops/yellow/B2AI_1_Paclitaxel_A2_R7_z01_yellow_cell327.png,,,/Users/ashi/github/cm4ai_codefest2025/analysis/cell_crops,B2AI_1_Paclitaxel_A2_R7_z01_yellow_,327,B2AI_1_Paclitaxel_A2_R7_z01_yellow
,/Users/ashi/github/cm4ai_codefest2025/analysis/cell_crops/yellow/B2AI_1_Paclitaxel_A2_R7_z01_yellow_cell328.png,,,/Users/ashi/github/cm4ai_codefest2025/analysis/cell_crops,B2AI_1_Paclitaxel_A2_R7_z01_yellow_,328,B2AI_1_Paclitaxel_A2_R7_z01_yellow
,/Users/ashi/github/cm4ai_codefest2025/analysis/cell_crops/yellow/B2AI_1_Paclitaxel_A2_R7_z01_yellow_cell329.png,,,/Users/ashi/github/cm4ai_codefest2025/analysis/cell_crops,B2AI_1_Paclitaxel_A2_R7_z01_yellow_,329,B2AI_1_Paclitaxel_A2_R7_z01_yellow
,/Users/ashi/github/cm4ai_codefest2025/analysis/cell_crops/yellow/B2AI_1_Paclitaxel_A2_R7_z01_yellow_cell330.png,,,/Users/ashi/github/cm4ai_codefest2025/analysis/cell_crops,B2AI_1_Paclitaxel_A2_R7_z01_yellow_,330,B2AI_1_Paclitaxel_A2_R7_z01_yellow
,/Users/ashi/github/cm4ai_codefest2025/analysis/cell_crops/yellow/B2AI_1_Paclitaxel_A2_R7_z01_yellow_cell331.png,,,/Users/ashi/github/cm4ai_codefest2025/analysis/cell_crops,B2AI_1_Paclitaxel_A2_R7_z01_yellow_,331,B2AI_1_Paclitaxel_A2_R7_z01_yellow
,/Users/ashi/github/cm4ai_codefest2025/analysis/cell_crops/yellow/B2AI_1_Paclitaxel_A2_R7_z01_yellow_cell332.png,,,/Users/ashi/github/cm4ai_codefest2025/analysis/cell_crops,B2AI_1_Paclitaxel_A2_R7_z01_yellow_,332,B2AI_1_Paclitaxel_A2_R7_z01_yellow
,/Users/ashi/github/cm4ai_codefest2025/analysis/cell_crops/yellow/B2AI_1_Paclitaxel_A2_R7_z01_yellow_cell333.png,,,/Users/ashi/github/cm4ai_codefest2025/analysis/cell_crops,B2AI_1_Paclitaxel_A2_R7_z01_yellow_,333,B2AI_1_Paclitaxel_A2_R7_z01_yellow
,/Users/ashi/github/cm4ai_codefest2025/analysis/cell_crops/yellow/B2AI_1_Paclitaxel_A2_R7_z01_yellow_cell334.png,,,/Users/ashi/github/cm4ai_codefest2025/analysis/cell_crops,B2AI_1_Paclitaxel_A2_R7_z01_yellow_,334,B2AI_1_Paclitaxel_A2_R7_z01_yellow
,/Users/ashi/github/cm4ai_codefest2025/analysis/cell_crops/yellow/B2AI_1_Paclitaxel_A2_R7_z01_yellow_cell335.png,,,/Users/ashi/github/cm4ai_codefest2025/analysis/cell_crops,B2AI_1_Paclitaxel_A2_R7_z01_yellow_,335,B2AI_1_Paclitaxel_A2_R7_z01_yellow
,/Users/ashi/github/cm4ai_codefest2025/analysis/cell_crops/yellow/B2AI_1_Paclitaxel_A2_R7_z01_yellow_cell336.png,,,/Users/ashi/github/cm4ai_codefest2025/analysis/cell_crops,B2AI_1_Paclitaxel_A2_R7_z01_yellow_,336,B2AI_1_Paclitaxel_A2_R7_z01_yellow
,/Users/ashi/github/cm4ai_codefest2025/analysis/cell_crops/yellow/B2AI_1_Paclitaxel_A2_R7_z01_yellow_cell337.png,,,/Users/ashi/github/cm4ai_codefest2025/analysis/cell_crops,B2AI_1_Paclitaxel_A2_R7_z01_yellow_,337,B2AI_1_Paclitaxel_A2_R7_z01_yellow
,/Users/ashi/github/cm4ai_codefest2025/analysis/cell_crops/yellow/B2AI_1_Paclitaxel_A2_R7_z01_yellow_cell338.png,,,/Users/ashi/github/cm4ai_codefest2025/analysis/cell_crops,B2AI_1_Paclitaxel_A2_R7_z01_yellow_,338,B2AI_1_Paclitaxel_A2_R7_z01_yellow
,/Users/ashi/github/cm4ai_codefest2025/analysis/cell_crops/yellow/B2AI_1_Paclitaxel_A2_R7_z01_yellow_cell339.png,,,/Users/ashi/github/cm4ai_codefest2025/analysis/cell_crops,B2AI_1_Paclitaxel_A2_R7_z01_yellow_,339,B2AI_1_Paclitaxel_A2_R7_z01_yellow
,/Users/ashi/github/cm4ai_codefest2025/analysis/cell_crops/yellow/B2AI_1_Paclitaxel_A2_R7_z01_yellow_cell340.png,,,/Users/ashi/github/cm4ai_codefest2025/analysis/cell_crops,B2AI_1_Paclitaxel_A2_R7_z01_yellow_,340,B2AI_1_Paclitaxel_A2_R7_z01_yellow
,/Users/ashi/github/cm4ai_codefest2025/analysis/cell_crops/yellow/B2AI_1_Paclitaxel_A2_R7_z01_yellow_cell341.png,,,/Users/ashi/github/cm4ai_codefest2025/analysis/cell_crops,B2AI_1_Paclitaxel_A2_R7_z01_yellow_,341,B2AI_1_Paclitaxel_A2_R7_z01_yellow
,/Users/ashi/github/cm4ai_codefest2025/analysis/cell_crops/yellow/B2AI_1_Paclitaxel_A2_R7_z01_yellow_cell342.png,,,/Users/ashi/github/cm4ai_codefest2025/analysis/cell_crops,B2AI_1_Paclitaxel_A2_R7_z01_yellow_,342,B2AI_1_Paclitaxel_A2_R7_z01_yellow
,/Users/ashi/github/cm4ai_codefest2025/analysis/cell_crops/yellow/B2AI_1_Paclitaxel_A2_R7_z01_yellow_cell343.png,,,/Users/ashi/github/cm4ai_codefest2025/analysis/cell_crops,B2AI_1_Paclitaxel_A2_R7_z01_yellow_,343,B2AI_1_Paclitaxel_A2_R7_z01_yellow
,/Users/ashi/github/cm4ai_codefest2025/analysis/cell_crops/yellow/B2AI_1_Paclitaxel_A2_R7_z01_yellow_cell344.png,,,/Users/ashi/github/cm4ai_codefest2025/analysis/cell_crops,B2AI_1_Paclitaxel_A2_R7_z01_yellow_,344,B2AI_1_Paclitaxel_A2_R7_z01_yellow
,/Users/ashi/github/cm4ai_codefest2025/analysis/cell_crops/yellow/B2AI_1_Paclitaxel_A2_R7_z01_yellow_cell345.png,,,/Users/ashi/github/cm4ai_codefest2025/analysis/cell_crops,B2AI_1_Paclitaxel_A2_R7_z01_yellow_,345,B2AI_1_Paclitaxel_A2_R7_z01_yellow
,/Users/ashi/github/cm4ai_codefest2025/analysis/cell_crops/yellow/B2AI_1_Paclitaxel_A2_R7_z01_yellow_cell346.png,,,/Users/ashi/github/cm4ai_codefest2025/analysis/cell_crops,B2AI_1_Paclitaxel_A2_R7_z01_yellow_,346,B2AI_1_Paclitaxel_A2_R7_z01_yellow
,/Users/ashi/github/cm4ai_codefest2025/analysis/cell_crops/yellow/B2AI_1_Paclitaxel_A2_R7_z01_yellow_cell347.png,,,/Users/ashi/github/cm4ai_codefest2025/analysis/cell_crops,B2AI_1_Paclitaxel_A2_R7_z01_yellow_,347,B2AI_1_Paclitaxel_A2_R7_z01_yellow
,/Users/ashi/github/cm4ai_codefest2025/analysis/cell_crops/yellow/B2AI_1_Paclitaxel_A2_R7_z01_yellow_cell348.png,,,/Users/ashi/github/cm4ai_codefest2025/analysis/cell_crops,B2AI_1_Paclitaxel_A2_R7_z01_yellow_,348,B2AI_1_Paclitaxel_A2_R7_z01_yellow
,/Users/ashi/github/cm4ai_codefest2025/analysis/cell_crops/yellow/B2AI_1_Paclitaxel_A2_R7_z01_yellow_cell349.png,,,/Users/ashi/github/cm4ai_codefest2025/analysis/cell_crops,B2AI_1_Paclitaxel_A2_R7_z01_yellow_,349,B2AI_1_Paclitaxel_A2_R7_z01_yellow
,/Users/ashi/github/cm4ai_codefest2025/analysis/cell_crops/yellow/B2AI_1_Paclitaxel_A2_R7_z01_yellow_cell350.png,,,/Users/ashi/github/cm4ai_codefest2025/analysis/cell_crops,B2AI_1_Paclitaxel_A2_R7_z01_yellow_,350,B2AI_1_Paclitaxel_A2_R7_z01_yellow
,/Users/ashi/github/cm4ai_codefest2025/analysis/cell_crops/yellow/B2AI_1_Paclitaxel_A2_R7_z01_yellow_cell351.png,,,/Users/ashi/github/cm4ai_codefest2025/analysis/cell_crops,B2AI_1_Paclitaxel_A2_R7_z01_yellow_,351,B2AI_1_Paclitaxel_A2_R7_z01_yellow
,/Users/ashi/github/cm4ai_codefest2025/analysis/cell_crops/yellow/B2AI_1_Paclitaxel_A2_R7_z01_yellow_cell352.png,,,/Users/ashi/github/cm4ai_codefest2025/analysis/cell_crops,B2AI_1_Paclitaxel_A2_R7_z01_yellow_,352,B2AI_1_Paclitaxel_A2_R7_z01_yellow
,/Users/ashi/github/cm4ai_codefest2025/analysis/cell_crops/yellow/B2AI_1_Paclitaxel_A2_R7_z01_yellow_cell353.png,,,/Users/ashi/github/cm4ai_codefest2025/analysis/cell_crops,B2AI_1_Paclitaxel_A2_R7_z01_yellow_,353,B2AI_1_Paclitaxel_A2_R7_z01_yellow
,/Users/ashi/github/cm4ai_codefest2025/analysis/cell_crops/yellow/B2AI_1_Paclitaxel_A2_R7_z01_yellow_cell354.png,,,/Users/ashi/github/cm4ai_codefest2025/analysis/cell_crops,B2AI_1_Paclitaxel_A2_R7_z01_yellow_,354,B2AI_1_Paclitaxel_A2_R7_z01_yellow
,/Users/ashi/github/cm4ai_codefest2025/analysis/cell_crops/yellow/B2AI_1_Paclitaxel_A2_R7_z01_yellow_cell355.png,,,/Users/ashi/github/cm4ai_codefest2025/analysis/cell_crops,B2AI_1_Paclitaxel_A2_R7_z01_yellow_,355,B2AI_1_Paclitaxel_A2_R7_z01_yellow
,/Users/ashi/github/cm4ai_codefest2025/analysis/cell_crops/yellow/B2AI_1_Paclitaxel_A2_R7_z01_yellow_cell356.png,,,/Users/ashi/github/cm4ai_codefest2025/analysis/cell_crops,B2AI_1_Paclitaxel_A2_R7_z01_yellow_,356,B2AI_1_Paclitaxel_A2_R7_z01_yellow
,/Users/ashi/github/cm4ai_codefest2025/analysis/cell_crops/yellow/B2AI_1_Paclitaxel_A2_R7_z01_yellow_cell357.png,,,/Users/ashi/github/cm4ai_codefest2025/analysis/cell_crops,B2AI_1_Paclitaxel_A2_R7_z01_yellow_,357,B2AI_1_Paclitaxel_A2_R7_z01_yellow
,/Users/ashi/github/cm4ai_codefest2025/analysis/cell_crops/yellow/B2AI_1_Paclitaxel_A2_R7_z01_yellow_cell358.png,,,/Users/ashi/github/cm4ai_codefest2025/analysis/cell_crops,B2AI_1_Paclitaxel_A2_R7_z01_yellow_,358,B2AI_1_Paclitaxel_A2_R7_z01_yellow
,/Users/ashi/github/cm4ai_codefest2025/analysis/cell_crops/yellow/B2AI_1_Paclitaxel_A2_R7_z01_yellow_cell359.png,,,/Users/ashi/github/cm4ai_codefest2025/analysis/cell_crops,B2AI_1_Paclitaxel_A2_R7_z01_yellow_,359,B2AI_1_Paclitaxel_A2_R7_z01_yellow
,/Users/ashi/github/cm4ai_codefest2025/analysis/cell_crops/yellow/B2AI_1_Paclitaxel_A2_R7_z01_yellow_cell360.png,,,/Users/ashi/github/cm4ai_codefest2025/analysis/cell_crops,B2AI_1_Paclitaxel_A2_R7_z01_yellow_,360,B2AI_1_Paclitaxel_A2_R7_z01_yellow
,/Users/ashi/github/cm4ai_codefest2025/analysis/cell_crops/yellow/B2AI_1_Paclitaxel_A2_R7_z01_yellow_cell361.png,,,/Users/ashi/github/cm4ai_codefest2025/analysis/cell_crops,B2AI_1_Paclitaxel_A2_R7_z01_yellow_,361,B2AI_1_Paclitaxel_A2_R7_z01_yellow
,/Users/ashi/github/cm4ai_codefest2025/analysis/cell_crops/yellow/B2AI_1_Paclitaxel_A2_R7_z01_yellow_cell362.png,,,/Users/ashi/github/cm4ai_codefest2025/analysis/cell_crops,B2AI_1_Paclitaxel_A2_R7_z01_yellow_,362,B2AI_1_Paclitaxel_A2_R7_z01_yellow
,/Users/ashi/github/cm4ai_codefest2025/analysis/cell_crops/yellow/B2AI_1_Paclitaxel_A2_R7_z01_yellow_cell363.png,,,/Users/ashi/github/cm4ai_codefest2025/analysis/cell_crops,B2AI_1_Paclitaxel_A2_R7_z01_yellow_,363,B2AI_1_Paclitaxel_A2_R7_z01_yellow
,/Users/ashi/github/cm4ai_codefest2025/analysis/cell_crops/yellow/B2AI_1_Paclitaxel_A2_R7_z01_yellow_cell364.png,,,/Users/ashi/github/cm4ai_codefest2025/analysis/cell_crops,B2AI_1_Paclitaxel_A2_R7_z01_yellow_,364,B2AI_1_Paclitaxel_A2_R7_z01_yellow
,/Users/ashi/github/cm4ai_codefest2025/analysis/cell_crops/yellow/B2AI_1_Paclitaxel_A2_R7_z01_yellow_cell365.png,,,/Users/ashi/github/cm4ai_codefest2025/analysis/cell_crops,B2AI_1_Paclitaxel_A2_R7_z01_yellow_,365,B2AI_1_Paclitaxel_A2_R7_z01_yellow
,/Users/ashi/github/cm4ai_codefest2025/analysis/cell_crops/yellow/B2AI_1_Paclitaxel_A2_R7_z01_yellow_cell366.png,,,/Users/ashi/github/cm4ai_codefest2025/analysis/cell_crops,B2AI_1_Paclitaxel_A2_R7_z01_yellow_,366,B2AI_1_Paclitaxel_A2_R7_z01_yellow
,/Users/ashi/github/cm4ai_codefest2025/analysis/cell_crops/yellow/B2AI_1_Paclitaxel_A2_R7_z01_yellow_cell367.png,,,/Users/ashi/github/cm4ai_codefest2025/analysis/cell_crops,B2AI_1_Paclitaxel_A2_R7_z01_yellow_,367,B2AI_1_Paclitaxel_A2_R7_z01_yellow
,/Users/ashi/github/cm4ai_codefest2025/analysis/cell_crops/yellow/B2AI_1_Paclitaxel_A2_R7_z01_yellow_cell368.png,,,/Users/ashi/github/cm4ai_codefest2025/analysis/cell_crops,B2AI_1_Paclitaxel_A2_R7_z01_yellow_,368,B2AI_1_Paclitaxel_A2_R7_z01_yellow
,/Users/ashi/github/cm4ai_codefest2025/analysis/cell_crops/yellow/B2AI_1_Paclitaxel_A2_R7_z01_yellow_cell369.png,,,/Users/ashi/github/cm4ai_codefest2025/analysis/cell_crops,B2AI_1_Paclitaxel_A2_R7_z01_yellow_,369,B2AI_1_Paclitaxel_A2_R7_z01_yellow
,/Users/ashi/github/cm4ai_codefest2025/analysis/cell_crops/yellow/B2AI_1_Paclitaxel_A2_R7_z01_yellow_cell370.png,,,/Users/ashi/github/cm4ai_codefest2025/analysis/cell_crops,B2AI_1_Paclitaxel_A2_R7_z01_yellow_,370,B2AI_1_Paclitaxel_A2_R7_z01_yellow
,/Users/ashi/github/cm4ai_codefest2025/analysis/cell_crops/yellow/B2AI_1_Paclitaxel_A2_R7_z01_yellow_cell371.png,,,/Users/ashi/github/cm4ai_codefest2025/analysis/cell_crops,B2AI_1_Paclitaxel_A2_R7_z01_yellow_,371,B2AI_1_Paclitaxel_A2_R7_z01_yellow
,/Users/ashi/github/cm4ai_codefest2025/analysis/cell_crops/yellow/B2AI_1_Paclitaxel_A2_R7_z01_yellow_cell372.png,,,/Users/ashi/github/cm4ai_codefest2025/analysis/cell_crops,B2AI_1_Paclitaxel_A2_R7_z01_yellow_,372,B2AI_1_Paclitaxel_A2_R7_z01_yellow
,/Users/ashi/github/cm4ai_codefest2025/analysis/cell_crops/yellow/B2AI_1_Paclitaxel_A2_R7_z01_yellow_cell373.png,,,/Users/ashi/github/cm4ai_codefest2025/analysis/cell_crops,B2AI_1_Paclitaxel_A2_R7_z01_yellow_,373,B2AI_1_Paclitaxel_A2_R7_z01_yellow
,/Users/ashi/github/cm4ai_codefest2025/analysis/cell_crops/yellow/B2AI_1_Paclitaxel_A2_R7_z01_yellow_cell374.png,,,/Users/ashi/github/cm4ai_codefest2025/analysis/cell_crops,B2AI_1_Paclitaxel_A2_R7_z01_yellow_,374,B2AI_1_Paclitaxel_A2_R7_z01_yellow
,/Users/ashi/github/cm4ai_codefest2025/analysis/cell_crops/yellow/B2AI_1_Paclitaxel_A2_R7_z01_yellow_cell375.png,,,/Users/ashi/github/cm4ai_codefest2025/analysis/cell_crops,B2AI_1_Paclitaxel_A2_R7_z01_yellow_,375,B2AI_1_Paclitaxel_A2_R7_z01_yellow
,/Users/ashi/github/cm4ai_codefest2025/analysis/cell_crops/yellow/B2AI_1_Paclitaxel_A2_R7_z01_yellow_cell376.png,,,/Users/ashi/github/cm4ai_codefest2025/analysis/cell_crops,B2AI_1_Paclitaxel_A2_R7_z01_yellow_,376,B2AI_1_Paclitaxel_A2_R7_z01_yellow
,/Users/ashi/github/cm4ai_codefest2025/analysis/cell_crops/yellow/B2AI_1_Paclitaxel_A2_R7_z01_yellow_cell377.png,,,/Users/ashi/github/cm4ai_codefest2025/analysis/cell_crops,B2AI_1_Paclitaxel_A2_R7_z01_yellow_,377,B2AI_1_Paclitaxel_A2_R7_z01_yellow
,/Users/ashi/github/cm4ai_codefest2025/analysis/cell_crops/yellow/B2AI_1_Paclitaxel_A2_R7_z01_yellow_cell378.png,,,/Users/ashi/github/cm4ai_codefest2025/analysis/cell_crops,B2AI_1_Paclitaxel_A2_R7_z01_yellow_,378,B2AI_1_Paclitaxel_A2_R7_z01_yellow
,/Users/ashi/github/cm4ai_codefest2025/analysis/cell_crops/yellow/B2AI_1_Paclitaxel_A2_R7_z01_yellow_cell379.png,,,/Users/ashi/github/cm4ai_codefest2025/analysis/cell_crops,B2AI_1_Paclitaxel_A2_R7_z01_yellow_,379,B2AI_1_Paclitaxel_A2_R7_z01_yellow
,/Users/ashi/github/cm4ai_codefest2025/analysis/cell_crops/yellow/B2AI_1_Paclitaxel_A2_R7_z01_yellow_cell380.png,,,/Users/ashi/github/cm4ai_codefest2025/analysis/cell_crops,B2AI_1_Paclitaxel_A2_R7_z01_yellow_,380,B2AI_1_Paclitaxel_A2_R7_z01_yellow
,/Users/ashi/github/cm4ai_codefest2025/analysis/cell_crops/yellow/B2AI_1_Paclitaxel_A2_R7_z01_yellow_cell381.png,,,/Users/ashi/github/cm4ai_codefest2025/analysis/cell_crops,B2AI_1_Paclitaxel_A2_R7_z01_yellow_,381,B2AI_1_Paclitaxel_A2_R7_z01_yellow
,/Users/ashi/github/cm4ai_codefest2025/analysis/cell_crops/yellow/B2AI_1_Paclitaxel_A2_R7_z01_yellow_cell382.png,,,/Users/ashi/github/cm4ai_codefest2025/analysis/cell_crops,B2AI_1_Paclitaxel_A2_R7_z01_yellow_,382,B2AI_1_Paclitaxel_A2_R7_z01_yellow
,/Users/ashi/github/cm4ai_codefest2025/analysis/cell_crops/yellow/B2AI_1_Paclitaxel_A2_R7_z01_yellow_cell383.png,,,/Users/ashi/github/cm4ai_codefest2025/analysis/cell_crops,B2AI_1_Paclitaxel_A2_R7_z01_yellow_,383,B2AI_1_Paclitaxel_A2_R7_z01_yellow
,/Users/ashi/github/cm4ai_codefest2025/analysis/cell_crops/yellow/B2AI_1_Paclitaxel_A2_R7_z01_yellow_cell384.png,,,/Users/ashi/github/cm4ai_codefest2025/analysis/cell_crops,B2AI_1_Paclitaxel_A2_R7_z01_yellow_,384,B2AI_1_Paclitaxel_A2_R7_z01_yellow
,/Users/ashi/github/cm4ai_codefest2025/analysis/cell_crops/yellow/B2AI_1_Paclitaxel_A2_R7_z01_yellow_cell385.png,,,/Users/ashi/github/cm4ai_codefest2025/analysis/cell_crops,B2AI_1_Paclitaxel_A2_R7_z01_yellow_,385,B2AI_1_Paclitaxel_A2_R7_z01_yellow
,/Users/ashi/github/cm4ai_codefest2025/analysis/cell_crops/yellow/B2AI_1_Paclitaxel_A2_R7_z01_yellow_cell386.png,,,/Users/ashi/github/cm4ai_codefest2025/analysis/cell_crops,B2AI_1_Paclitaxel_A2_R7_z01_yellow_,386,B2AI_1_Paclitaxel_A2_R7_z01_yellow
,/Users/ashi/github/cm4ai_codefest2025/analysis/cell_crops/yellow/B2AI_1_Paclitaxel_A2_R7_z01_yellow_cell387.png,,,/Users/ashi/github/cm4ai_codefest2025/analysis/cell_crops,B2AI_1_Paclitaxel_A2_R7_z01_yellow_,387,B2AI_1_Paclitaxel_A2_R7_z01_yellow
,/Users/ashi/github/cm4ai_codefest2025/analysis/cell_crops/yellow/B2AI_1_Paclitaxel_A2_R7_z01_yellow_cell388.png,,,/Users/ashi/github/cm4ai_codefest2025/analysis/cell_crops,B2AI_1_Paclitaxel_A2_R7_z01_yellow_,388,B2AI_1_Paclitaxel_A2_R7_z01_yellow
,/Users/ashi/github/cm4ai_codefest2025/analysis/cell_crops/yellow/B2AI_1_Paclitaxel_A2_R7_z01_yellow_cell389.png,,,/Users/ashi/github/cm4ai_codefest2025/analysis/cell_crops,B2AI_1_Paclitaxel_A2_R7_z01_yellow_,389,B2AI_1_Paclitaxel_A2_R7_z01_yellow
,/Users/ashi/github/cm4ai_codefest2025/analysis/cell_crops/yellow/B2AI_1_Paclitaxel_A2_R7_z01_yellow_cell390.png,,,/Users/ashi/github/cm4ai_codefest2025/analysis/cell_crops,B2AI_1_Paclitaxel_A2_R7_z01_yellow_,390,B2AI_1_Paclitaxel_A2_R7_z01_yellow
,/Users/ashi/github/cm4ai_codefest2025/analysis/cell_crops/yellow/B2AI_1_Paclitaxel_A2_R7_z01_yellow_cell391.png,,,/Users/ashi/github/cm4ai_codefest2025/analysis/cell_crops,B2AI_1_Paclitaxel_A2_R7_z01_yellow_,391,B2AI_1_Paclitaxel_A2_R7_z01_yellow
,/Users/ashi/github/cm4ai_codefest2025/analysis/cell_crops/yellow/B2AI_1_Paclitaxel_A2_R7_z01_yellow_cell392.png,,,/Users/ashi/github/cm4ai_codefest2025/analysis/cell_crops,B2AI_1_Paclitaxel_A2_R7_z01_yellow_,392,B2AI_1_Paclitaxel_A2_R7_z01_yellow
,/Users/ashi/github/cm4ai_codefest2025/analysis/cell_crops/yellow/B2AI_1_Paclitaxel_A2_R7_z01_yellow_cell393.png,,,/Users/ashi/github/cm4ai_codefest2025/analysis/cell_crops,B2AI_1_Paclitaxel_A2_R7_z01_yellow_,393,B2AI_1_Paclitaxel_A2_R7_z01_yellow
,/Users/ashi/github/cm4ai_codefest2025/analysis/cell_crops/yellow/B2AI_1_Paclitaxel_A2_R7_z01_yellow_cell394.png,,,/Users/ashi/github/cm4ai_codefest2025/analysis/cell_crops,B2AI_1_Paclitaxel_A2_R7_z01_yellow_,394,B2AI_1_Paclitaxel_A2_R7_z01_yellow
,/Users/ashi/github/cm4ai_codefest2025/analysis/cell_crops/yellow/B2AI_1_Paclitaxel_A2_R7_z01_yellow_cell395.png,,,/Users/ashi/github/cm4ai_codefest2025/analysis/cell_crops,B2AI_1_Paclitaxel_A2_R7_z01_yellow_,395,B2AI_1_Paclitaxel_A2_R7_z01_yellow
,/Users/ashi/github/cm4ai_codefest2025/analysis/cell_crops/yellow/B2AI_1_Paclitaxel_A2_R7_z01_yellow_cell396.png,,,/Users/ashi/github/cm4ai_codefest2025/analysis/cell_crops,B2AI_1_Paclitaxel_A2_R7_z01_yellow_,396,B2AI_1_Paclitaxel_A2_R7_z01_yellow
,/Users/ashi/github/cm4ai_codefest2025/analysis/cell_crops/yellow/B2AI_1_Paclitaxel_A2_R7_z01_yellow_cell397.png,,,/Users/ashi/github/cm4ai_codefest2025/analysis/cell_crops,B2AI_1_Paclitaxel_A2_R7_z01_yellow_,397,B2AI_1_Paclitaxel_A2_R7_z01_yellow
,/Users/ashi/github/cm4ai_codefest2025/analysis/cell_crops/yellow/B2AI_1_Paclitaxel_A2_R7_z01_yellow_cell398.png,,,/Users/ashi/github/cm4ai_codefest2025/analysis/cell_crops,B2AI_1_Paclitaxel_A2_R7_z01_yellow_,398,B2AI_1_Paclitaxel_A2_R7_z01_yellow
,/Users/ashi/github/cm4ai_codefest2025/analysis/cell_crops/yellow/B2AI_1_Paclitaxel_A2_R7_z01_yellow_cell399.png,,,/Users/ashi/github/cm4ai_codefest2025/analysis/cell_crops,B2AI_1_Paclitaxel_A2_R7_z01_yellow_,399,B2AI_1_Paclitaxel_A2_R7_z01_yellow
,/Users/ashi/github/cm4ai_codefest2025/analysis/cell_crops/yellow/B2AI_1_Paclitaxel_A2_R7_z01_yellow_cell400.png,,,/Users/ashi/github/cm4ai_codefest2025/analysis/cell_crops,B2AI_1_Paclitaxel_A2_R7_z01_yellow_,400,B2AI_1_Paclitaxel_A2_R7_z01_yellow
,/Users/ashi/github/cm4ai_codefest2025/analysis/cell_crops/yellow/B2AI_1_Paclitaxel_A2_R7_z01_yellow_cell401.png,,,/Users/ashi/github/cm4ai_codefest2025/analysis/cell_crops,B2AI_1_Paclitaxel_A2_R7_z01_yellow_,401,B2AI_1_Paclitaxel_A2_R7_z01_yellow
,/Users/ashi/github/cm4ai_codefest2025/analysis/cell_crops/yellow/B2AI_1_Paclitaxel_A2_R7_z01_yellow_cell402.png,,,/Users/ashi/github/cm4ai_codefest2025/analysis/cell_crops,B2AI_1_Paclitaxel_A2_R7_z01_yellow_,402,B2AI_1_Paclitaxel_A2_R7_z01_yellow
,/Users/ashi/github/cm4ai_codefest2025/analysis/cell_crops/yellow/B2AI_1_Paclitaxel_A2_R7_z01_yellow_cell403.png,,,/Users/ashi/github/cm4ai_codefest2025/analysis/cell_crops,B2AI_1_Paclitaxel_A2_R7_z01_yellow_,403,B2AI_1_Paclitaxel_A2_R7_z01_yellow
,/Users/ashi/github/cm4ai_codefest2025/analysis/cell_crops/yellow/B2AI_1_Paclitaxel_A2_R7_z01_yellow_cell404.png,,,/Users/ashi/github/cm4ai_codefest2025/analysis/cell_crops,B2AI_1_Paclitaxel_A2_R7_z01_yellow_,404,B2AI_1_Paclitaxel_A2_R7_z01_yellow
,/Users/ashi/github/cm4ai_codefest2025/analysis/cell_crops/yellow/B2AI_1_Paclitaxel_A2_R7_z01_yellow_cell405.png,,,/Users/ashi/github/cm4ai_codefest2025/analysis/cell_crops,B2AI_1_Paclitaxel_A2_R7_z01_yellow_,405,B2AI_1_Paclitaxel_A2_R7_z01_yellow
,/Users/ashi/github/cm4ai_codefest2025/analysis/cell_crops/yellow/B2AI_1_Paclitaxel_A2_R7_z01_yellow_cell406.png,,,/Users/ashi/github/cm4ai_codefest2025/analysis/cell_crops,B2AI_1_Paclitaxel_A2_R7_z01_yellow_,406,B2AI_1_Paclitaxel_A2_R7_z01_yellow
,/Users/ashi/github/cm4ai_codefest2025/analysis/cell_crops/yellow/B2AI_1_Paclitaxel_A2_R7_z01_yellow_cell407.png,,,/Users/ashi/github/cm4ai_codefest2025/analysis/cell_crops,B2AI_1_Paclitaxel_A2_R7_z01_yellow_,407,B2AI_1_Paclitaxel_A2_R7_z01_yellow
,/Users/ashi/github/cm4ai_codefest2025/analysis/cell_crops/yellow/B2AI_1_Paclitaxel_A2_R7_z01_yellow_cell408.png,,,/Users/ashi/github/cm4ai_codefest2025/analysis/cell_crops,B2AI_1_Paclitaxel_A2_R7_z01_yellow_,408,B2AI_1_Paclitaxel_A2_R7_z01_yellow
,/Users/ashi/github/cm4ai_codefest2025/analysis/cell_crops/yellow/B2AI_1_Paclitaxel_A2_R7_z01_yellow_cell409.png,,,/Users/ashi/github/cm4ai_codefest2025/analysis/cell_crops,B2AI_1_Paclitaxel_A2_R7_z01_yellow_,409,B2AI_1_Paclitaxel_A2_R7_z01_yellow
,/Users/ashi/github/cm4ai_codefest2025/analysis/cell_crops/yellow/B2AI_1_Paclitaxel_A2_R7_z01_yellow_cell410.png,,,/Users/ashi/github/cm4ai_codefest2025/analysis/cell_crops,B2AI_1_Paclitaxel_A2_R7_z01_yellow_,410,B2AI_1_Paclitaxel_A2_R7_z01_yellow
,/Users/ashi/github/cm4ai_codefest2025/analysis/cell_crops/yellow/B2AI_1_Paclitaxel_A2_R7_z01_yellow_cell411.png,,,/Users/ashi/github/cm4ai_codefest2025/analysis/cell_crops,B2AI_1_Paclitaxel_A2_R7_z01_yellow_,411,B2AI_1_Paclitaxel_A2_R7_z01_yellow
,/Users/ashi/github/cm4ai_codefest2025/analysis/cell_crops/yellow/B2AI_1_Paclitaxel_A2_R7_z01_yellow_cell412.png,,,/Users/ashi/github/cm4ai_codefest2025/analysis/cell_crops,B2AI_1_Paclitaxel_A2_R7_z01_yellow_,412,B2AI_1_Paclitaxel_A2_R7_z01_yellow
,/Users/ashi/github/cm4ai_codefest2025/analysis/cell_crops/yellow/B2AI_1_Paclitaxel_A2_R7_z01_yellow_cell413.png,,,/Users/ashi/github/cm4ai_codefest2025/analysis/cell_crops,B2AI_1_Paclitaxel_A2_R7_z01_yellow_,413,B2AI_1_Paclitaxel_A2_R7_z01_yellow
,/Users/ashi/github/cm4ai_codefest2025/analysis/cell_crops/yellow/B2AI_1_Paclitaxel_A2_R7_z01_yellow_cell414.png,,,/Users/ashi/github/cm4ai_codefest2025/analysis/cell_crops,B2AI_1_Paclitaxel_A2_R7_z01_yellow_,414,B2AI_1_Paclitaxel_A2_R7_z01_yellow
,/Users/ashi/github/cm4ai_codefest2025/analysis/cell_crops/yellow/B2AI_1_Paclitaxel_A2_R7_z01_yellow_cell415.png,,,/Users/ashi/github/cm4ai_codefest2025/analysis/cell_crops,B2AI_1_Paclitaxel_A2_R7_z01_yellow_,415,B2AI_1_Paclitaxel_A2_R7_z01_yellow
,/Users/ashi/github/cm4ai_codefest2025/analysis/cell_crops/yellow/B2AI_1_Paclitaxel_A2_R7_z01_yellow_cell416.png,,,/Users/ashi/github/cm4ai_codefest2025/analysis/cell_crops,B2AI_1_Paclitaxel_A2_R7_z01_yellow_,416,B2AI_1_Paclitaxel_A2_R7_z01_yellow
,/Users/ashi/github/cm4ai_codefest2025/analysis/cell_crops/yellow/B2AI_1_Paclitaxel_A2_R7_z01_yellow_cell417.png,,,/Users/ashi/github/cm4ai_codefest2025/analysis/cell_crops,B2AI_1_Paclitaxel_A2_R7_z01_yellow_,417,B2AI_1_Paclitaxel_A2_R7_z01_yellow
,/Users/ashi/github/cm4ai_codefest2025/analysis/cell_crops/yellow/B2AI_1_Paclitaxel_A2_R7_z01_yellow_cell418.png,,,/Users/ashi/github/cm4ai_codefest2025/analysis/cell_crops,B2AI_1_Paclitaxel_A2_R7_z01_yellow_,418,B2AI_1_Paclitaxel_A2_R7_z01_yellow
,/Users/ashi/github/cm4ai_codefest2025/analysis/cell_crops/yellow/B2AI_1_Paclitaxel_A2_R7_z01_yellow_cell419.png,,,/Users/ashi/github/cm4ai_codefest2025/analysis/cell_crops,B2AI_1_Paclitaxel_A2_R7_z01_yellow_,419,B2AI_1_Paclitaxel_A2_R7_z01_yellow
,/Users/ashi/github/cm4ai_codefest2025/analysis/cell_crops/yellow/B2AI_1_Paclitaxel_A2_R7_z01_yellow_cell420.png,,,/Users/ashi/github/cm4ai_codefest2025/analysis/cell_crops,B2AI_1_Paclitaxel_A2_R7_z01_yellow_,420,B2AI_1_Paclitaxel_A2_R7_z01_yellow
,/Users/ashi/github/cm4ai_codefest2025/analysis/cell_crops/yellow/B2AI_1_Paclitaxel_A2_R7_z01_yellow_cell421.png,,,/Users/ashi/github/cm4ai_codefest2025/analysis/cell_crops,B2AI_1_Paclitaxel_A2_R7_z01_yellow_,421,B2AI_1_Paclitaxel_A2_R7_z01_yellow
,/Users/ashi/github/cm4ai_codefest2025/analysis/cell_crops/yellow/B2AI_1_Paclitaxel_A2_R7_z01_yellow_cell422.png,,,/Users/ashi/github/cm4ai_codefest2025/analysis/cell_crops,B2AI_1_Paclitaxel_A2_R7_z01_yellow_,422,B2AI_1_Paclitaxel_A2_R7_z01_yellow
,/Users/ashi/github/cm4ai_codefest2025/analysis/cell_crops/yellow/B2AI_1_Paclitaxel_A2_R7_z01_yellow_cell423.png,,,/Users/ashi/github/cm4ai_codefest2025/analysis/cell_crops,B2AI_1_Paclitaxel_A2_R7_z01_yellow_,423,B2AI_1_Paclitaxel_A2_R7_z01_yellow
,/Users/ashi/github/cm4ai_codefest2025/analysis/cell_crops/yellow/B2AI_1_Paclitaxel_A2_R7_z01_yellow_cell424.png,,,/Users/ashi/github/cm4ai_codefest2025/analysis/cell_crops,B2AI_1_Paclitaxel_A2_R7_z01_yellow_,424,B2AI_1_Paclitaxel_A2_R7_z01_yellow
,/Users/ashi/github/cm4ai_codefest2025/analysis/cell_crops/yellow/B2AI_1_Paclitaxel_A2_R7_z01_yellow_cell425.png,,,/Users/ashi/github/cm4ai_codefest2025/analysis/cell_crops,B2AI_1_Paclitaxel_A2_R7_z01_yellow_,425,B2AI_1_Paclitaxel_A2_R7_z01_yellow
,/Users/ashi/github/cm4ai_codefest2025/analysis/cell_crops/yellow/B2AI_1_Paclitaxel_A2_R7_z01_yellow_cell426.png,,,/Users/ashi/github/cm4ai_codefest2025/analysis/cell_crops,B2AI_1_Paclitaxel_A2_R7_z01_yellow_,426,B2AI_1_Paclitaxel_A2_R7_z01_yellow
,/Users/ashi/github/cm4ai_codefest2025/analysis/cell_crops/yellow/B2AI_1_Paclitaxel_A2_R7_z01_yellow_cell427.png,,,/Users/ashi/github/cm4ai_codefest2025/analysis/cell_crops,B2AI_1_Paclitaxel_A2_R7_z01_yellow_,427,B2AI_1_Paclitaxel_A2_R7_z01_yellow
,/Users/ashi/github/cm4ai_codefest2025/analysis/cell_crops/yellow/B2AI_1_Paclitaxel_A2_R7_z01_yellow_cell428.png,,,/Users/ashi/github/cm4ai_codefest2025/analysis/cell_crops,B2AI_1_Paclitaxel_A2_R7_z01_yellow_,428,B2AI_1_Paclitaxel_A2_R7_z01_yellow
,/Users/ashi/github/cm4ai_codefest2025/analysis/cell_crops/yellow/B2AI_1_Paclitaxel_A2_R7_z01_yellow_cell429.png,,,/Users/ashi/github/cm4ai_codefest2025/analysis/cell_crops,B2AI_1_Paclitaxel_A2_R7_z01_yellow_,429,B2AI_1_Paclitaxel_A2_R7_z01_yellow
,/Users/ashi/github/cm4ai_codefest2025/analysis/cell_crops/yellow/B2AI_1_Paclitaxel_A2_R7_z01_yellow_cell430.png,,,/Users/ashi/github/cm4ai_codefest2025/analysis/cell_crops,B2AI_1_Paclitaxel_A2_R7_z01_yellow_,430,B2AI_1_Paclitaxel_A2_R7_z01_yellow
,/Users/ashi/github/cm4ai_codefest2025/analysis/cell_crops/yellow/B2AI_1_Paclitaxel_A2_R7_z01_yellow_cell431.png,,,/Users/ashi/github/cm4ai_codefest2025/analysis/cell_crops,B2AI_1_Paclitaxel_A2_R7_z01_yellow_,431,B2AI_1_Paclitaxel_A2_R7_z01_yellow
,/Users/ashi/github/cm4ai_codefest2025/analysis/cell_crops/yellow/B2AI_1_Paclitaxel_A2_R7_z01_yellow_cell432.png,,,/Users/ashi/github/cm4ai_codefest2025/analysis/cell_crops,B2AI_1_Paclitaxel_A2_R7_z01_yellow_,432,B2AI_1_Paclitaxel_A2_R7_z01_yellow
,/Users/ashi/github/cm4ai_codefest2025/analysis/cell_crops/yellow/B2AI_1_Paclitaxel_A2_R7_z01_yellow_cell433.png,,,/Users/ashi/github/cm4ai_codefest2025/analysis/cell_crops,B2AI_1_Paclitaxel_A2_R7_z01_yellow_,433,B2AI_1_Paclitaxel_A2_R7_z01_yellow
,/Users/ashi/github/cm4ai_codefest2025/analysis/cell_crops/yellow/B2AI_1_Paclitaxel_A2_R7_z01_yellow_cell434.png,,,/Users/ashi/github/cm4ai_codefest2025/analysis/cell_crops,B2AI_1_Paclitaxel_A2_R7_z01_yellow_,434,B2AI_1_Paclitaxel_A2_R7_z01_yellow
,/Users/ashi/github/cm4ai_codefest2025/analysis/cell_crops/yellow/B2AI_1_Paclitaxel_A2_R7_z01_yellow_cell435.png,,,/Users/ashi/github/cm4ai_codefest2025/analysis/cell_crops,B2AI_1_Paclitaxel_A2_R7_z01_yellow_,435,B2AI_1_Paclitaxel_A2_R7_z01_yellow
,/Users/ashi/github/cm4ai_codefest2025/analysis/cell_crops/yellow/B2AI_1_Paclitaxel_A2_R7_z01_yellow_cell436.png,,,/Users/ashi/github/cm4ai_codefest2025/analysis/cell_crops,B2AI_1_Paclitaxel_A2_R7_z01_yellow_,436,B2AI_1_Paclitaxel_A2_R7_z01_yellow
,/Users/ashi/github/cm4ai_codefest2025/analysis/cell_crops/yellow/B2AI_1_Paclitaxel_A2_R7_z01_yellow_cell437.png,,,/Users/ashi/github/cm4ai_codefest2025/analysis/cell_crops,B2AI_1_Paclitaxel_A2_R7_z01_yellow_,437,B2AI_1_Paclitaxel_A2_R7_z01_yellow
,/Users/ashi/github/cm4ai_codefest2025/analysis/cell_crops/yellow/B2AI_1_Paclitaxel_A2_R7_z01_yellow_cell438.png,,,/Users/ashi/github/cm4ai_codefest2025/analysis/cell_crops,B2AI_1_Paclitaxel_A2_R7_z01_yellow_,438,B2AI_1_Paclitaxel_A2_R7_z01_yellow
,/Users/ashi/github/cm4ai_codefest2025/analysis/cell_crops/yellow/B2AI_1_Paclitaxel_A2_R7_z01_yellow_cell439.png,,,/Users/ashi/github/cm4ai_codefest2025/analysis/cell_crops,B2AI_1_Paclitaxel_A2_R7_z01_yellow_,439,B2AI_1_Paclitaxel_A2_R7_z01_yellow
,/Users/ashi/github/cm4ai_codefest2025/analysis/cell_crops/yellow/B2AI_1_Paclitaxel_A2_R7_z01_yellow_cell440.png,,,/Users/ashi/github/cm4ai_codefest2025/analysis/cell_crops,B2AI_1_Paclitaxel_A2_R7_z01_yellow_,440,B2AI_1_Paclitaxel_A2_R7_z01_yellow
,/Users/ashi/github/cm4ai_codefest2025/analysis/cell_crops/yellow/B2AI_1_Paclitaxel_A2_R7_z01_yellow_cell441.png,,,/Users/ashi/github/cm4ai_codefest2025/analysis/cell_crops,B2AI_1_Paclitaxel_A2_R7_z01_yellow_,441,B2AI_1_Paclitaxel_A2_R7_z01_yellow
,/Users/ashi/github/cm4ai_codefest2025/analysis/cell_crops/yellow/B2AI_1_Paclitaxel_A2_R7_z01_yellow_cell442.png,,,/Users/ashi/github/cm4ai_codefest2025/analysis/cell_crops,B2AI_1_Paclitaxel_A2_R7_z01_yellow_,442,B2AI_1_Paclitaxel_A2_R7_z01_yellow
,/Users/ashi/github/cm4ai_codefest2025/analysis/cell_crops/yellow/B2AI_1_Paclitaxel_A2_R7_z01_yellow_cell443.png,,,/Users/ashi/github/cm4ai_codefest2025/analysis/cell_crops,B2AI_1_Paclitaxel_A2_R7_z01_yellow_,443,B2AI_1_Paclitaxel_A2_R7_z01_yellow
,/Users/ashi/github/cm4ai_codefest2025/analysis/cell_crops/yellow/B2AI_1_Paclitaxel_A2_R7_z01_yellow_cell444.png,,,/Users/ashi/github/cm4ai_codefest2025/analysis/cell_crops,B2AI_1_Paclitaxel_A2_R7_z01_yellow_,444,B2AI_1_Paclitaxel_A2_R7_z01_yellow
,/Users/ashi/github/cm4ai_codefest2025/analysis/cell_crops/yellow/B2AI_1_Paclitaxel_A2_R7_z01_yellow_cell445.png,,,/Users/ashi/github/cm4ai_codefest2025/analysis/cell_crops,B2AI_1_Paclitaxel_A2_R7_z01_yellow_,445,B2AI_1_Paclitaxel_A2_R7_z01_yellow
,/Users/ashi/github/cm4ai_codefest2025/analysis/cell_crops/yellow/B2AI_1_Paclitaxel_A2_R7_z01_yellow_cell446.png,,,/Users/ashi/github/cm4ai_codefest2025/analysis/cell_crops,B2AI_1_Paclitaxel_A2_R7_z01_yellow_,446,B2AI_1_Paclitaxel_A2_R7_z01_yellow
,/Users/ashi/github/cm4ai_codefest2025/analysis/cell_crops/yellow/B2AI_1_Paclitaxel_A2_R7_z01_yellow_cell447.png,,,/Users/ashi/github/cm4ai_codefest2025/analysis/cell_crops,B2AI_1_Paclitaxel_A2_R7_z01_yellow_,447,B2AI_1_Paclitaxel_A2_R7_z01_yellow
,/Users/ashi/github/cm4ai_codefest2025/analysis/cell_crops/yellow/B2AI_1_Paclitaxel_A2_R7_z01_yellow_cell448.png,,,/Users/ashi/github/cm4ai_codefest2025/analysis/cell_crops,B2AI_1_Paclitaxel_A2_R7_z01_yellow_,448,B2AI_1_Paclitaxel_A2_R7_z01_yellow
,/Users/ashi/github/cm4ai_codefest2025/analysis/cell_crops/yellow/B2AI_1_Paclitaxel_A2_R7_z01_yellow_cell449.png,,,/Users/ashi/github/cm4ai_codefest2025/analysis/cell_crops,B2AI_1_Paclitaxel_A2_R7_z01_yellow_,449,B2AI_1_Paclitaxel_A2_R7_z01_yellow
,/Users/ashi/github/cm4ai_codefest2025/analysis/cell_crops/yellow/B2AI_1_Paclitaxel_A2_R7_z01_yellow_cell450.png,,,/Users/ashi/github/cm4ai_codefest2025/analysis/cell_crops,B2AI_1_Paclitaxel_A2_R7_z01_yellow_,450,B2AI_1_Paclitaxel_A2_R7_z01_yellow
,/Users/ashi/github/cm4ai_codefest2025/analysis/cell_crops/yellow/B2AI_1_Paclitaxel_A2_R7_z01_yellow_cell451.png,,,/Users/ashi/github/cm4ai_codefest2025/analysis/cell_crops,B2AI_1_Paclitaxel_A2_R7_z01_yellow_,451,B2AI_1_Paclitaxel_A2_R7_z01_yellow
,/Users/ashi/github/cm4ai_codefest2025/analysis/cell_crops/yellow/B2AI_1_Paclitaxel_A2_R7_z01_yellow_cell452.png,,,/Users/ashi/github/cm4ai_codefest2025/analysis/cell_crops,B2AI_1_Paclitaxel_A2_R7_z01_yellow_,452,B2AI_1_Paclitaxel_A2_R7_z01_yellow
,/Users/ashi/github/cm4ai_codefest2025/analysis/cell_crops/yellow/B2AI_1_Paclitaxel_A2_R7_z01_yellow_cell453.png,,,/Users/ashi/github/cm4ai_codefest2025/analysis/cell_crops,B2AI_1_Paclitaxel_A2_R7_z01_yellow_,453,B2AI_1_Paclitaxel_A2_R7_z01_yellow
,/Users/ashi/github/cm4ai_codefest2025/analysis/cell_crops/yellow/B2AI_1_Paclitaxel_A2_R7_z01_yellow_cell454.png,,,/Users/ashi/github/cm4ai_codefest2025/analysis/cell_crops,B2AI_1_Paclitaxel_A2_R7_z01_yellow_,454,B2AI_1_Paclitaxel_A2_R7_z01_yellow
,/Users/ashi/github/cm4ai_codefest2025/analysis/cell_crops/yellow/B2AI_1_Paclitaxel_A2_R7_z01_yellow_cell455.png,,,/Users/ashi/github/cm4ai_codefest2025/analysis/cell_crops,B2AI_1_Paclitaxel_A2_R7_z01_yellow_,455,B2AI_1_Paclitaxel_A2_R7_z01_yellow
,/Users/ashi/github/cm4ai_codefest2025/analysis/cell_crops/yellow/B2AI_1_Paclitaxel_A2_R7_z01_yellow_cell456.png,,,/Users/ashi/github/cm4ai_codefest2025/analysis/cell_crops,B2AI_1_Paclitaxel_A2_R7_z01_yellow_,456,B2AI_1_Paclitaxel_A2_R7_z01_yellow
,/Users/ashi/github/cm4ai_codefest2025/analysis/cell_crops/yellow/B2AI_1_Paclitaxel_A2_R7_z01_yellow_cell457.png,,,/Users/ashi/github/cm4ai_codefest2025/analysis/cell_crops,B2AI_1_Paclitaxel_A2_R7_z01_yellow_,457,B2AI_1_Paclitaxel_A2_R7_z01_yellow
,/Users/ashi/github/cm4ai_codefest2025/analysis/cell_crops/yellow/B2AI_1_Paclitaxel_A2_R7_z01_yellow_cell458.png,,,/Users/ashi/github/cm4ai_codefest2025/analysis/cell_crops,B2AI_1_Paclitaxel_A2_R7_z01_yellow_,458,B2AI_1_Paclitaxel_A2_R7_z01_yellow
,/Users/ashi/github/cm4ai_codefest2025/analysis/cell_crops/yellow/B2AI_1_Paclitaxel_A2_R7_z01_yellow_cell459.png,,,/Users/ashi/github/cm4ai_codefest2025/analysis/cell_crops,B2AI_1_Paclitaxel_A2_R7_z01_yellow_,459,B2AI_1_Paclitaxel_A2_R7_z01_yellow
,/Users/ashi/github/cm4ai_codefest2025/analysis/cell_crops/yellow/B2AI_1_Paclitaxel_A2_R7_z01_yellow_cell460.png,,,/Users/ashi/github/cm4ai_codefest2025/analysis/cell_crops,B2AI_1_Paclitaxel_A2_R7_z01_yellow_,460,B2AI_1_Paclitaxel_A2_R7_z01_yellow
,/Users/ashi/github/cm4ai_codefest2025/analysis/cell_crops/yellow/B2AI_1_Paclitaxel_A2_R7_z01_yellow_cell461.png,,,/Users/ashi/github/cm4ai_codefest2025/analysis/cell_crops,B2AI_1_Paclitaxel_A2_R7_z01_yellow_,461,B2AI_1_Paclitaxel_A2_R7_z01_yellow
,/Users/ashi/github/cm4ai_codefest2025/analysis/cell_crops/yellow/B2AI_1_Paclitaxel_A2_R7_z01_yellow_cell462.png,,,/Users/ashi/github/cm4ai_codefest2025/analysis/cell_crops,B2AI_1_Paclitaxel_A2_R7_z01_yellow_,462,B2AI_1_Paclitaxel_A2_R7_z01_yellow
,/Users/ashi/github/cm4ai_codefest2025/analysis/cell_crops/yellow/B2AI_1_Paclitaxel_A2_R7_z01_yellow_cell463.png,,,/Users/ashi/github/cm4ai_codefest2025/analysis/cell_crops,B2AI_1_Paclitaxel_A2_R7_z01_yellow_,463,B2AI_1_Paclitaxel_A2_R7_z01_yellow
,/Users/ashi/github/cm4ai_codefest2025/analysis/cell_crops/yellow/B2AI_1_Paclitaxel_A2_R7_z01_yellow_cell464.png,,,/Users/ashi/github/cm4ai_codefest2025/analysis/cell_crops,B2AI_1_Paclitaxel_A2_R7_z01_yellow_,464,B2AI_1_Paclitaxel_A2_R7_z01_yellow
,/Users/ashi/github/cm4ai_codefest2025/analysis/cell_crops/yellow/B2AI_1_Paclitaxel_A2_R7_z01_yellow_cell465.png,,,/Users/ashi/github/cm4ai_codefest2025/analysis/cell_crops,B2AI_1_Paclitaxel_A2_R7_z01_yellow_,465,B2AI_1_Paclitaxel_A2_R7_z01_yellow
,/Users/ashi/github/cm4ai_codefest2025/analysis/cell_crops/yellow/B2AI_1_Paclitaxel_A2_R7_z01_yellow_cell466.png,,,/Users/ashi/github/cm4ai_codefest2025/analysis/cell_crops,B2AI_1_Paclitaxel_A2_R7_z01_yellow_,466,B2AI_1_Paclitaxel_A2_R7_z01_yellow
,/Users/ashi/github/cm4ai_codefest2025/analysis/cell_crops/yellow/B2AI_1_Paclitaxel_A2_R7_z01_yellow_cell467.png,,,/Users/ashi/github/cm4ai_codefest2025/analysis/cell_crops,B2AI_1_Paclitaxel_A2_R7_z01_yellow_,467,B2AI_1_Paclitaxel_A2_R7_z01_yellow
,/Users/ashi/github/cm4ai_codefest2025/analysis/cell_crops/yellow/B2AI_1_Paclitaxel_A2_R7_z01_yellow_cell468.png,,,/Users/ashi/github/cm4ai_codefest2025/analysis/cell_crops,B2AI_1_Paclitaxel_A2_R7_z01_yellow_,468,B2AI_1_Paclitaxel_A2_R7_z01_yellow
,/Users/ashi/github/cm4ai_codefest2025/analysis/cell_crops/yellow/B2AI_1_Paclitaxel_A2_R7_z01_yellow_cell469.png,,,/Users/ashi/github/cm4ai_codefest2025/analysis/cell_crops,B2AI_1_Paclitaxel_A2_R7_z01_yellow_,469,B2AI_1_Paclitaxel_A2_R7_z01_yellow
,/Users/ashi/github/cm4ai_codefest2025/analysis/cell_crops/yellow/B2AI_1_Paclitaxel_A2_R7_z01_yellow_cell470.png,,,/Users/ashi/github/cm4ai_codefest2025/analysis/cell_crops,B2AI_1_Paclitaxel_A2_R7_z01_yellow_,470,B2AI_1_Paclitaxel_A2_R7_z01_yellow
,/Users/ashi/github/cm4ai_codefest2025/analysis/cell_crops/yellow/B2AI_1_Paclitaxel_A2_R7_z01_yellow_cell471.png,,,/Users/ashi/github/cm4ai_codefest2025/analysis/cell_crops,B2AI_1_Paclitaxel_A2_R7_z01_yellow_,471,B2AI_1_Paclitaxel_A2_R7_z01_yellow
,/Users/ashi/github/cm4ai_codefest2025/analysis/cell_crops/yellow/B2AI_1_Paclitaxel_A2_R7_z01_yellow_cell472.png,,,/Users/ashi/github/cm4ai_codefest2025/analysis/cell_crops,B2AI_1_Paclitaxel_A2_R7_z01_yellow_,472,B2AI_1_Paclitaxel_A2_R7_z01_yellow
,/Users/ashi/github/cm4ai_codefest2025/analysis/cell_crops/yellow/B2AI_1_Paclitaxel_A2_R7_z01_yellow_cell473.png,,,/Users/ashi/github/cm4ai_codefest2025/analysis/cell_crops,B2AI_1_Paclitaxel_A2_R7_z01_yellow_,473,B2AI_1_Paclitaxel_A2_R7_z01_yellow
,/Users/ashi/github/cm4ai_codefest2025/analysis/cell_crops/yellow/B2AI_1_Paclitaxel_A2_R7_z01_yellow_cell474.png,,,/Users/ashi/github/cm4ai_codefest2025/analysis/cell_crops,B2AI_1_Paclitaxel_A2_R7_z01_yellow_,474,B2AI_1_Paclitaxel_A2_R7_z01_yellow
,/Users/ashi/github/cm4ai_codefest2025/analysis/cell_crops/yellow/B2AI_1_Paclitaxel_A2_R7_z01_yellow_cell475.png,,,/Users/ashi/github/cm4ai_codefest2025/analysis/cell_crops,B2AI_1_Paclitaxel_A2_R7_z01_yellow_,475,B2AI_1_Paclitaxel_A2_R7_z01_yellow
,/Users/ashi/github/cm4ai_codefest2025/analysis/cell_crops/yellow/B2AI_1_Paclitaxel_A2_R7_z01_yellow_cell476.png,,,/Users/ashi/github/cm4ai_codefest2025/analysis/cell_crops,B2AI_1_Paclitaxel_A2_R7_z01_yellow_,476,B2AI_1_Paclitaxel_A2_R7_z01_yellow
,/Users/ashi/github/cm4ai_codefest2025/analysis/cell_crops/yellow/B2AI_1_Paclitaxel_A2_R7_z01_yellow_cell477.png,,,/Users/ashi/github/cm4ai_codefest2025/analysis/cell_crops,B2AI_1_Paclitaxel_A2_R7_z01_yellow_,477,B2AI_1_Paclitaxel_A2_R7_z01_yellow
,/Users/ashi/github/cm4ai_codefest2025/analysis/cell_crops/yellow/B2AI_1_Paclitaxel_A2_R7_z01_yellow_cell478.png,,,/Users/ashi/github/cm4ai_codefest2025/analysis/cell_crops,B2AI_1_Paclitaxel_A2_R7_z01_yellow_,478,B2AI_1_Paclitaxel_A2_R7_z01_yellow
,/Users/ashi/github/cm4ai_codefest2025/analysis/cell_crops/yellow/B2AI_1_Paclitaxel_A2_R7_z01_yellow_cell479.png,,,/Users/ashi/github/cm4ai_codefest2025/analysis/cell_crops,B2AI_1_Paclitaxel_A2_R7_z01_yellow_,479,B2AI_1_Paclitaxel_A2_R7_z01_yellow
,/Users/ashi/github/cm4ai_codefest2025/analysis/cell_crops/yellow/B2AI_1_Paclitaxel_A2_R7_z01_yellow_cell480.png,,,/Users/ashi/github/cm4ai_codefest2025/analysis/cell_crops,B2AI_1_Paclitaxel_A2_R7_z01_yellow_,480,B2AI_1_Paclitaxel_A2_R7_z01_yellow
,/Users/ashi/github/cm4ai_codefest2025/analysis/cell_crops/yellow/B2AI_1_Paclitaxel_A2_R7_z01_yellow_cell481.png,,,/Users/ashi/github/cm4ai_codefest2025/analysis/cell_crops,B2AI_1_Paclitaxel_A2_R7_z01_yellow_,481,B2AI_1_Paclitaxel_A2_R7_z01_yellow
,/Users/ashi/github/cm4ai_codefest2025/analysis/cell_crops/yellow/B2AI_1_Paclitaxel_A2_R7_z01_yellow_cell482.png,,,/Users/ashi/github/cm4ai_codefest2025/analysis/cell_crops,B2AI_1_Paclitaxel_A2_R7_z01_yellow_,482,B2AI_1_Paclitaxel_A2_R7_z01_yellow
,/Users/ashi/github/cm4ai_codefest2025/analysis/cell_crops/yellow/B2AI_1_Paclitaxel_A2_R7_z01_yellow_cell483.png,,,/Users/ashi/github/cm4ai_codefest2025/analysis/cell_crops,B2AI_1_Paclitaxel_A2_R7_z01_yellow_,483,B2AI_1_Paclitaxel_A2_R7_z01_yellow
,/Users/ashi/github/cm4ai_codefest2025/analysis/cell_crops/yellow/B2AI_1_Paclitaxel_A2_R7_z01_yellow_cell484.png,,,/Users/ashi/github/cm4ai_codefest2025/analysis/cell_crops,B2AI_1_Paclitaxel_A2_R7_z01_yellow_,484,B2AI_1_Paclitaxel_A2_R7_z01_yellow
,/Users/ashi/github/cm4ai_codefest2025/analysis/cell_crops/yellow/B2AI_1_Paclitaxel_A2_R7_z01_yellow_cell485.png,,,/Users/ashi/github/cm4ai_codefest2025/analysis/cell_crops,B2AI_1_Paclitaxel_A2_R7_z01_yellow_,485,B2AI_1_Paclitaxel_A2_R7_z01_yellow
,/Users/ashi/github/cm4ai_codefest2025/analysis/cell_crops/yellow/B2AI_1_Paclitaxel_A2_R7_z01_yellow_cell486.png,,,/Users/ashi/github/cm4ai_codefest2025/analysis/cell_crops,B2AI_1_Paclitaxel_A2_R7_z01_yellow_,486,B2AI_1_Paclitaxel_A2_R7_z01_yellow
,/Users/ashi/github/cm4ai_codefest2025/analysis/cell_crops/yellow/B2AI_1_Paclitaxel_A2_R7_z01_yellow_cell487.png,,,/Users/ashi/github/cm4ai_codefest2025/analysis/cell_crops,B2AI_1_Paclitaxel_A2_R7_z01_yellow_,487,B2AI_1_Paclitaxel_A2_R7_z01_yellow
,/Users/ashi/github/cm4ai_codefest2025/analysis/cell_crops/yellow/B2AI_1_Paclitaxel_A2_R7_z01_yellow_cell488.png,,,/Users/ashi/github/cm4ai_codefest2025/analysis/cell_crops,B2AI_1_Paclitaxel_A2_R7_z01_yellow_,488,B2AI_1_Paclitaxel_A2_R7_z01_yellow
,/Users/ashi/github/cm4ai_codefest2025/analysis/cell_crops/yellow/B2AI_1_Paclitaxel_A2_R7_z01_yellow_cell489.png,,,/Users/ashi/github/cm4ai_codefest2025/analysis/cell_crops,B2AI_1_Paclitaxel_A2_R7_z01_yellow_,489,B2AI_1_Paclitaxel_A2_R7_z01_yellow
,/Users/ashi/github/cm4ai_codefest2025/analysis/cell_crops/yellow/B2AI_1_Paclitaxel_A2_R7_z01_yellow_cell490.png,,,/Users/ashi/github/cm4ai_codefest2025/analysis/cell_crops,B2AI_1_Paclitaxel_A2_R7_z01_yellow_,490,B2AI_1_Paclitaxel_A2_R7_z01_yellow
,/Users/ashi/github/cm4ai_codefest2025/analysis/cell_crops/yellow/B2AI_1_Paclitaxel_A2_R7_z01_yellow_cell491.png,,,/Users/ashi/github/cm4ai_codefest2025/analysis/cell_crops,B2AI_1_Paclitaxel_A2_R7_z01_yellow_,491,B2AI_1_Paclitaxel_A2_R7_z01_yellow
,/Users/ashi/github/cm4ai_codefest2025/analysis/cell_crops/yellow/B2AI_1_Paclitaxel_A2_R7_z01_yellow_cell492.png,,,/Users/ashi/github/cm4ai_codefest2025/analysis/cell_crops,B2AI_1_Paclitaxel_A2_R7_z01_yellow_,492,B2AI_1_Paclitaxel_A2_R7_z01_yellow
,/Users/ashi/github/cm4ai_codefest2025/analysis/cell_crops/yellow/B2AI_1_Paclitaxel_A2_R7_z01_yellow_cell493.png,,,/Users/ashi/github/cm4ai_codefest2025/analysis/cell_crops,B2AI_1_Paclitaxel_A2_R7_z01_yellow_,493,B2AI_1_Paclitaxel_A2_R7_z01_yellow
,/Users/ashi/github/cm4ai_codefest2025/analysis/cell_crops/yellow/B2AI_1_Paclitaxel_A2_R7_z01_yellow_cell494.png,,,/Users/ashi/github/cm4ai_codefest2025/analysis/cell_crops,B2AI_1_Paclitaxel_A2_R7_z01_yellow_,494,B2AI_1_Paclitaxel_A2_R7_z01_yellow
,/Users/ashi/github/cm4ai_codefest2025/analysis/cell_crops/yellow/B2AI_1_Paclitaxel_A2_R7_z01_yellow_cell495.png,,,/Users/ashi/github/cm4ai_codefest2025/analysis/cell_crops,B2AI_1_Paclitaxel_A2_R7_z01_yellow_,495,B2AI_1_Paclitaxel_A2_R7_z01_yellow
,/Users/ashi/github/cm4ai_codefest2025/analysis/cell_crops/yellow/B2AI_1_Paclitaxel_A2_R7_z01_yellow_cell496.png,,,/Users/ashi/github/cm4ai_codefest2025/analysis/cell_crops,B2AI_1_Paclitaxel_A2_R7_z01_yellow_,496,B2AI_1_Paclitaxel_A2_R7_z01_yellow
,/Users/ashi/github/cm4ai_codefest2025/analysis/cell_crops/yellow/B2AI_1_Paclitaxel_A2_R7_z01_yellow_cell497.png,,,/Users/ashi/github/cm4ai_codefest2025/analysis/cell_crops,B2AI_1_Paclitaxel_A2_R7_z01_yellow_,497,B2AI_1_Paclitaxel_A2_R7_z01_yellow
,/Users/ashi/github/cm4ai_codefest2025/analysis/cell_crops/yellow/B2AI_1_Paclitaxel_A2_R7_z01_yellow_cell498.png,,,/Users/ashi/github/cm4ai_codefest2025/analysis/cell_crops,B2AI_1_Paclitaxel_A2_R7_z01_yellow_,498,B2AI_1_Paclitaxel_A2_R7_z01_yellow
,/Users/ashi/github/cm4ai_codefest2025/analysis/cell_crops/yellow/B2AI_1_Paclitaxel_A2_R7_z01_yellow_cell499.png,,,/Users/ashi/github/cm4ai_codefest2025/analysis/cell_crops,B2AI_1_Paclitaxel_A2_R7_z01_yellow_,499,B2AI_1_Paclitaxel_A2_R7_z01_yellow
,/Users/ashi/github/cm4ai_codefest2025/analysis/cell_crops/yellow/B2AI_1_Paclitaxel_A2_R7_z01_yellow_cell500.png,,,/Users/ashi/github/cm4ai_codefest2025/analysis/cell_crops,B2AI_1_Paclitaxel_A2_R7_z01_yellow_,500,B2AI_1_Paclitaxel_A2_R7_z01_yellow
,/Users/ashi/github/cm4ai_codefest2025/analysis/cell_crops/yellow/B2AI_1_Paclitaxel_A2_R7_z01_yellow_cell501.png,,,/Users/ashi/github/cm4ai_codefest2025/analysis/cell_crops,B2AI_1_Paclitaxel_A2_R7_z01_yellow_,501,B2AI_1_Paclitaxel_A2_R7_z01_yellow
,/Users/ashi/github/cm4ai_codefest2025/analysis/cell_crops/yellow/B2AI_1_Paclitaxel_A2_R7_z01_yellow_cell502.png,,,/Users/ashi/github/cm4ai_codefest2025/analysis/cell_crops,B2AI_1_Paclitaxel_A2_R7_z01_yellow_,502,B2AI_1_Paclitaxel_A2_R7_z01_yellow
,/Users/ashi/github/cm4ai_codefest2025/analysis/cell_crops/yellow/B2AI_1_Paclitaxel_A2_R7_z01_yellow_cell503.png,,,/Users/ashi/github/cm4ai_codefest2025/analysis/cell_crops,B2AI_1_Paclitaxel_A2_R7_z01_yellow_,503,B2AI_1_Paclitaxel_A2_R7_z01_yellow
,/Users/ashi/github/cm4ai_codefest2025/analysis/cell_crops/yellow/B2AI_1_Paclitaxel_A2_R7_z01_yellow_cell504.png,,,/Users/ashi/github/cm4ai_codefest2025/analysis/cell_crops,B2AI_1_Paclitaxel_A2_R7_z01_yellow_,504,B2AI_1_Paclitaxel_A2_R7_z01_yellow
,/Users/ashi/github/cm4ai_codefest2025/analysis/cell_crops/yellow/B2AI_1_Paclitaxel_A2_R7_z01_yellow_cell505.png,,,/Users/ashi/github/cm4ai_codefest2025/analysis/cell_crops,B2AI_1_Paclitaxel_A2_R7_z01_yellow_,505,B2AI_1_Paclitaxel_A2_R7_z01_yellow
,/Users/ashi/github/cm4ai_codefest2025/analysis/cell_crops/yellow/B2AI_1_Paclitaxel_A2_R7_z01_yellow_cell506.png,,,/Users/ashi/github/cm4ai_codefest2025/analysis/cell_crops,B2AI_1_Paclitaxel_A2_R7_z01_yellow_,506,B2AI_1_Paclitaxel_A2_R7_z01_yellow
,/Users/ashi/github/cm4ai_codefest2025/analysis/cell_crops/yellow/B2AI_1_Paclitaxel_A2_R7_z01_yellow_cell507.png,,,/Users/ashi/github/cm4ai_codefest2025/analysis/cell_crops,B2AI_1_Paclitaxel_A2_R7_z01_yellow_,507,B2AI_1_Paclitaxel_A2_R7_z01_yellow
,/Users/ashi/github/cm4ai_codefest2025/analysis/cell_crops/yellow/B2AI_1_Paclitaxel_A2_R7_z01_yellow_cell508.png,,,/Users/ashi/github/cm4ai_codefest2025/analysis/cell_crops,B2AI_1_Paclitaxel_A2_R7_z01_yellow_,508,B2AI_1_Paclitaxel_A2_R7_z01_yellow
,/Users/ashi/github/cm4ai_codefest2025/analysis/cell_crops/yellow/B2AI_1_Paclitaxel_A2_R7_z01_yellow_cell509.png,,,/Users/ashi/github/cm4ai_codefest2025/analysis/cell_crops,B2AI_1_Paclitaxel_A2_R7_z01_yellow_,509,B2AI_1_Paclitaxel_A2_R7_z01_yellow
,/Users/ashi/github/cm4ai_codefest2025/analysis/cell_crops/yellow/B2AI_1_Paclitaxel_A2_R7_z01_yellow_cell510.png,,,/Users/ashi/github/cm4ai_codefest2025/analysis/cell_crops,B2AI_1_Paclitaxel_A2_R7_z01_yellow_,510,B2AI_1_Paclitaxel_A2_R7_z01_yellow
,/Users/ashi/github/cm4ai_codefest2025/analysis/cell_crops/yellow/B2AI_1_Paclitaxel_A2_R7_z01_yellow_cell511.png,,,/Users/ashi/github/cm4ai_codefest2025/analysis/cell_crops,B2AI_1_Paclitaxel_A2_R7_z01_yellow_,511,B2AI_1_Paclitaxel_A2_R7_z01_yellow
,/Users/ashi/github/cm4ai_codefest2025/analysis/cell_crops/yellow/B2AI_1_Paclitaxel_A2_R7_z01_yellow_cell512.png,,,/Users/ashi/github/cm4ai_codefest2025/analysis/cell_crops,B2AI_1_Paclitaxel_A2_R7_z01_yellow_,512,B2AI_1_Paclitaxel_A2_R7_z01_yellow
,/Users/ashi/github/cm4ai_codefest2025/analysis/cell_crops/yellow/B2AI_1_Paclitaxel_A2_R7_z01_yellow_cell513.png,,,/Users/ashi/github/cm4ai_codefest2025/analysis/cell_crops,B2AI_1_Paclitaxel_A2_R7_z01_yellow_,513,B2AI_1_Paclitaxel_A2_R7_z01_yellow
,/Users/ashi/github/cm4ai_codefest2025/analysis/cell_crops/yellow/B2AI_1_Paclitaxel_A2_R7_z01_yellow_cell514.png,,,/Users/ashi/github/cm4ai_codefest2025/analysis/cell_crops,B2AI_1_Paclitaxel_A2_R7_z01_yellow_,514,B2AI_1_Paclitaxel_A2_R7_z01_yellow
,/Users/ashi/github/cm4ai_codefest2025/analysis/cell_crops/yellow/B2AI_1_Paclitaxel_A2_R7_z01_yellow_cell515.png,,,/Users/ashi/github/cm4ai_codefest2025/analysis/cell_crops,B2AI_1_Paclitaxel_A2_R7_z01_yellow_,515,B2AI_1_Paclitaxel_A2_R7_z01_yellow
,/Users/ashi/github/cm4ai_codefest2025/analysis/cell_crops/yellow/B2AI_1_Paclitaxel_A2_R7_z01_yellow_cell516.png,,,/Users/ashi/github/cm4ai_codefest2025/analysis/cell_crops,B2AI_1_Paclitaxel_A2_R7_z01_yellow_,516,B2AI_1_Paclitaxel_A2_R7_z01_yellow
,/Users/ashi/github/cm4ai_codefest2025/analysis/cell_crops/yellow/B2AI_1_Paclitaxel_A2_R7_z01_yellow_cell517.png,,,/Users/ashi/github/cm4ai_codefest2025/analysis/cell_crops,B2AI_1_Paclitaxel_A2_R7_z01_yellow_,517,B2AI_1_Paclitaxel_A2_R7_z01_yellow
,/Users/ashi/github/cm4ai_codefest2025/analysis/cell_crops/yellow/B2AI_1_Paclitaxel_A2_R7_z01_yellow_cell518.png,,,/Users/ashi/github/cm4ai_codefest2025/analysis/cell_crops,B2AI_1_Paclitaxel_A2_R7_z01_yellow_,518,B2AI_1_Paclitaxel_A2_R7_z01_yellow
,/Users/ashi/github/cm4ai_codefest2025/analysis/cell_crops/yellow/B2AI_1_Paclitaxel_A2_R7_z01_yellow_cell519.png,,,/Users/ashi/github/cm4ai_codefest2025/analysis/cell_crops,B2AI_1_Paclitaxel_A2_R7_z01_yellow_,519,B2AI_1_Paclitaxel_A2_R7_z01_yellow
,/Users/ashi/github/cm4ai_codefest2025/analysis/cell_crops/yellow/B2AI_1_Paclitaxel_A2_R7_z01_yellow_cell520.png,,,/Users/ashi/github/cm4ai_codefest2025/analysis/cell_crops,B2AI_1_Paclitaxel_A2_R7_z01_yellow_,520,B2AI_1_Paclitaxel_A2_R7_z01_yellow
,/Users/ashi/github/cm4ai_codefest2025/analysis/cell_crops/yellow/B2AI_1_Paclitaxel_A2_R7_z01_yellow_cell521.png,,,/Users/ashi/github/cm4ai_codefest2025/analysis/cell_crops,B2AI_1_Paclitaxel_A2_R7_z01_yellow_,521,B2AI_1_Paclitaxel_A2_R7_z01_yellow
,/Users/ashi/github/cm4ai_codefest2025/analysis/cell_crops/yellow/B2AI_1_Paclitaxel_A2_R7_z01_yellow_cell522.png,,,/Users/ashi/github/cm4ai_codefest2025/analysis/cell_crops,B2AI_1_Paclitaxel_A2_R7_z01_yellow_,522,B2AI_1_Paclitaxel_A2_R7_z01_yellow
,/Users/ashi/github/cm4ai_codefest2025/analysis/cell_crops/yellow/B2AI_1_Paclitaxel_A2_R7_z01_yellow_cell523.png,,,/Users/ashi/github/cm4ai_codefest2025/analysis/cell_crops,B2AI_1_Paclitaxel_A2_R7_z01_yellow_,523,B2AI_1_Paclitaxel_A2_R7_z01_yellow
,/Users/ashi/github/cm4ai_codefest2025/analysis/cell_crops/yellow/B2AI_1_Paclitaxel_A2_R7_z01_yellow_cell524.png,,,/Users/ashi/github/cm4ai_codefest2025/analysis/cell_crops,B2AI_1_Paclitaxel_A2_R7_z01_yellow_,524,B2AI_1_Paclitaxel_A2_R7_z01_yellow
,/Users/ashi/github/cm4ai_codefest2025/analysis/cell_crops/yellow/B2AI_1_Paclitaxel_A2_R7_z01_yellow_cell525.png,,,/Users/ashi/github/cm4ai_codefest2025/analysis/cell_crops,B2AI_1_Paclitaxel_A2_R7_z01_yellow_,525,B2AI_1_Paclitaxel_A2_R7_z01_yellow
,/Users/ashi/github/cm4ai_codefest2025/analysis/cell_crops/yellow/B2AI_1_Paclitaxel_A2_R7_z01_yellow_cell526.png,,,/Users/ashi/github/cm4ai_codefest2025/analysis/cell_crops,B2AI_1_Paclitaxel_A2_R7_z01_yellow_,526,B2AI_1_Paclitaxel_A2_R7_z01_yellow
,/Users/ashi/github/cm4ai_codefest2025/analysis/cell_crops/yellow/B2AI_1_Paclitaxel_A2_R7_z01_yellow_cell527.png,,,/Users/ashi/github/cm4ai_codefest2025/analysis/cell_crops,B2AI_1_Paclitaxel_A2_R7_z01_yellow_,527,B2AI_1_Paclitaxel_A2_R7_z01_yellow
,/Users/ashi/github/cm4ai_codefest2025/analysis/cell_crops/yellow/B2AI_1_Paclitaxel_A2_R7_z01_yellow_cell528.png,,,/Users/ashi/github/cm4ai_codefest2025/analysis/cell_crops,B2AI_1_Paclitaxel_A2_R7_z01_yellow_,528,B2AI_1_Paclitaxel_A2_R7_z01_yellow
,/Users/ashi/github/cm4ai_codefest2025/analysis/cell_crops/yellow/B2AI_1_Paclitaxel_A2_R7_z01_yellow_cell529.png,,,/Users/ashi/github/cm4ai_codefest2025/analysis/cell_crops,B2AI_1_Paclitaxel_A2_R7_z01_yellow_,529,B2AI_1_Paclitaxel_A2_R7_z01_yellow
,/Users/ashi/github/cm4ai_codefest2025/analysis/cell_crops/yellow/B2AI_1_Paclitaxel_A2_R7_z01_yellow_cell530.png,,,/Users/ashi/github/cm4ai_codefest2025/analysis/cell_crops,B2AI_1_Paclitaxel_A2_R7_z01_yellow_,530,B2AI_1_Paclitaxel_A2_R7_z01_yellow
,/Users/ashi/github/cm4ai_codefest2025/analysis/cell_crops/yellow/B2AI_1_Paclitaxel_A2_R7_z01_yellow_cell531.png,,,/Users/ashi/github/cm4ai_codefest2025/analysis/cell_crops,B2AI_1_Paclitaxel_A2_R7_z01_yellow_,531,B2AI_1_Paclitaxel_A2_R7_z01_yellow
,/Users/ashi/github/cm4ai_codefest2025/analysis/cell_crops/yellow/B2AI_1_Paclitaxel_A2_R7_z01_yellow_cell532.png,,,/Users/ashi/github/cm4ai_codefest2025/analysis/cell_crops,B2AI_1_Paclitaxel_A2_R7_z01_yellow_,532,B2AI_1_Paclitaxel_A2_R7_z01_yellow
,/Users/ashi/github/cm4ai_codefest2025/analysis/cell_crops/yellow/B2AI_1_Paclitaxel_A2_R7_z01_yellow_cell533.png,,,/Users/ashi/github/cm4ai_codefest2025/analysis/cell_crops,B2AI_1_Paclitaxel_A2_R7_z01_yellow_,533,B2AI_1_Paclitaxel_A2_R7_z01_yellow
,/Users/ashi/github/cm4ai_codefest2025/analysis/cell_crops/yellow/B2AI_1_Paclitaxel_A2_R7_z01_yellow_cell534.png,,,/Users/ashi/github/cm4ai_codefest2025/analysis/cell_crops,B2AI_1_Paclitaxel_A2_R7_z01_yellow_,534,B2AI_1_Paclitaxel_A2_R7_z01_yellow
,/Users/ashi/github/cm4ai_codefest2025/analysis/cell_crops/yellow/B2AI_1_Paclitaxel_A2_R7_z01_yellow_cell535.png,,,/Users/ashi/github/cm4ai_codefest2025/analysis/cell_crops,B2AI_1_Paclitaxel_A2_R7_z01_yellow_,535,B2AI_1_Paclitaxel_A2_R7_z01_yellow
,/Users/ashi/github/cm4ai_codefest2025/analysis/cell_crops/yellow/B2AI_1_Paclitaxel_A2_R7_z01_yellow_cell536.png,,,/Users/ashi/github/cm4ai_codefest2025/analysis/cell_crops,B2AI_1_Paclitaxel_A2_R7_z01_yellow_,536,B2AI_1_Paclitaxel_A2_R7_z01_yellow
,/Users/ashi/github/cm4ai_codefest2025/analysis/cell_crops/yellow/B2AI_1_Paclitaxel_A2_R7_z01_yellow_cell537.png,,,/Users/ashi/github/cm4ai_codefest2025/analysis/cell_crops,B2AI_1_Paclitaxel_A2_R7_z01_yellow_,537,B2AI_1_Paclitaxel_A2_R7_z01_yellow
,/Users/ashi/github/cm4ai_codefest2025/analysis/cell_crops/yellow/B2AI_1_Paclitaxel_A2_R7_z01_yellow_cell538.png,,,/Users/ashi/github/cm4ai_codefest2025/analysis/cell_crops,B2AI_1_Paclitaxel_A2_R7_z01_yellow_,538,B2AI_1_Paclitaxel_A2_R7_z01_yellow
,/Users/ashi/github/cm4ai_codefest2025/analysis/cell_crops/yellow/B2AI_1_Paclitaxel_A2_R7_z01_yellow_cell539.png,,,/Users/ashi/github/cm4ai_codefest2025/analysis/cell_crops,B2AI_1_Paclitaxel_A2_R7_z01_yellow_,539,B2AI_1_Paclitaxel_A2_R7_z01_yellow
,/Users/ashi/github/cm4ai_codefest2025/analysis/cell_crops/yellow/B2AI_1_Paclitaxel_A2_R7_z01_yellow_cell540.png,,,/Users/ashi/github/cm4ai_codefest2025/analysis/cell_crops,B2AI_1_Paclitaxel_A2_R7_z01_yellow_,540,B2AI_1_Paclitaxel_A2_R7_z01_yellow
,/Users/ashi/github/cm4ai_codefest2025/analysis/cell_crops/yellow/B2AI_1_Paclitaxel_A2_R7_z01_yellow_cell541.png,,,/Users/ashi/github/cm4ai_codefest2025/analysis/cell_crops,B2AI_1_Paclitaxel_A2_R7_z01_yellow_,541,B2AI_1_Paclitaxel_A2_R7_z01_yellow
,/Users/ashi/github/cm4ai_codefest2025/analysis/cell_crops/yellow/B2AI_1_Paclitaxel_A2_R7_z01_yellow_cell542.png,,,/Users/ashi/github/cm4ai_codefest2025/analysis/cell_crops,B2AI_1_Paclitaxel_A2_R7_z01_yellow_,542,B2AI_1_Paclitaxel_A2_R7_z01_yellow
,/Users/ashi/github/cm4ai_codefest2025/analysis/cell_crops/yellow/B2AI_1_Paclitaxel_A2_R7_z01_yellow_cell543.png,,,/Users/ashi/github/cm4ai_codefest2025/analysis/cell_crops,B2AI_1_Paclitaxel_A2_R7_z01_yellow_,543,B2AI_1_Paclitaxel_A2_R7_z01_yellow
,/Users/ashi/github/cm4ai_codefest2025/analysis/cell_crops/yellow/B2AI_1_Paclitaxel_A2_R7_z01_yellow_cell544.png,,,/Users/ashi/github/cm4ai_codefest2025/analysis/cell_crops,B2AI_1_Paclitaxel_A2_R7_z01_yellow_,544,B2AI_1_Paclitaxel_A2_R7_z01_yellow
,/Users/ashi/github/cm4ai_codefest2025/analysis/cell_crops/yellow/B2AI_1_Paclitaxel_A2_R7_z01_yellow_cell545.png,,,/Users/ashi/github/cm4ai_codefest2025/analysis/cell_crops,B2AI_1_Paclitaxel_A2_R7_z01_yellow_,545,B2AI_1_Paclitaxel_A2_R7_z01_yellow
,/Users/ashi/github/cm4ai_codefest2025/analysis/cell_crops/yellow/B2AI_1_Paclitaxel_A2_R7_z01_yellow_cell546.png,,,/Users/ashi/github/cm4ai_codefest2025/analysis/cell_crops,B2AI_1_Paclitaxel_A2_R7_z01_yellow_,546,B2AI_1_Paclitaxel_A2_R7_z01_yellow
,/Users/ashi/github/cm4ai_codefest2025/analysis/cell_crops/yellow/B2AI_1_Paclitaxel_A2_R7_z01_yellow_cell547.png,,,/Users/ashi/github/cm4ai_codefest2025/analysis/cell_crops,B2AI_1_Paclitaxel_A2_R7_z01_yellow_,547,B2AI_1_Paclitaxel_A2_R7_z01_yellow
,/Users/ashi/github/cm4ai_codefest2025/analysis/cell_crops/yellow/B2AI_1_Paclitaxel_A2_R7_z01_yellow_cell548.png,,,/Users/ashi/github/cm4ai_codefest2025/analysis/cell_crops,B2AI_1_Paclitaxel_A2_R7_z01_yellow_,548,B2AI_1_Paclitaxel_A2_R7_z01_yellow
,/Users/ashi/github/cm4ai_codefest2025/analysis/cell_crops/yellow/B2AI_1_Paclitaxel_A2_R7_z01_yellow_cell549.png,,,/Users/ashi/github/cm4ai_codefest2025/analysis/cell_crops,B2AI_1_Paclitaxel_A2_R7_z01_yellow_,549,B2AI_1_Paclitaxel_A2_R7_z01_yellow
,/Users/ashi/github/cm4ai_codefest2025/analysis/cell_crops/yellow/B2AI_1_Paclitaxel_A2_R7_z01_yellow_cell550.png,,,/Users/ashi/github/cm4ai_codefest2025/analysis/cell_crops,B2AI_1_Paclitaxel_A2_R7_z01_yellow_,550,B2AI_1_Paclitaxel_A2_R7_z01_yellow
,/Users/ashi/github/cm4ai_codefest2025/analysis/cell_crops/yellow/B2AI_1_Paclitaxel_A2_R7_z01_yellow_cell551.png,,,/Users/ashi/github/cm4ai_codefest2025/analysis/cell_crops,B2AI_1_Paclitaxel_A2_R7_z01_yellow_,551,B2AI_1_Paclitaxel_A2_R7_z01_yellow
,/Users/ashi/github/cm4ai_codefest2025/analysis/cell_crops/yellow/B2AI_1_Paclitaxel_A2_R7_z01_yellow_cell552.png,,,/Users/ashi/github/cm4ai_codefest2025/analysis/cell_crops,B2AI_1_Paclitaxel_A2_R7_z01_yellow_,552,B2AI_1_Paclitaxel_A2_R7_z01_yellow
,/Users/ashi/github/cm4ai_codefest2025/analysis/cell_crops/yellow/B2AI_1_Paclitaxel_A2_R7_z01_yellow_cell553.png,,,/Users/ashi/github/cm4ai_codefest2025/analysis/cell_crops,B2AI_1_Paclitaxel_A2_R7_z01_yellow_,553,B2AI_1_Paclitaxel_A2_R7_z01_yellow
,/Users/ashi/github/cm4ai_codefest2025/analysis/cell_crops/yellow/B2AI_1_Paclitaxel_A2_R7_z01_yellow_cell554.png,,,/Users/ashi/github/cm4ai_codefest2025/analysis/cell_crops,B2AI_1_Paclitaxel_A2_R7_z01_yellow_,554,B2AI_1_Paclitaxel_A2_R7_z01_yellow
,/Users/ashi/github/cm4ai_codefest2025/analysis/cell_crops/yellow/B2AI_1_Paclitaxel_A2_R7_z01_yellow_cell555.png,,,/Users/ashi/github/cm4ai_codefest2025/analysis/cell_crops,B2AI_1_Paclitaxel_A2_R7_z01_yellow_,555,B2AI_1_Paclitaxel_A2_R7_z01_yellow
,/Users/ashi/github/cm4ai_codefest2025/analysis/cell_crops/yellow/B2AI_1_Paclitaxel_A2_R7_z01_yellow_cell556.png,,,/Users/ashi/github/cm4ai_codefest2025/analysis/cell_crops,B2AI_1_Paclitaxel_A2_R7_z01_yellow_,556,B2AI_1_Paclitaxel_A2_R7_z01_yellow
,/Users/ashi/github/cm4ai_codefest2025/analysis/cell_crops/yellow/B2AI_1_Paclitaxel_A2_R7_z01_yellow_cell557.png,,,/Users/ashi/github/cm4ai_codefest2025/analysis/cell_crops,B2AI_1_Paclitaxel_A2_R7_z01_yellow_,557,B2AI_1_Paclitaxel_A2_R7_z01_yellow
,/Users/ashi/github/cm4ai_codefest2025/analysis/cell_crops/yellow/B2AI_1_Paclitaxel_A2_R7_z01_yellow_cell558.png,,,/Users/ashi/github/cm4ai_codefest2025/analysis/cell_crops,B2AI_1_Paclitaxel_A2_R7_z01_yellow_,558,B2AI_1_Paclitaxel_A2_R7_z01_yellow
,/Users/ashi/github/cm4ai_codefest2025/analysis/cell_crops/yellow/B2AI_1_Paclitaxel_A2_R7_z01_yellow_cell559.png,,,/Users/ashi/github/cm4ai_codefest2025/analysis/cell_crops,B2AI_1_Paclitaxel_A2_R7_z01_yellow_,559,B2AI_1_Paclitaxel_A2_R7_z01_yellow
,/Users/ashi/github/cm4ai_codefest2025/analysis/cell_crops/yellow/B2AI_1_Paclitaxel_A2_R7_z01_yellow_cell560.png,,,/Users/ashi/github/cm4ai_codefest2025/analysis/cell_crops,B2AI_1_Paclitaxel_A2_R7_z01_yellow_,560,B2AI_1_Paclitaxel_A2_R7_z01_yellow
,/Users/ashi/github/cm4ai_codefest2025/analysis/cell_crops/yellow/B2AI_1_Paclitaxel_A2_R7_z01_yellow_cell561.png,,,/Users/ashi/github/cm4ai_codefest2025/analysis/cell_crops,B2AI_1_Paclitaxel_A2_R7_z01_yellow_,561,B2AI_1_Paclitaxel_A2_R7_z01_yellow
,/Users/ashi/github/cm4ai_codefest2025/analysis/cell_crops/yellow/B2AI_1_Paclitaxel_A2_R7_z01_yellow_cell562.png,,,/Users/ashi/github/cm4ai_codefest2025/analysis/cell_crops,B2AI_1_Paclitaxel_A2_R7_z01_yellow_,562,B2AI_1_Paclitaxel_A2_R7_z01_yellow
,/Users/ashi/github/cm4ai_codefest2025/analysis/cell_crops/yellow/B2AI_1_Paclitaxel_A2_R7_z01_yellow_cell563.png,,,/Users/ashi/github/cm4ai_codefest2025/analysis/cell_crops,B2AI_1_Paclitaxel_A2_R7_z01_yellow_,563,B2AI_1_Paclitaxel_A2_R7_z01_yellow
,/Users/ashi/github/cm4ai_codefest2025/analysis/cell_crops/yellow/B2AI_1_Paclitaxel_A2_R7_z01_yellow_cell564.png,,,/Users/ashi/github/cm4ai_codefest2025/analysis/cell_crops,B2AI_1_Paclitaxel_A2_R7_z01_yellow_,564,B2AI_1_Paclitaxel_A2_R7_z01_yellow
,/Users/ashi/github/cm4ai_codefest2025/analysis/cell_crops/yellow/B2AI_1_Paclitaxel_A2_R7_z01_yellow_cell565.png,,,/Users/ashi/github/cm4ai_codefest2025/analysis/cell_crops,B2AI_1_Paclitaxel_A2_R7_z01_yellow_,565,B2AI_1_Paclitaxel_A2_R7_z01_yellow
,/Users/ashi/github/cm4ai_codefest2025/analysis/cell_crops/yellow/B2AI_1_Paclitaxel_A2_R7_z01_yellow_cell566.png,,,/Users/ashi/github/cm4ai_codefest2025/analysis/cell_crops,B2AI_1_Paclitaxel_A2_R7_z01_yellow_,566,B2AI_1_Paclitaxel_A2_R7_z01_yellow
,/Users/ashi/github/cm4ai_codefest2025/analysis/cell_crops/yellow/B2AI_1_Paclitaxel_A2_R7_z01_yellow_cell567.png,,,/Users/ashi/github/cm4ai_codefest2025/analysis/cell_crops,B2AI_1_Paclitaxel_A2_R7_z01_yellow_,567,B2AI_1_Paclitaxel_A2_R7_z01_yellow
,/Users/ashi/github/cm4ai_codefest2025/analysis/cell_crops/yellow/B2AI_1_Paclitaxel_A2_R7_z01_yellow_cell568.png,,,/Users/ashi/github/cm4ai_codefest2025/analysis/cell_crops,B2AI_1_Paclitaxel_A2_R7_z01_yellow_,568,B2AI_1_Paclitaxel_A2_R7_z01_yellow
,/Users/ashi/github/cm4ai_codefest2025/analysis/cell_crops/yellow/B2AI_1_Paclitaxel_A2_R7_z01_yellow_cell569.png,,,/Users/ashi/github/cm4ai_codefest2025/analysis/cell_crops,B2AI_1_Paclitaxel_A2_R7_z01_yellow_,569,B2AI_1_Paclitaxel_A2_R7_z01_yellow
,/Users/ashi/github/cm4ai_codefest2025/analysis/cell_crops/yellow/B2AI_1_Paclitaxel_A2_R7_z01_yellow_cell570.png,,,/Users/ashi/github/cm4ai_codefest2025/analysis/cell_crops,B2AI_1_Paclitaxel_A2_R7_z01_yellow_,570,B2AI_1_Paclitaxel_A2_R7_z01_yellow
,/Users/ashi/github/cm4ai_codefest2025/analysis/cell_crops/yellow/B2AI_1_Paclitaxel_A2_R7_z01_yellow_cell571.png,,,/Users/ashi/github/cm4ai_codefest2025/analysis/cell_crops,B2AI_1_Paclitaxel_A2_R7_z01_yellow_,571,B2AI_1_Paclitaxel_A2_R7_z01_yellow
,/Users/ashi/github/cm4ai_codefest2025/analysis/cell_crops/yellow/B2AI_1_Paclitaxel_A2_R7_z01_yellow_cell572.png,,,/Users/ashi/github/cm4ai_codefest2025/analysis/cell_crops,B2AI_1_Paclitaxel_A2_R7_z01_yellow_,572,B2AI_1_Paclitaxel_A2_R7_z01_yellow
,/Users/ashi/github/cm4ai_codefest2025/analysis/cell_crops/yellow/B2AI_1_Paclitaxel_A2_R7_z01_yellow_cell573.png,,,/Users/ashi/github/cm4ai_codefest2025/analysis/cell_crops,B2AI_1_Paclitaxel_A2_R7_z01_yellow_,573,B2AI_1_Paclitaxel_A2_R7_z01_yellow
,/Users/ashi/github/cm4ai_codefest2025/analysis/cell_crops/yellow/B2AI_1_Paclitaxel_A2_R7_z01_yellow_cell574.png,,,/Users/ashi/github/cm4ai_codefest2025/analysis/cell_crops,B2AI_1_Paclitaxel_A2_R7_z01_yellow_,574,B2AI_1_Paclitaxel_A2_R7_z01_yellow
,/Users/ashi/github/cm4ai_codefest2025/analysis/cell_crops/yellow/B2AI_1_Paclitaxel_A2_R7_z01_yellow_cell575.png,,,/Users/ashi/github/cm4ai_codefest2025/analysis/cell_crops,B2AI_1_Paclitaxel_A2_R7_z01_yellow_,575,B2AI_1_Paclitaxel_A2_R7_z01_yellow
,/Users/ashi/github/cm4ai_codefest2025/analysis/cell_crops/yellow/B2AI_1_Paclitaxel_A2_R7_z01_yellow_cell576.png,,,/Users/ashi/github/cm4ai_codefest2025/analysis/cell_crops,B2AI_1_Paclitaxel_A2_R7_z01_yellow_,576,B2AI_1_Paclitaxel_A2_R7_z01_yellow
,/Users/ashi/github/cm4ai_codefest2025/analysis/cell_crops/yellow/B2AI_1_Paclitaxel_A2_R7_z01_yellow_cell577.png,,,/Users/ashi/github/cm4ai_codefest2025/analysis/cell_crops,B2AI_1_Paclitaxel_A2_R7_z01_yellow_,577,B2AI_1_Paclitaxel_A2_R7_z01_yellow
,/Users/ashi/github/cm4ai_codefest2025/analysis/cell_crops/yellow/B2AI_1_Paclitaxel_A2_R7_z01_yellow_cell578.png,,,/Users/ashi/github/cm4ai_codefest2025/analysis/cell_crops,B2AI_1_Paclitaxel_A2_R7_z01_yellow_,578,B2AI_1_Paclitaxel_A2_R7_z01_yellow
,/Users/ashi/github/cm4ai_codefest2025/analysis/cell_crops/yellow/B2AI_1_Paclitaxel_A2_R7_z01_yellow_cell579.png,,,/Users/ashi/github/cm4ai_codefest2025/analysis/cell_crops,B2AI_1_Paclitaxel_A2_R7_z01_yellow_,579,B2AI_1_Paclitaxel_A2_R7_z01_yellow
,/Users/ashi/github/cm4ai_codefest2025/analysis/cell_crops/yellow/B2AI_1_Paclitaxel_A2_R7_z01_yellow_cell580.png,,,/Users/ashi/github/cm4ai_codefest2025/analysis/cell_crops,B2AI_1_Paclitaxel_A2_R7_z01_yellow_,580,B2AI_1_Paclitaxel_A2_R7_z01_yellow
,/Users/ashi/github/cm4ai_codefest2025/analysis/cell_crops/yellow/B2AI_1_Paclitaxel_A2_R7_z01_yellow_cell581.png,,,/Users/ashi/github/cm4ai_codefest2025/analysis/cell_crops,B2AI_1_Paclitaxel_A2_R7_z01_yellow_,581,B2AI_1_Paclitaxel_A2_R7_z01_yellow
,/Users/ashi/github/cm4ai_codefest2025/analysis/cell_crops/yellow/B2AI_1_Paclitaxel_A2_R7_z01_yellow_cell582.png,,,/Users/ashi/github/cm4ai_codefest2025/analysis/cell_crops,B2AI_1_Paclitaxel_A2_R7_z01_yellow_,582,B2AI_1_Paclitaxel_A2_R7_z01_yellow
,/Users/ashi/github/cm4ai_codefest2025/analysis/cell_crops/yellow/B2AI_1_Paclitaxel_A2_R7_z01_yellow_cell583.png,,,/Users/ashi/github/cm4ai_codefest2025/analysis/cell_crops,B2AI_1_Paclitaxel_A2_R7_z01_yellow_,583,B2AI_1_Paclitaxel_A2_R7_z01_yellow
,/Users/ashi/github/cm4ai_codefest2025/analysis/cell_crops/yellow/B2AI_1_Paclitaxel_A2_R7_z01_yellow_cell584.png,,,/Users/ashi/github/cm4ai_codefest2025/analysis/cell_crops,B2AI_1_Paclitaxel_A2_R7_z01_yellow_,584,B2AI_1_Paclitaxel_A2_R7_z01_yellow
,/Users/ashi/github/cm4ai_codefest2025/analysis/cell_crops/yellow/B2AI_1_Paclitaxel_A2_R7_z01_yellow_cell585.png,,,/Users/ashi/github/cm4ai_codefest2025/analysis/cell_crops,B2AI_1_Paclitaxel_A2_R7_z01_yellow_,585,B2AI_1_Paclitaxel_A2_R7_z01_yellow
,/Users/ashi/github/cm4ai_codefest2025/analysis/cell_crops/yellow/B2AI_1_Paclitaxel_A2_R7_z01_yellow_cell586.png,,,/Users/ashi/github/cm4ai_codefest2025/analysis/cell_crops,B2AI_1_Paclitaxel_A2_R7_z01_yellow_,586,B2AI_1_Paclitaxel_A2_R7_z01_yellow
,/Users/ashi/github/cm4ai_codefest2025/analysis/cell_crops/yellow/B2AI_1_Paclitaxel_A2_R7_z01_yellow_cell587.png,,,/Users/ashi/github/cm4ai_codefest2025/analysis/cell_crops,B2AI_1_Paclitaxel_A2_R7_z01_yellow_,587,B2AI_1_Paclitaxel_A2_R7_z01_yellow
,/Users/ashi/github/cm4ai_codefest2025/analysis/cell_crops/yellow/B2AI_1_Paclitaxel_A2_R7_z01_yellow_cell588.png,,,/Users/ashi/github/cm4ai_codefest2025/analysis/cell_crops,B2AI_1_Paclitaxel_A2_R7_z01_yellow_,588,B2AI_1_Paclitaxel_A2_R7_z01_yellow
,/Users/ashi/github/cm4ai_codefest2025/analysis/cell_crops/yellow/B2AI_1_Paclitaxel_A2_R7_z01_yellow_cell589.png,,,/Users/ashi/github/cm4ai_codefest2025/analysis/cell_crops,B2AI_1_Paclitaxel_A2_R7_z01_yellow_,589,B2AI_1_Paclitaxel_A2_R7_z01_yellow
,/Users/ashi/github/cm4ai_codefest2025/analysis/cell_crops/yellow/B2AI_1_Paclitaxel_A2_R7_z01_yellow_cell590.png,,,/Users/ashi/github/cm4ai_codefest2025/analysis/cell_crops,B2AI_1_Paclitaxel_A2_R7_z01_yellow_,590,B2AI_1_Paclitaxel_A2_R7_z01_yellow
,/Users/ashi/github/cm4ai_codefest2025/analysis/cell_crops/yellow/B2AI_1_Paclitaxel_A2_R7_z01_yellow_cell591.png,,,/Users/ashi/github/cm4ai_codefest2025/analysis/cell_crops,B2AI_1_Paclitaxel_A2_R7_z01_yellow_,591,B2AI_1_Paclitaxel_A2_R7_z01_yellow
,/Users/ashi/github/cm4ai_codefest2025/analysis/cell_crops/yellow/B2AI_1_Paclitaxel_A2_R7_z01_yellow_cell592.png,,,/Users/ashi/github/cm4ai_codefest2025/analysis/cell_crops,B2AI_1_Paclitaxel_A2_R7_z01_yellow_,592,B2AI_1_Paclitaxel_A2_R7_z01_yellow
,/Users/ashi/github/cm4ai_codefest2025/analysis/cell_crops/yellow/B2AI_1_Paclitaxel_A2_R7_z01_yellow_cell593.png,,,/Users/ashi/github/cm4ai_codefest2025/analysis/cell_crops,B2AI_1_Paclitaxel_A2_R7_z01_yellow_,593,B2AI_1_Paclitaxel_A2_R7_z01_yellow
,/Users/ashi/github/cm4ai_codefest2025/analysis/cell_crops/yellow/B2AI_1_Paclitaxel_A2_R7_z01_yellow_cell594.png,,,/Users/ashi/github/cm4ai_codefest2025/analysis/cell_crops,B2AI_1_Paclitaxel_A2_R7_z01_yellow_,594,B2AI_1_Paclitaxel_A2_R7_z01_yellow
,/Users/ashi/github/cm4ai_codefest2025/analysis/cell_crops/yellow/B2AI_1_Paclitaxel_A2_R7_z01_yellow_cell595.png,,,/Users/ashi/github/cm4ai_codefest2025/analysis/cell_crops,B2AI_1_Paclitaxel_A2_R7_z01_yellow_,595,B2AI_1_Paclitaxel_A2_R7_z01_yellow
,/Users/ashi/github/cm4ai_codefest2025/analysis/cell_crops/yellow/B2AI_1_Paclitaxel_A2_R7_z01_yellow_cell596.png,,,/Users/ashi/github/cm4ai_codefest2025/analysis/cell_crops,B2AI_1_Paclitaxel_A2_R7_z01_yellow_,596,B2AI_1_Paclitaxel_A2_R7_z01_yellow
,/Users/ashi/github/cm4ai_codefest2025/analysis/cell_crops/yellow/B2AI_1_Paclitaxel_A2_R7_z01_yellow_cell597.png,,,/Users/ashi/github/cm4ai_codefest2025/analysis/cell_crops,B2AI_1_Paclitaxel_A2_R7_z01_yellow_,597,B2AI_1_Paclitaxel_A2_R7_z01_yellow
,/Users/ashi/github/cm4ai_codefest2025/analysis/cell_crops/yellow/B2AI_1_Paclitaxel_A2_R7_z01_yellow_cell598.png,,,/Users/ashi/github/cm4ai_codefest2025/analysis/cell_crops,B2AI_1_Paclitaxel_A2_R7_z01_yellow_,598,B2AI_1_Paclitaxel_A2_R7_z01_yellow
